:020000040100F9
:10000000108200218D7E0101D9010201797E01015A
:10001000797E0101797E0101797E010100000000F5
:100020000000000000000000000000005D7F0101F2
:10003000797E01010000000039810101797E010112
:10004000B1810101B1810101B1810101B1810101E0
:10005000B1810101B1810101B1810101B1810101D0
:1000600091060201B1810101B1810101B18101015A
:10007000A7060201B1810101B1810101B181010134
:10008000B1810101BD060201B1810101B18101010E
:10009000B1810101B1810101B1810101B181010190
:1000A000B1810101B1810101B1810101B181010180
:0800B000B1810101B1810101E0
:1000B800054B00221B78826001330260034A4260CC
:1000C800C371FF2303727047F80200218001080002
:1000D800064A074B02604FF424729B7882800822FC
:1000E800C371002382710372704700BFD966010192
:1000F800F8020021064A074B02604FF44272DB788F
:1001080082800822C371002382710372704700BF86
:100118001B640101F8020021064A074B02604FF4F4
:10012800B072DB7A82800822C371FF238271037266
:10013800704700BFCB5D0101F80200212DE9F341B2
:10014800C41D0028064624F007040CBF00202046E2
:1001580000F03AFC071E04DA6FF00B0002B0BDE8AD
:10016800F081374DE988A88803316B7A03302A7A01
:1001780089B280B212F08DFC0028EDDB3C44A978EE
:10018800EB78002E04F10304194424F0030400FB67
:1001980001F10CBF0020204600F09CFD20440EB960
:1001A8000028D9DBEA7A0446B2B1EB7B697C1344B8
:1001B8001944FF29D0D80330002EAA89C9B220F0EB
:1001C80003040CBF0020204600F0F6FD0028C3DB26
:1001D80004440EB9002CBFDB012000F0EBFBB0B1EA
:1001E800A97BA1B195F82A3033B340234FF481722B
:1001F8000734002E24F007040CBF0020204603F02B
:10020800EFFE0028A8DB04440EB9002CA4DBAB7A6F
:10021800FBB1EB7AB3B10734002EA97A24F00704B6
:100228000CBF0020204608F0B3FD002894DB0444EE
:100238007EB9002C0DDA8FE725232822D8E700BFE6
:10024800F8020021012000F0B5FB10B1AB7B002BB8
:10025800E1D1734B1B6893B1A97D81B10334002EA2
:10026800EA7D24F003040CBF0020204698470028AC
:10027800FFF672AF044416B9002CFFF66DAF694B58
:100288001B688BB1297C79B10334002E24F0030458
:100298000CBF0020204698470028FFF65DAF0444B5
:1002A80016B9002CFFF658AF5F4B1F68B7B1697CD1
:1002B800A1B10334002E2B7D24F0030408BF0020D5
:1002C800009318BF2046EB7CAA7CB8470028FFF6AD
:1002D80043AF044416B9002CFFF63EAF072000F0E8
:1002E80069FB98B1A97D89B10334002E2A7E24F0D8
:1002F80003040CBF0020204600F04CFE0028FFF647
:100308002BAF044416B9002CFFF626AFB6FA86F7D1
:1003180095F823007F09A0B103346B7FA97E24F0F0
:10032800070419443B4644F00404C9B2224600F0CD
:1003380071FE0028FFF610AF044416B9002CFFF632
:100348000BAF95F8241000294CD004F10708002EB3
:10035800EA8C28F007080CBF0020404612F0ADFBDD
:10036800041EFFF6F9AE4444002E3ED1002CFFF6E1
:10037800F3AEA97F002945D095F82230002B41D053
:100388002A8C0734002E02F1240224F007080CBF3F
:100398000020404692B212F090FB0028FFF6DCAE37
:1003A800404416B90028FFF6D7AE03302B7FA97E4C
:1003B80020F0070019443B4640F0040495F8220059
:1003C800C9B2224600F018FE0028FFF6C5AE044464
:1003D80086B9002CFFF6C0AEEB6AF3B1C6B1EC6289
:1003E8000020BBE6002EC4D08846E98C40460EF0BB
:1003F80035FFBEE72A8C4046A97F083292B20EF03C
:1004080033FFE9E7002EE7D0002211461046F6E751
:1004180028343FF5A1AE2046A0E6002EE0D1FAE749
:10042800DC0F0021E00F0021E40F00211FB572B698
:10043800194B1C6BECB9BFF34F8F1849184BCA689E
:1004480002F4E0621343CB60BFF34F8F00BFFDE7B8
:10045800B2FBF6F22B465D1C002AF9D1DBB203F1A0
:1004680010056D4405F80C2C0A2233B901A8A047E1
:10047800E1E7024600230A26EDE7013BDBB203F180
:1004880010050DEB0506B0FBF2F502FB1500303048
:1004980006F80C0C2846E8E7F802002100ED00E019
:1004A8000400FA0513B5124C68462389ADF80030EC
:1004B800E388ADF80430A388ADF8023006F050FCAC
:1004C80018B1FA219C20FFF7B1FF207D06F09EFCB1
:1004D80008B1FD21F6E7E07C06F092FC08B1FE21A8
:1004E800F0E794F828000DF0D9F802B010BD00BF6D
:1004F800F802002138B5054600283DD011F0E6FA8B
:1005080010B94FF0FF3038BD0FF06EFAB0F5FA7F32
:10051800F7D81B4C002125631B2504F10F0084F834
:1005280034102A46217084F82A10E16211F044FD43
:100538000123032108200222A370E370E372A3744D
:100548002376F72321722384FB23A0721F20A17333
:100558004921E3840A23A580E5806272A081E174C1
:10056800E27584F82830EFF3108472B600F062FD6B
:1005780004B962B60020C6E76FF01500C3E700BFF4
:10058800F802002138B51446002840F0C480634DB5
:1005980095F83430032B00F0BB80B9B112B96FF075
:1005A800150038BD0139172900F2B580DFE801F0E0
:1005B8000C1D20366069873C6C6F814248565B8D04
:1005C800909FA2A596B3B3A81378AB700020FFF74D
:1005D800B5FD0028B7BF012302236FF00B0085F893
:1005E8003430A8BF85F83430DBE71378EB70EDE7DB
:1005F8001379002BD3D05379002BD0D01288FB2A43
:10060800CDD863881B3B9BB2E02BC8D81A2AC6D921
:100618002368A2886B60424B9A80D7E71378EA7BFD
:100628009342BCD3EB72D1E71378EA7A9342B6D8F7
:10063800EB73CBE71378EA7A9342B0D86B74C5E7CB
:100648001378002BABD05378013BDBB2F82BA6D83C
:10065800138892786B82334B9A70B7E71078687575
:100668000CF0DAFFB2E71378002B98D02B76ADE7C1
:10067800012000F09FF9237808B1012B8FD9AB73C3
:10068800A4E71388AB81A1E71378AB759EE7072031
:1006980000F090F910B92378012B80D9072000F0D9
:1006A80089F918B12378002B3FF479AF2378EB75DB
:1006B8008CE71378082B3FF672AF2B7486E7138804
:1006C800FF2B3FF66CAFAB7280E713786B767DE754
:1006D80013780E2B3FF663AFAB7677E72368124AA1
:1006E800C5F81E3063685360238913816EE7137859
:1006F800EB766BE713786B7768E713782B7765E70A
:1007080013785A1E092A3FF64AAF85F828305DE764
:100718004FF0FF3045E76FF02C0042E7F802002168
:10072800FC0200210A03002116030021F8B50D463A
:10073800064630B329B311F0070422D1124F97F8B7
:100748003430012B02D16FF00B00F8BD032B02D11E
:100758004FF0FF30F9E700F0A9FC0028F8D0284650
:10076800FFF7ECFC0028EEDB0CF09EFF3046F96A40
:1007780006F0BEFBFFF796FE0323204687F83430C9
:10078800E3E76FF01500E0E7F802002110B5074C29
:1007980094F83430032B03D106F0C2FB07F060FB5A
:1007A80012F0CEFA002084F8340010BDF8020021BF
:1007B80008B506F049FB03490320BDE8084000F0EE
:1007C800F1B800BF2101000108B506F051FB03494B
:1007D8000220BDE8084000F0E5B800BFFD000001B8
:1007E80008B506F067FB0549012000F0DBF804496D
:1007F8000020BDE8084000F0D5B800BFB9000001EE
:10080800D9000001074B4FF0FF3141F6FF72C3E9F1
:10081800001205490022C1E900221F21C3E9021282
:10082800704700BF00000021300300213F280CD88A
:1008380001380B4BC0F3421200F01F0053F822306E
:1008480023FA00F000F001007047FF2806D0403876
:10085800044BC0F3421200F01F00EFE7012070477D
:100868000000002130030021074B01460068496859
:100878001A4603C240F48C2200201A6041F010721C
:1008880042F4FF625A607047000000210246034BA1
:100898000068516803C30020704700BF300300217F
:1008A8000246034B0068516803C30020704700BF2D
:1008B800080000210138064BC0F3421200F01F0067
:1008C80003EB82039B6823FA00F000F001007047F5
:1008D800000000210A8870B595B2C67CC2F30E02EA
:1008E8000488023602F118033444C35AA4B23344CC
:1008F8002344013BB3FBF4F303FB0422438892B285
:100908009342044B8BBF2B40AB4313439BB20B80EA
:1009180070BD00BF0080FFFF4A1E062A08B50346C7
:10092800084604D84FF4D1711520FFF77FFD094A16
:10093800914202D940F2A311F6E711B903B1196047
:1009480008BD2BB11B680022C3E901211A1D1A60DA
:100958000430F5E7FAFFFF7F10B5114B00EB4104B7
:100968001A786389B3FBF2F303FB0223013A1A44B2
:10097800B2F5706F0279807828BF00231A440B18EB
:10098800B2FBF0F100FB11215B1AB3FBF0F100FBA5
:10099800113313446FEA43436FEA5343638110BD35
:1009A80038030021024B03EB80035960704700BFF6
:1009B80038030021034B03EB80035868003818BF45
:1009C80001207047380300212DE9F04F10F0070A85
:1009D80085B0054604D040F26F111720FFF726FDB9
:1009E800534F04464FF0010B07F14C06B146B04691
:1009F80057F8043B8DF80BA03BB101A898479DF828
:100A08000A30082B01D9F521E7E79DF80B1041BB07
:100A180005B131604F4506F10406E9D1002D6FD0CC
:100A28000022DFF810911227964689F8002058F81E
:100A380027A0013FBAF1000F55D09AF804609AF840
:100A480002C0FF2E60D039460023481C38D19C4490
:100A5800BCF1FF0F3FD90AB189F800E04FF49A7151
:100A6800BBE79DF80AC04B1D60465A0004EB4303E0
:100A7800022838BF0220441E40422344BDF80840E3
:100A88006444CCF1000C0340013C04EA0C04B4F5C6
:100A9800803F02D340F205119FE775B19A1A326080
:100AA8009170148082F803B09DF80C0010710198C1
:100AB8004FEA104C1081A2F806C004FB0134A9E7E4
:100AC80058F8210028B190F804B0B34504BF8078E5
:100AD8001B180139B9E7DBB2E6458AF804303CBF98
:100AE8005FFA8CFE01227B1CA1D10AB189F800E0D3
:100AF800122640F6FF6A58F82670B7B9013EFAD2B6
:100B0800601B05B0BDE8F08F0023E5E707EB410364
:100B180009F101093846A3F80AA0FFF71DFF5FFA9B
:100B280089F1BB788B42F1D8E8E74FF00009F6E786
:100B38003C0300213803002138B54FF6FF73024605
:100B48000380184B03EB8103186DA8B184780379EF
:100B5800B3FBF4F104FB1133DBB2194600EB41059A
:100B6800B5F90A50002D0EDB0131B1FBF4F504FB99
:100B78001511C9B28B42F1D1002038BD6381BDE89F
:100B8800384011F062BF00EB41046389C3F30E03E0
:100B98001380C278002AF1D14FF4E5711720FFF7CE
:100BA80045FC00BF380300211C4B03EB810370B5E3
:100BB8001C6D054644B3030404D54FF4EC711720AB
:100BC800FFF734FC0146204611F022FFFF280146BA
:100BD80004D02046BDE8704011F037BFA078B5FBBF
:100BE800F0F300FB1353DBB219460A1D04EB42066F
:100BF800B6F90260002E09DB0131B1FBF0F200FB0F
:100C08001211C9B28B42F0D1002070BD8B4201D0C5
:100C18000023E37004EB42025580DAE73803002131
:100C2800094B03EB8103014610B51C6D204611F0FA
:100C3800EFFEFF28014604D02046BDE8104011F021
:100C480004BF002010BD00BF38030021F8B5104BC9
:100C5800074603EB810301461C6D204611F0D8FEC0
:100C6800FF28054611D0E288238953EA024606D0B8
:100C78000146204611F0E9FE01463846B0472046B5
:100C88002946FFF769FE0020F8BD0520FCE700BFF4
:100C98003803002138B50E4B0446827903EB8203F2
:100CA800186D08B9052038BD8278E1799142F9D2EA
:100CB8004B1CE37100EB41035D89B3F90A30002B4B
:100CC800F3DBA58011F0C1FE20600020EBE700BF38
:100CD8003803002170B5044610F003000E4603D017
:100CE8004E211820FFF7A2FBFFF716FE054624B198
:100CF800034831460460FFF70FFE284670BD00BF69
:100D0800D40300212DE9F14FDFF870B01E460746E5
:100D18000D46DBF8003090469DF828A09DF82C90F1
:100D28001BB960211820FFF781FB52460921404674
:100D380011F0F2FC4A4684B20921304611F0ECFC6D
:100D480081B2DBF80000214411F036FE386018B992
:100D5800286001B0BDE8F08F04445346414609229B
:100D68002C60386811F09BFC4B46092231462868F4
:100D780001B0BDE8F04F11F092BC00BFD4030021D0
:100D880070B50E46044611F0DAFC0546304611F0FF
:100D9800D6FC044B2A1821461868BDE8704011F0AB
:100DA80030BE00BFD4030021024B186808B111F00F
:100DB800F7BD7047D40300211F2AF8B5044613462F
:100DC8000ED89200033222F00303B3F5803F2DD2F0
:100DD800184DACB1A00710D068210920FFF726FBF9
:100DE800FF2B4FEA420204D9FF339A42A8BF1A46A2
:100DF800E8E77C2AB8BF7C22E4E729706C602B8185
:100E080022F0030228230127120403FB01F06B6878
:100E18000025120CEEB2B14200D8F8BD14B1261864
:100E28001F705E60104401352833F3E74FF0FF3040
:100E3800F3E700BFD8030021154A002170B55368B5
:100E48001578C8B2854203D8BA210920FFF7EEFA0F
:100E58001C461846013114F8286B0EB92346F0E7F2
:100E68000021997001241289996103F126055C70AB
:100E78009208D96103F11E04596824F8022FA5428B
:100E880043F8041F1144F8D100234361037070BD77
:100E9800D80300210A4B1B89B3F5FF7F4FEA930063
:100EA80006D25A089B1A9BB2984238BF1846704718
:100EB800B3F5EE6F01D8FF22F4E740F27263F3E76F
:100EC800D80300214B782DE9F04106460C4602F084
:100ED800040702F0FB05E3B1A5BBFF23A3707B0861
:100EE80004EB57073A7D032A02D1022D18BF0133BC
:100EF800E2180121117503F10C01002204EB8303B0
:100F080024F811205B68A27030463360B280BDE8D7
:100F1800F081002DE1D1012301F11E028D612046EF
:100F28004B7004F1260C1A4BCD611B8949689B084C
:100F380022F8023F944540F8041F1944F8D10023D1
:100F48006361CAE7D1F8048014220021A0186170F7
:100F580011F032F80E4B1B89B3F5FF7F0FD25A08F8
:100F68009B1A9BB208EB0301C4F804802384A16098
:100F78006284C4F80C80A3842161E284ADE7B3F5F0
:100F8800EE6F4FF0FF02EBD940F27263EAE700BF61
:100F9800D80300212DE9F84305460C46F720052122
:100FA800914611F0B9FB061E21DB1DB906FB04F0C2
:100FB800BDE8F88315F0030703D098211920FFF73F
:100FC80035FADFF83080C8F81050A8F81460BBB2C2
:100FD8009C42EBD9B8F814504B46D8F810000522BB
:100FE800F72107FB0500013711F059FBEFE74FF038
:100FF800FF30DDE7EC03002107B5CDE900230B4600
:1010080003490246081D11F075FE03B05DF804FBA4
:101018000404002113B5064CCDE900230B46024613
:1010280004F1080104F10C0011F064FE02B010BDD7
:1010380004040021144B012200214FF0FF309A6074
:10104800C3F80012C3F80803C3F80015C3F8042551
:101058009A60C3F808034FF48040C3F80015C3F83A
:10106800042503F5805341F6F8720849C3F80825AA
:10107800C1F88000BFF34F8FBFF36F8FC1F88001B5
:10108800C3F80825704700BF00E0004100E100E018
:1010980002680020014B1A60704700BF1404002149
:1010A800014B1B68184700BF14040021024B186845
:1010B800003818BF01207047140400218C469B2279
:1010C800064B00B50CF8032B8E4607CBCEF8030071
:1010D800CCF80410CCF808205DF804FB24040021A7
:1010E8002DE9F0411C4E044600F00107736A93F89D
:1010F800A850B5F1000818BF4FF001081DB117B18D
:10110800338D1A0714D4012916D8F36A2046984754
:1011180090B196F830307BB98DB987B1308D58B918
:1011280096F831304BB996F8320080F0010004E0AF
:1011380096F82A30002BE6D00120BDE8F08184F033
:10114800010010EA0800F8D0308D8307E7D596F83B
:101158002A0080F00100F0E71804002110B5154CB2
:101168000DF006FC0DF01AFF0021A36BA08E984726
:10117800237E93B9A18E606A07F0B2FF636AB3F861
:10118800AA0007F0BBFD236C94F8301094F83C00DB
:101198009847002384F8443010BD94E8070004F110
:1011A8000C0383E80700044904F1190013F043FD18
:1011B800E0E700BF18040021C5100001034B93F8B5
:1011C800443003B97047FFF7C9BF00BF18040021B6
:1011D80008B5094B93F84420022A07D1DA7A42F07D
:1011E8000102DA72BDE80840FFF7B8BF40F2573194
:1011F8002720FFF71BF900BF180400211E4910B46F
:101208008C6C42782378D20003F0F30302F00802D2
:1012180013438278920002F004021343C278120149
:1012280003F0EC0302F010021343027802F0030209
:10123800134302222370B1F854306370A1F84C2094
:101248008C6C007923784201012823F0200302F0F6
:10125800200243EA020323700CD14B6A93F8BA20A8
:1012680093F8BB30032A03F01F0308BF002243EAA8
:101278008213A37010BC704718040021F0B5194CF4
:1012880083B0A56D4DB3636E3BB3B4F8683001F01D
:1012980003012F4606466B702B7823F003030B439C
:1012A80007F8033B3846B4F86820616E10F030FF49
:1012B8000DF1020201A9E06EE565676611F066FBB3
:1012C800019811F051FB0346B4F868100122E06E52
:1012D800336011F0F4FA03B0F0BD40F6C4012720E2
:1012E800FFF7A4F818040021F8B5244C4FF48173D3
:1012F8000646656AA4F860302A7D94F87430276F32
:1013080003EB820095F82111E765FF2804D11EB987
:1013180095F820318B4216D00CF0DAFD2B7D3BB3CB
:10132800A06F0DF07DF9A16FE06D0DF0FDFD8EB1A0
:10133800B5F8E0000CF084FD00200DF0DBFA022384
:1013480084F84430F8BD002AEAD138460DF068F92F
:101358000DF024FE95F82131B5F8E420033B012B6C
:101368008CBF00202820104480B20DF0F3F9DFE78D
:10137800E06D0DF055F90DF011FED8E718040021C5
:101388002DE9F04FC24C87B0666A94F87430327D0C
:1013980096F8201103EB8203FF2B05D120B996F8AC
:1013A80021318B4200F0F080FF200CF091FD676A3C
:1013B80000233A7A04938DF80930ADF80A308DF895
:1013C8001430062A00F21481DFE812F07B00E000F6
:1013D800610061001201070007000DF10A0103A86E
:1013E80005F0F0FF002800F0EF80039D002D00F0CD
:1013F800EB800122062384F87D20BDF80A203B7289
:10140800002A5CD0E91CA4F85420022B2165B7F807
:101418000920A564ADF811206AD0053B012B66D8D8
:101428000B780322022B8DF8102000F0A080D4F84E
:10143800800011F003FA0546002840F0C080236DB3
:101448001B781B2B00F0E48000238DF8143004A8CF
:10145800F37C84F8315023B1B4F85430002B40F0B9
:101468008980FFF7CBFEA06C0DF0DAF80DF096FD41
:10147800B6F8E2000CF0E4FC01200DF03BFA012381
:1014880084F8873084F8443007B0BDE8F08FB7F8A7
:1014980010310DF109020DF10A01D4F88000ADF800
:1014A8000A3011F073F90546002800F0FF80012387
:1014B800BDF80A2084F87D303B7A002AA2D1114673
:1014C800A1E794F87C3003A80DF10A01A7F81031C0
:1014D800ADF80A3005F076FFE0B1039DD5B10122E1
:1014E800052384F87D203B72BDF80A2088E7012394
:1014F8008DF81030D4F8800011F0A0F905460028C6
:1015080058D105F079FF2B4680F00105EDB28DF832
:1015180013509AE7636A93F85180B8F1000F58D1D5
:101528000DF10A010DF10902D4F8800011F02EF92D
:10153800054600284DD09DF809A0BAF1000F6ED1DC
:10154800BDF80A30002B58D10123A5643B7284F8FA
:101558007D300023A4F854302365B7F80930ADF87E
:10156800113001238DF81030B8F1000FC2D00025DA
:101578002B466AE7FFF742FEA06F0DF051F8A16C09
:10158800A06F0DF095FC73E7374611E7414B012238
:10159800D4F88000A36400238DF81020A4F85430F8
:1015A8002365B7F80930ADF8113011F047F9054651
:1015B8000028A6D001238DF81330002345E7012326
:1015C8008DF81330236D3BE740F2D2512720FEF708
:1015D8002DFF4FF00008012200233A722D4AADF882
:1015E8000A30A4F854302365A264B7F80930B6E786
:1015F80040F2DC512720FEF719FF002301222B803F
:10160800AB70032384F87D203B72BDF80A20F7E60F
:1016180007F1BA0001210CF09DFC012315E70146F2
:10162800D4F8800011F09CF911F09EF90368D0F805
:1016380004B0814653EA0B022ED10023BDF80A20DC
:1016480089F8003089F8013089F8023089F80330C8
:1016580089F8043089F8053089F8063089F80730A8
:10166800002A3FF471AF9DF809100029C5D02978E8
:1016780001F00301012906D00121BB75022384F87A
:101688007D103B72BEE6032384F87D103B72B9E6F9
:10169800180400219C04002101930EF073FB019BA8
:1016A80083427BEB0101C8D2D04694E740F2C35194
:1016B8002720FEF7BBFE00BF2DE9F04F0023AD4CFD
:1016C8008BB0656ACDE9083394F84430022B40F0BA
:1016D8004782E36D03220E46074693F8009005F112
:1016E800A80A5978134409EA020B4FEA2918A4F802
:1016F80060206366A4F86810002800F0C180002903
:1017080040F072816B7AA28E0133A16542F40072B7
:10171800DBB2A28683EA990111F0010140F0EA8068
:101728002A7AA2B1032A6B7200F2A781012A0ED08D
:1017380008A9D4F8800011F04BF8002800F01A82AC
:101748002B6F01332B676B6F43F100036B6700212D
:10175800636A297293F8A8304BB16B793BB1238D3A
:101768001020697143F010032385A36B9847A38E5B
:10177800C9F3C00943F40063A386002307932B7DB4
:10178800002B40F0BE80AB7A03F00102914500F0D7
:101798001681A36D002B00F0C78008F0010884F8BB
:1017A8003280002E40F0F580079E4FF0000994F833
:1017B8008A100120FFF794FC8046002840F0CC8175
:1017C800EB7C002B40F02B81002095F82021B5F808
:1017D800E0100CF069FD0020FFF7D2FDB8F1000F12
:1017E80003D0594609A8FFF749FDA38E5A0607D426
:1017F800A36B002140209847A38E43F04003A386A3
:1018080066B1EB882BB9636A93F8A830002B40F0D7
:10181800CE80B4F809300133A4F80930002F00F065
:10182800C080B4F805300022013384F88A20A4F877
:101838000530514807F050FA089830B111F094F883
:1018480000220272514606F033FC099B33B1002294
:101858001A720C225146099806F0F8FBB9F1000FEC
:1018680040F08380A38E1B0607D4A36B49468020D3
:101878009847A38E43F08003A3860BB0BDE8F08F92
:101888002B7D002B40F0B58094F88A30013384F822
:101898008A30A38E43F48063A38695F82131033BF5
:1018A800012B16D906F028FC98B9A36D002B00F07F
:1018B800F58008F0010884F83280002E3FF475AFF7
:1018C8000DF056F8A38E5B0669D400264FF0010987
:1018D8008EE70CF0CBFA0328A36D00F08D80002B67
:1018E80000F0DC8008F0010884F83280002EE7D18F
:1018F800B1465CE72B7DC9F3C0090797002B3FF47D
:1019080042AFB4F86830F3B9AB7A03F001029145FD
:101918007FF43FAF0133BBF1030FAB7200F0C3801C
:10192800A26D002A7FF439AF4FF00009B4F868308F
:10193800002B14BF4FF0000808F0010884F832802B
:101948003EBB079E33E70DF051FB0328FBD002286E
:101958000BD000287FF417AFAB7A03F00103994549
:101968007FF417AF012384F83C30FFF7F7FB0BB087
:10197800BDE8F08F180400213C040021002A14BFA0
:101988004FF0000808F0010884F83280002E3FF478
:101998000BAF0CF0EDFF079E4FF0010925E74FF064
:1019A8000109B4F807300133A4F8073041E7B4F867
:1019B8000530B4F8072013433FF430AF29E7B4F8F3
:1019C8006820002AA6D00BF1FF32012A7BD9013307
:1019D800BBF1030FAB7266D0AB6F0133AB67EB6F34
:1019E80043F10003EB67D4E6E06E10F048FF0146D0
:1019F80088E60DF03BFB47E7B4F86890B9F11B0F98
:101A080094BF4FF000094FF00109002B59D008F09E
:101A1800010884F83280002E3FF4C9AE50E7636AAB
:101A280005F1800195F82A0105F1900C93F8A8209A
:101A380095F820318000B2FA82F20791013B5FFAF3
:101A480080FE5209DBB2032BD5E91C0100F2A78006
:101A580003930B4605F18001CDE9002C02464FF0B7
:101A6800000C70464FF0010ECDE904CE4FF0FB0C90
:101A7800CDF808C00DF08CF9A6E6053A012A74D80D
:101A8800079105F0ADFC0799002878D0238D082030
:101A980043F008032385A36B984751E64FF00009EC
:101AA800CDF81C9042E7A38E01203F4943F48053B0
:101AB8002871A386238D43F001032385A36B9847E0
:101AC8008AE7079332E7A38E95F8149043F480537E
:101AD800A3860CF0CBF9032894F8883007D1B9F124
:101AE800000F0CBF1F221B22934228BF1346B4F8D5
:101AF8006820A16D9A421CD800293FF43FAF94F8A2
:101B0800893003BBAB6F08F00108013384F83280D9
:101B1800AB67AB7A03F10103AB72EB6F43F10003E0
:101B2800EB678EB30CF024FF594609A8FFF7A6FB14
:101B380031E794F8303043F0100384F8303000294E
:101B48007FF42BAEF0E6A36B002120209847A36D0D
:101B5800002B7FF422AEE7E60CF00AFF07961AE79F
:101B680040F6AD112720FEF761FC40F2B371272043
:101B7800FEF75CFC40F2D4712720FEF757FC40F2D8
:101B8800DE712720FEF752FC94F88A100120FFF737
:101B9800A7FA81460028C5D1079EB84610E640F24C
:101BA80025410620FEF742FC7C0400212DE9F04186
:101BB800404C86B094F84430012B70D1666A5FFAC5
:101BC80083F805460F46337903BB337A052B30D0AB
:101BD800012F16D1ADB929462846FFF781FA80B9F9
:101BE800337D676A002B3BD197F821210120B7F894
:101BF800E2100CF059FB002006B0BDE8F041FFF7F9
:101C080073BB06B0BDE8F041FFF7A8BA238D0021E9
:101C1800042043F0040331712385A36B9847636A5A
:101C280093F8A830002BD0D0337A86F80580052B9E
:101C3800CED1238D0220204943F002032385A36BD4
:101C48009847636A93F8A830002BC1D0236D1B789E
:101C5800A3F10203B3FA83F35B0984F82A30B7E7E8
:101C680097F8213106F1800C94F874209036013BE6
:101C780097F8A840DBB2003C18BF0124032B56E9B3
:101C8800060111D80094CDE9016202460120CDE990
:101C9800033505900B4661460DF07AF8A4E740F647
:101CA8000C112720FEF7C2FB40F225410620FEF763
:101CB800BDFB00BF180400216804002110B50C4CBE
:101CC8000C4A0D4994F84430116023B14FF4B171B6
:101CD8002720FEF7ABFB03F0FF02227607F0F8F9A6
:101CE80005F036F9206705F037F9A06710BD00BF89
:101CF80018040021E80F0021F01F0001074A10B561
:101D080092F8443013B10C24204610BD03F0FF04B0
:101D1800147607F0DDF9204610BD00BF1804002135
:101D28002DE9F0439A4C87B0054694F844009DF895
:101D38003860002840F02181002A18BF002900F0EF
:101D48001C81B3FA83F04009002B00F0168123644C
:101D5800A163E26284F8300084F88A0084F83C00C9
:101D680084F887002085A08684F8310084F8320042
:101D780084F87D0084F82A00A0642065A4F8540043
:101D8800E0656066A4F8680084F8896065620CF014
:101D980013F90DF003F995F928010CF071F9D5F84C
:101DA800D460D5F8CC000CF071F930460CF01CFC6E
:101DB80095F825000CF074F9B5F8E030702B03D9CC
:101DC800B5F8E230702B01D80CF040F8636A93F84C
:101DD800A860002E72D013F025FD014695F8212148
:101DE8000120AF310CF04AFA6A4B18680CF002FC7B
:101DF800AB7B243BD5E93012072BC4F88010E26690
:101E08007BD9EB7B243B072B77D9B5F8F230B5F8B3
:101E1800F80095F82011984228BF1846042908BFF1
:101E2800032112F02BFA024695F8F40095F8F030E9
:101E3800904228BF104680B2984200D3C3B295F8AA
:101E4800211105F1E80084F87C3012F02BFF95F899
:101E580021112F7D0329B5F8FC6008BF042112F079
:101E68000DFA0FB9043080B2864228BF0646F6B292
:101E780084F8886006F040F9002840D1636A84F845
:101E8800746093F8A8306BBBEA7C002A3ED101202D
:101E9800FFF776FA0023B5F8AA0095F82520A36085
:101EA800C4E90033D5F82431E988208061802271A3
:101EB8000BB101221A6007B0BDE8F08313F0B2FC41
:101EC80095F82021344B01463046344E33F8123011
:101ED80003F5FA73A6FB036301EB931191310CF040
:101EE800CDF981E72B7D73BB0120FFF7FDF9636A0C
:101EF800D3F8E8010CF0FCFBCCE71B239FE706F0C6
:101F080001F9B04238BF3046C6B2B7E795F820614C
:101F180005F1800195F82A0105F19002013E800043
:101F2800F6B2C0B2032ED5E91C892BD801924246DD
:101F3800CDE9036301264B4605960096FB260296DB
:101F48000CF026FFA3E795F8213105F1800705F18C
:101F58009002013BDBB2032BD5E91E0112D8019296
:101F680002460120CDE9026300260B46059039465A
:101F7800009004960CF00CFFB6E74FF42071272070
:101F8800FEF754FA40F225410620FEF74FFA00BF4B
:101F980018040021E80F0021E81C0201D34D62104B
:101FA800FFF7DCB8014B93F887007047180400214D
:101FB800054B9A8E12F4C06F03D093F87D0000B1E0
:101FC8007047C2F30030704718040021024B93F8A1
:101FD8003500C0F3C000704718040021014B93F886
:101FE8008A00704718040021D9110001C1160001A8
:101FF800B51B0001C511000181220B4603F8032B14
:10200800B0F809C0C27AA1F803C09A70704700BF3F
:1020180040F2BD21322008B5FEF708FA90F8DE201C
:1020280012B902F0FF00704710B5363882B00C467E
:1020380002F0E2FE8F230420237002B010BD00BF1F
:1020480070B500285DD0437A04460D46002B3CD07D
:1020580000214089FEF7E4FD002857D00021B0F8A0
:10206800AA00FEF7F3FD002855D194F8546094F8BF
:10207800A6302BB194F8A7301E43002384F8A6306D
:10208800204602F0B9FEB30731D188212B4604F16E
:102098000902293403F8031BD2F800C0103252F8A1
:1020A8000C6C103352F8080C52F8041CA24243F886
:1020B80010CC43F80C6C43F8080C43F8041CEBD123
:1020C800117800221970AA7170BD036DD0F80E2026
:1020D800C3F8AD20428AA3F8B120437B026D03F018
:1020E800FD03003B18BF012382F8AC30BDE726F0A2
:1020F800040600222046114684F8546003F0ECF8E8
:10210800C3E740F206313220FEF790F940F212316F
:102118003220FEF78BF940F215313220FEF786F9AE
:10212800044B00221B68A3F8792183F87B2183F8EC
:1021380070207047A404002108B50BF085FA034B02
:1021480018700CF0F3F8032008BD00BF1000002140
:1021580038B5114C20686C3001F0B4FF656801F0A7
:1021680061FF63682860186858B101F089FF68B199
:102178000CF056FA00200CF0EDFA042263681A718C
:1021880038BD40F2F5413220FEF750F940F2F741F0
:102198003220FEF74BF900BFA4040021F0B54C4CE7
:1021A800002383B0064625680F466B722B6DB3F883
:1021B800AA2093F82911D3F8C8006A8112F0B0F860
:1021C800236828841A6DD2F8D020C3F822204FF44F
:1021D8007F42DA844FF6FF721A85002E4AD0012119
:1021E800384612F039FB3A78D209236893F8481038
:1021F80009B1002A48D1002159611983207B082898
:1022080052D003F10E0203F10D0105F07BFB00280B
:1022180058D023685A7B03F11A0542F002025A7318
:10222800002E3BD103F1780002682A608288AA80D8
:10223800186D93F95810A83005F0D6FC2068254988
:1022480012F0F0FC236824491A6DB2F8AA00A3F82A
:10225800330003F12A00D27D83F8352012F0EBFC1D
:102268000221206803F072F920686C3001F02AFF1F
:1022780003B0F0BDA068694612F0E6F9A3686846A5
:102288001A78C2F38012B0E7427902F0C002402AFD
:10229800B1D102685A6182881A83AFE700213846B3
:1022A80012F0DAFA2368BFE793F87E109A6FB3F852
:1022B8007C0059730021C3F80E205882C3F81A1005
:1022C800D983B5E741F213413220FEF7AFF800BFDA
:1022D800A4040021492000010120000140F29B31A3
:1022E800322008B5FEF7A2F810B504788CB004F0D7
:1022F8000F0402A9224602F0CFF80BF0A5F9234AF1
:10230800042C107002D003200CB010BD204C03998F
:10231800236891F800E093F878C0E645F3D191F886
:1023280001E093F879C0E645EDD191F802E093F821
:102338007AC0E645E7D191F803E093F87BC0E6451B
:10234800E1D191F804E093F87CC0E645DBD191F83F
:1023580005C093F87D108C45D5D193F87E309DF853
:1023680019109942CFD17F280DD04FF07F0C0090E3
:1023780002A9606882F800C0237C227B02F00EF874
:1023880003200CB010BDFFF7A9FF00BF100000210B
:10239800A40400210E4A536810B5197902290CD9F2
:1023A800197908290ED8197952690A4B92680B4491
:1023B800BDE8104052F82330184741F2BC413220A2
:1023C800FEF734F841F2BD413220FEF72FF800BF86
:1023D800A4040021FDFFFF3F38B5194D6B681B7938
:1023E800022B28D82B680446027C83F8A4201A44C0
:1023F800C168996692F87C2183F878214268C3F80D
:102408008820037A022B0ED00BF0D6FD0CF0F4F9DD
:102418000BF094F90B480CF0EDF80B480CF0E4F8CD
:102428000A480BF033FE637C23B12B685B6E0BB15B
:1024380001221A6038BD40F6FC013220FDF7F6FF94
:10244800A40400213C3A000155555500D6BE898E9A
:1024580070B53A4C064663681A79032A41D01A794E
:10246800042A3ED0226892F8542092073ED1A568EB
:10247800002D4AD0236893F85430002B3BD03EB14E
:10248800284612F095FAD8B9284612F0ACFAB8B92D
:1024980063681A79022A3DD91A79082A3FD8197926
:1024A8006269274B52690B4452F8233098470C282D
:1024B80026D86369DB68BDE8704053F820301847B8
:1024C80063681A79022A2FD91A79082A31D8197912
:1024D800284662691A4B12690B4452F82330984710
:1024E800E5E7186801F0CCFD0546C1E7186801F07A
:1024F800C9FD0546BCE741F2CA313220FDF796FF17
:1025080041F2DD313220FDF791FF41F2C431322032
:10251800FDF78CFF41F2AA313220FDF787FF41F227
:10252800AB313220FDF782FF41F24A313220FDF70C
:102538007DFF41F24B313220FDF778FFA4040021E2
:10254800FDFFFF3F70B5154D2C6894F84830EBB18E
:102558006FF00043D4E920129A4208BFB1F1FF3F5F
:1025680014D00DF0C1FAD4E92023904299410DD33B
:102578002E6896F8483053B905F0BEF904460DF0B8
:10258800B3FA074BE4FB0301C6E9200170BD012043
:1025980005F074FA0028F9D02E68EDE7A4040021AC
:1025A80040420F002DE9F04F044687B006290AD8AB
:1025B800DFE801F0522E0F0909090400B34D6868DD
:1025C8008379002B72D10BF0B1FE032007B0BDE870
:1025D800F08F0BF0ABFEAD4A136893F854108F07D9
:1025E800F3D0506881790029EFD0A94D95F90010F2
:1025F8007F2900F01C8202912146127B7F244233FE
:102608000192FF22009202222C7001F01FFEDCE7EB
:102618009E4DA27C29686868012A91F8483090F894
:1026280006A090F8079083F001035BD00027BB4613
:1026380091F854C01CF0040600F0D78091F84B6064
:10264800002E5AD091F84C80B8F1080F5BD191F860
:102658004180002640466FE08C4DD5E9003093F864
:10266800542057071AD5C279002A00F0C68062683C
:1026780093F85B1016788E4200F0328193F856205A
:10268800012A00F0518193F84C30082B03D042798D
:102698009A4200F049810BF049FE68688379002B63
:1026A80040F0AF80C379002B8FD18CE72B6893F86B
:1026B8005420960740F1CF80754A92F900107F297F
:1026C80000F0B581029121462C7B42330194FF240E
:1026D80000947F241470062201F0B8FD002309201D
:1026E8002B7473E7A268577907F0C007A7F1400772
:1026F800B7FA87F77F09BB469AE790F80580B8F1E3
:10270800080F00F0DD804046049305F009F8049BAB
:102718000590BBF1000F40F0388129685E4691F8BA
:1027280054C091F841800CF00402404692B3059AD7
:1027380043EA020B5FFA8BF3626891F85BC092F888
:1027480000E0E64500F0F3804FF0000B6A6852792C
:10275800082A00F0308191F84CC0ACEB0202B2FAC2
:1027680082F252090492002E00F0B680B9F1000FEF
:102778000BD091F85630012B00F0D6804E4623B985
:10278800049B53EA0B0B40F0CF800BF0CFFD2B6876
:1027980093F854C01CF0030F3FF417AF0BF0C6FDBD
:1027A800BAF1000F3FF411AF2868A36800F14201A5
:1027B800A27C90F8410011F098FC16B9002800F0AE
:1027C8001481334E96F900307F2B00F0308102934C
:1027D80021462B7B7F240122CDE90083D5E90030F7
:1027E8003470423301F032FDEFE690F80580B8F11D
:1027F800080F88D191F84180CCE78379002B3FF40A
:10280800E2AE2B6893F85420960743D4D0077FF59F
:10281800DCAE510700F1E6801D4B93F900207F2ABA
:1028280000F005817F2002922A7B21461870FF2044
:102838002B680192002200904233686801F006FD7F
:1028480003206B68DA79002A7FF4C0AE9B79002BED
:102858007FF4BCAEB7E6D1077FF5B5AE530700F1FC
:10286800BE800B4B93F900207F2A00F0E0807F2088
:10287800029221462A7B1870FF24D5E90030019284
:1028880006224233009401F0E1FC9EE6A4040021F4
:1028980010000021674A92F900107F2900F0C780D4
:1028A800029121462C7B42330194FF2400947F241B
:1028B8001470002201F0CAFC012309202B74C0E720
:1028C800626891F85B0092F800C091F841808445F5
:1028D8002CD0B34640460496002B6FD1002654E70F
:1028E800567893F85C108E427FF4C8AE967893F8C9
:1028F8005D108E427FF4C2AED67893F85E108E4299
:102908007FF4BCAE167993F85F108E427FF4B6AEB2
:10291800517993F8602091427FF4B0AE617C93F8CE
:102928005A2091427FF4AAAE0A204FE6404692F818
:1029380001E091F85CC0E6457FF406AF92F802E04A
:1029480091F85DC0E6457FF4FFAE92F803E091F898
:102958005EC0E6457FF4F8AE92F804E091F85FC0F7
:10296800E6457FF4F1AE92F805C091F860209445F1
:102978007FF4EAAE94F811B091F85A20ABEB02025A
:10298800D2F1000B4BEB020BE0E6A1684046049342
:1029980005F0A8F829680646049B91F854C091F8F8
:1029A80041000CF00402002E3CD040F00208002A3E
:1029B8007FF4BDAEEEE600220492D4E64231A3686D
:1029C800A27C11F092FB002888D0B9F1000F85D0C5
:1029D8002B6893F85630012BA6D00026CFE60BF0D3
:1029E800A5FC3EE70BF0A2FC16E72B6893F85520F0
:1029F800023A012A3FF6E9AD002F3FF4E6AD0D4E4D
:102A080096F900207F2A12D0029221462A7B7F2441
:102A1800686842330192FE2200920122347001F06C
:102A280015FCD2E58046002A7FF481AEB2E6FFF7B6
:102A380055FC00BF100000212DE9F843664C002228
:102A480007468946A368D4F8008018461A800BF018
:102A58001DFE002800F0A380A568032F06462B78EA
:102A680000F0A98023F02F03222243EA49136A7059
:102A780043F005032B7023681A6DD2F8CC20C5F8F3
:102A88000F201A6DD2F8D430EB74190A1B0C297573
:102A98006B7592F82A01B2F8DC10D2F8D830002809
:102AA80040F091804D48A0FB01C1A0FB0303890AB7
:102AB8009B0AEB75C3F30723A9752B7692F82911A6
:102AC800D2F8C80011F02CFC6876000AA8762068B5
:102AD800A568036D95F82420D3F8D01022F01F02C2
:102AE800C5F81B109969C5F81F101B7F85F823309E
:102AF800036D93F8233003F01F03134385F8243044
:102B080004F0A2FA95F8243003F01F0343EA4013B7
:102B180085F82430A568D8F878302846C5F80930F3
:102B2800B8F87C30A5F80D3098F87E1011F09CFDAF
:102B3800236893F8482003F1420993F84180AAB327
:102B480093F85420520733D593F84B2082B393F867
:102B58004C0005F001F8054640B34FF001082B681A
:102B68004146A068C0F80330AB88A0F8073011F0E0
:102B780072FD1B4BD3F804317BB9052F13D12368A1
:102B8800304629681A6DC2F8B410A988A2F8B8109E
:102B98001B6D83F8B380BDE8F8830BF0C7FB0026F4
:102BA800032005F073FA3046BDE8F8834D46D6E7B2
:102BB80063685879CDE723F00F0343F003032B70C4
:102BC8000C236B70A7E70748A0FB01C1A0FB0330EB
:102BD800C1F3471143096CE7A40400215917B7D181
:102BE800008000411F85EB5110B50A4C0AF02CFDFE
:102BF800094A637B10701BB90BF098FB032010BDCA
:102C08000BF0FAFD0AF09AFD002363730BF08EFBBC
:102C1800032010BDA40400211000002110B50B4CA6
:102C2800637B63B9A1680020FFF7B8FA2368002224
:102C3800A3F8792183F87B2183F8702010BD0BF06D
:102C4800DBFD0AF07BFD00236373EBE7A40400219E
:102C580010B50E4C637B8BB9206801216268002394
:102C680011710246A0F879316C3082F87B3101F09D
:102C780029FA2068BDE8104002F046BB0BF0BCFD05
:102C88000AF05CFD00236373E6E700BFA40400219B
:102C980007292DE9F04F044687B00D4616464068CF
:102CA80052D1002808BF002A0CBF4FF0010A4FF08C
:102CB800000A72D0002800F0D580627C012A00F05A
:102CC800B180AB4F7B685879082848D00DF10F01C7
:102CD80004AA04F017FE002800F05E8104A99DF8FC
:102CE8000F0012F054FD8246D7E9000890F85430DE
:102CF80013F0030240F088805B0788F8062043D46D
:102D0800002388F807309B4B1B6833B131462046B7
:102D1800984788F80800D7F80480636843B1617C55
:102D28003A6882F87E10196891679B88A2F87C300F
:102D380098F80830002B00F03481A06808B1072DFE
:102D48004FD007B0BDE8F08F002800F08880627C83
:102D5800874F012A79684FD048790828B6D1616829
:102D6800607C12F014FD7A68824661680532607CE6
:102D780004F0FEFCD7F8048003460028B4D1A8F874
:102D8800060088F80800D8E7062D90F84B9000F266
:102D9800B28049EA0A00C3B2B3E7754FD7E9001019
:102DA80091F8543013F0030218BF012213F0040302
:102DB800827105D02378A3F10103B3FA83F35B0989
:102DC800C37191F89430002BBBD03B68D3F89000C6
:102DD800503012F0E6FC0028B3D17B6801221A7249
:102DE800AFE798F805100829ABD0002BA9D004F05C
:102DF800BFFD0123FB73A4E7437903F0C003402B15
:102E0800AAD17B7BFBB9A7E7062D90F84A904FD84B
:102E180049EA0A095A0788F806907FF571AF90F8D1
:102E28004B90B6E7427902F0C002402A7FF449AFDE
:102E38004F4F7A7B002A3FF445AF26B93A6892F89B
:102E48007811012960D0D7F8048011F092F97B68D5
:102E580088F80500587901233873BB7334E7824634
:102E6800434F41E7424FD7E9000890F854309A079A
:102E780045D1D14613F0040388F806903FF441AFDA
:102E880090F84B90311E98F807B018BF0121BBF19C
:102E9800010F02D000297FF433AF6368002B7FF461
:102EA80078AF002E3DD16378D9063AD5012328E7BB
:102EB800082D03D9002388F8063021E798F806B0D2
:102EC800311E18BF0121BBF1010F0DD061B14FF0C8
:102ED800000913F0040388F806903FF412AF90F845
:102EE8004B9098F807B0D2E762689AB149EA0A09A4
:102EF8005FFA89F9BEE7082D3FF602AFC2E790F8FE
:102F08004A9098F806B0DBE704F014FD78730028BF
:102F180099D1D7E6A6B96278D20611D54FF0010942
:102F2800D7E7D8F8000001F0B1FA10B1BBF1000FF3
:102F380002D1B9F1000F14D0D7F804800123E0E6DC
:102F4800D8F80000019101F0A1FA1BEA00000199EC
:102F58001CD1B9F1000F0FD0D7E9000890F8543010
:102F6800B7E704F0FFFBD7F804800346C9E600BFC3
:102F7800A4040021EC0F0021019104F0F3FB814629
:102F88000199D7E9000890F85430A2E78146D7E9BB
:102F9800000890F854309CE740F6A5313220FDF740
:102FA80045FAB8F80630003B18BF0123C5E600BF54
:102FB80070B5194E8AB005460AF046FB3368174AC1
:102FC80093F85430107013F0060F16D12C78284659
:102FD800694604F00F04224601F05EFA21460022F9
:102FE8006846FFF755FE21466846FFF7DBFA737B14
:102FF800044643B920460AB070BD0122962100203C
:103008000BF052F9E2E70BF0F7FB0AF097FB00230D
:10301800204673730AB070BDA4040021100000217B
:1030280010B50F4C606801F0C5F8637B8BB9206858
:1030380001216268002311710246A0F879316C30D1
:1030480082F87B3101F03EF82068BDE8104002F0BC
:103058005BB90BF0D1FB0AF071FB00236373E6E761
:10306800A404002110B500210320164CFFF7E4FC4E
:1030780020B10321206801F04BFF98B9637BCBB9DD
:10308800206801216268002311710246A0F8793195
:103098006C3082F87B3101F015F82068BDE81040EB
:1030A80002F032B9012108460BF0D0FB092263680F
:1030B8001A7110BD0BF0A0FB0AF040FB00236373EC
:1030C800DEE700BFA404002138B5224C6368186805
:1030D80000F0D6FF002837D063680A220546002191
:1030E8001A71206802F032FA22682B780520126DD6
:1030F800C3F34013D57D1D402946FFF79DFC40B121
:103108000421206801F004FF18B123681B6DDD75E8
:1031180038BD637B8BB92068012162680023117177
:103128000246A0F879316C3082F87B3100F0CAFF92
:103138002068BDE8384002F0E7B80BF05DFB0AF004
:10314800FDFA00236373E6E740F261513220FDF790
:103158006DF900BFA404002110B501291D4C636856
:1031680010D178B91A79082A2AD91A790C2A2CD8B0
:1031780019796269184B52680B44BDE8104052F83F
:1031880023301847184601F015F8637B8BB920687F
:1031980001216268002311710246A0F879316C3070
:1031A80082F87B3100F08EFF2068BDE8104002F005
:1031B800ABB80BF021FB0AF0C1FA00236373E6E712
:1031C80041F28C413220FDF731F941F28D41322034
:1031D800FDF72CF9A4040021F7FFFF3FF0B55A4C86
:1031E80083B020686C3000F06DFF656800F01AFF4E
:1031F800636828601868002800F09B8000F040FF92
:103208000546002800F09A80236893F8A630002B22
:1032180047D1D4E9000290F8A430034493F87C71B4
:1032280080F87871137913B11379012B4AD1474A81
:1032380090F8A530D05C0AF033FF236893F8A420F7
:10324800134493F87C61022E3AD04DD8012E4ED10A
:1032580000F0E2FE31460AF03BFE28460BF0E0F9AA
:10326800314601200AF02AFF012F31D1E81C04F071
:103278008FFB607328B140250AF044FA28460BF00A
:10328800AFFA626808210023206851712173032175
:10329800D3801372E38180F895302374117103B0E1
:1032A800F0BD236893F8542093F8A700196D0243E2
:1032B800C3F8101183F85420002283F8A620A8E749
:1032C8000D20C7E7002101F023FEA8B12068AEE772
:1032D800681D04F05DFB60730028D2D0033F012F06
:1032E8008CBF50255525C7E7F31E012BB0D940F2F6
:1032F800F7713220FDF79AF8637B93B920680121B2
:103308006268002311710246A0F879316C3082F8A6
:103318007B3100F0D7FE206803B0BDE8F04001F033
:10332800F3BF01900BF068FA0AF008FA019860738D
:10333800E4E740F252413220FDF778F840F2544178
:103348003220FDF773F800BFA4040021901A02018F
:1033580008B50AF079F9044B18700AF0E7FFBDE8E0
:103368000840FFF73BBF00BF1000002110B50C4C10
:103378000AF06AF90B4A637B10702BB90AF0D6FF82
:10338800BDE81040FFF72ABF0BF036FA0AF0D6F96D
:10339800002363730AF0CAFFBDE81040FFF71EBFA1
:1033A800A40400211000002110B50446FFF714F80A
:1033B800237A032B34D01D4A12683BBB92F8A53000
:1033C8001B49013392F84900A1FB034C0CF4FF742C
:1033D80004EB5C041B1B40FA03F4E40713D4013329
:1033E800A1FB034C2CF0010404EB5C041B1B40FA0A
:1033F80003F4E00707D40133A1FB034121F00104E2
:1034080004EB51015B1ADBB282F8A53092F958003F
:103418000AF036FEFFF7E2FEBDE81040FFF792B86B
:1034280040F62E113220FDF701F800BFA404002158
:10343800ABAAAAAA90F83E00003818BF012070472E
:10344800007A003818BF0120704700BF036D10B51F
:103458008BB10222FF2104464272B3F8AA204FF62C
:10346800FF7380F8271003850549428111F0DAFBC4
:103478000023236510BD40F261313220FCF7D6FFEE
:103488004920000138B5012105460020FDF7C8FB99
:1034980020B3044601F0A6FC02E094F870301BB19A
:1034A80094F87030012BF8D13F22002120460EF00D
:1034B80083FD002340F20111072284F8543084F878
:1034C800A530A4F84A1084F8585084F84920636657
:1034D80084F89430C4F8903084F8A6300121084666
:1034E800FDF79EFB044618B301F07CFC02E094F85B
:1034F80070301BB194F87030012BF8D13F220021B5
:1035080020460EF059FD002340F20111072284F8ED
:10351800543084F8A530A4F84A1084F8585084F838
:103528004920636684F89430C4F8903084F8A63053
:10353800BDE8384000F066BDF8B506461D4F03F0FB
:1035480007FD034601210020BB60FDF72DFB30B3CA
:103558004FF4C072002104460EF02EFD01210846EA
:10356800FDF722FB7F69054680B14FF4C072002148
:103578000EF022FDC7B13046FFF784FF204601F068
:1035880027FC2846BDE8F84001F022BC67B1304668
:10359800FFF778FF2046BDE8F84001F019BC40F677
:1035A80085013220FCF742FF40F68F013220FCF7FC
:1035B8003DFF00BFA4040021014B024A5A61704735
:1035C800A4040021A03A0001036810B54BB1074AD2
:1035D80003F16C045169C2E900340B68BDE810407E
:1035E800184740F677113220FCF720FFA404002189
:1035F80010B50F4C606800F0DDFD637B8BB9206867
:1036080001216268002311710246A0F879316C30FB
:1036180082F87B3100F056FD2068BDE8104001F0CB
:1036280073BE0BF0E9F80AF089F800236373E6E744
:10363800A404002180F84910704700BF11F001036D
:103648001FD04FF0010C0222634680F87CC111F0B4
:10365800020F0ED000EB030C490700B54FF0020E25
:103668008CF87CE103D51044032380F87C315DF8A5
:1036780004FB4A0704D51844032380F87C317047BB
:1036880070470122E3E700BF80F85710704700BF7A
:1036980038B590F840C0ACF1020EBEF1010F98BFEA
:1036A80000290CBF0124002408D00CF0FD000038CC
:1036B800BDE8384018BF012003F0DABE02F0FD0271
:1036C80005461946101E18BF012010F048FD0828AD
:1036D80001D0204638BD95F840C0E6E790F8400094
:1036E80000F0FD00003818BF012003F0C1BE00BF84
:1036F80090F8A63013BB10B5044603F0FF0094F809
:103708005430022B07D0012B08BF04290CBF01201D
:10371800002002D010BD0429FCD1D4F810317BB9A7
:10372800216D91B104F1E80001F04EFC042384F806
:10373800A730FF2384F8A630012010BD0020704771
:1037480040F6F8113220FCF771FE40F6F9113220EC
:10375800FCF76CFE80F84010704700BF38B504468F
:1037680090F8400000F0FD0004F14201003818BF55
:10377800012084F8410003F061FE94F84030023BD8
:10378800DBB2012B94BF0123002384F8483000D911
:1037980038BD04F0B1F805460CF0A6F9094BE5FB75
:1037A800030194F84830C4E92001002BF0D0002030
:1037B80004F064F90028EBD140F621213220FCF70F
:1037C80035FE00BF40420F00B1F1000C4FF0080178
:1037D80010B504460CBF0120002084F856C084F8B8
:1037E8004B0084F84C1009D102F0FD021946101E56
:1037F80018BF012010F0B3FC84F84C0010BD00BFC6
:1038080008B5B2B180F85A10D2F800C0036DC0F8FC
:103818005BC090F841109288A0F85F2083F8B3103D
:10382800D0F84220C3F8B420B0F84620A3F8B82056
:1038380008BD40F63F213220FCF7F8FDF0B5D0F87E
:10384800C8409DF814E0944203D190F840208A4281
:1038580001D00020F0BD1EF0020190F8455123D0A0
:103868000024A4462146224611E0314300EB82029F
:1038780053F82C600CF101070134D2F8CC205FFA20
:1038880087FC2A32B242E4D1E2B2AA4226D886188C
:1038980096F87C61F71E012FE7D80CF1010C41F076
:1038A80004015FFA8CFCE1E70E460A4684180136EB
:1038B80094F87C41E71E012F53F8227088BF2143FA
:1038C80000EB820498BF41F00401F2B2D4F8CC4076
:1038D80004F12A0C6745BCD1AA42E7D90EF00500CD
:1038E800401AB0FA80F04009F0BD00BF90F854309B
:1038F8005A070ED413F0030301D11846704790F805
:10390800550000F0FD00A0F10100B0FA80F0400978
:10391800704790F85600A0F10100B0FA80F0400915
:10392800704700BF012938B5044610D094F85430C8
:1039380004F16C059B071AD1284600F0C3FB00234D
:10394800A4F8793184F87B3184F8703038BD0A4D99
:103958006B7B002BEAD00AF04FFF09F0EFFE002343
:103968006B7304F16C0594F854309B07E4D0284637
:1039780000F020FCE0E700BFA4040021A03010F014
:103988004BB900BF0149363011F04FB9252000016D
:1039980010B5012104460020FDF742F928B36278EA
:1039A800034680F85420227812F0010103D0012048
:1039B800014683F87C01520703D51944032281F894
:1039C8007C21A27883F84020E17801F0FD0283F899
:1039D8005510B2FA82F2520983F84A20227983F804
:1039E8004920627983F8572010BD40F6CB21322058
:1039F800FCF71CFD10B504466C3000F0DBFB00231F
:103A0800A4F8793184F87B3184F8703010BD00BF98
:103A180008B501210020FDF703F928B190F89400BA
:103A2800003818BF012008BD40F64A313220FCF7A3
:103A3800FDFC00BF9D2300015924000161310001F4
:103A48002930000159210001252C0001753300019E
:103A58005933000129210001592C000119200001C6
:103A6800E531000119200001192000011920000189
:103A780019200001192000016D300001D13000012A
:103A88001920000119200001B92F0001F1220001BD
:103A9800F12B000141210001B13300014C3A000132
:103AA800543A00015C3A0001903A0001983A00014A
:103AB8002DE9F04705468CB00E4600200121FDF7A0
:103AC800AFF8002800F074820446A83001F09EF98F
:103AD800002846D094F85430042B42D0AF6A002F07
:103AE80000F05381BB4B9F4263D0043B9F4260D0A0
:103AF80003F03CFA07F13B08814602A9404600F072
:103B080071FDEB7AB9F1000F00F0BE80D80606F11E
:103B18000D0100F1F381002F00F04F829DF808306D
:103B2800022B00F04A8295F83230E522404610F028
:103B3800D6FE95F8323004464046234485F83230A4
:103B480010F0C5FE95F83280A8EB0008B8FA88F89E
:103B58004FEA5818B9F1000F31D104F11803DBB25C
:103B6800A1E02046FFF766FC0028B7D19A4C04F183
:103B7800080604F10C070023AA6A002A00F0308125
:103B8800A96A0A68B142AA620B704B708B70CB703D
:103B9800F2D0B942F0D020680EF0C7FF231DD3E859
:103BA8004F3F0133211DDBB2C1E8423F002AF5D166
:103BB800E1E703F0DBF98046002870D00024EA7AB8
:103BC800D30640F1FA815007AB7A697B03D5EA7EC8
:103BD800FE2A00F0718104F10A02F370717102FB90
:103BE80003F3023373703E2333700223B370D5F8A6
:103BF8000E30C6F806306B8A3473344473812B7EDA
:103C08006373EB7A13F0080100F0FE80724C042312
:103C180004F1080933714F4578D13379022262F3F0
:103C28004613AA6A33716AB1EFF3108272B6AB6AAF
:103C38001968A962002A00F0C28000221A705A701E
:103C48009A70DA70A5F1080120680EF06EFF231D46
:103C5800D3E84F3F0133211DDBB2C1E8423F002AC0
:103C6800F5D102274FF004088DF804808DF805700F
:103C78009DF8042000209DF8053062F3070063F3E7
:103C88000F200CB0BDE8F087DA0606F11C0100F140
:103C98003E8127B19DF80830022B7FF444AF1823EA
:103CA80000244FF001088E223270AA7A02FB03F337
:103CB800F27002337370D5F80B20D5F80F30D5F8B1
:103CC8001300D5F817107260B360F0603161D5F851
:103CD8001B20D5F81F307261B36195F814A095F8D0
:103CE800159003F081F90AF1FF338A05DBB252D54A
:103CF800032B00F2668186F80DA0B9F1000F60D1A0
:103D0800F476354C04F108094F4586D004F10C0AC5
:103D1800574500F08280002F00F0A780B8F1000F0F
:103D28002AD0AB6A63B1EFF3108272B6AB6A196836
:103D3800A96202B962B600221A705A709A70DA70D3
:103D4800394620680EF0F1FE231DD3E84F3F0133BA
:103D5800211DDBB2C1E8423F002AF5D1AB6A85F8E4
:103D680032204B4500F0DD80534500F0FE809DF881
:103D78000830022B00F0BB803379012262F346132E
:103D8800337101274FF004086EE703F0EFF805F1EF
:103D980033088146B1E6032B00F21C810F4AD35C3D
:103DA8007373B9F1000FABD009F1FF395FFA89F9E4
:103DB800B9F1030F00F20E8112F8099006E062B61D
:103DC8003BE709F1FF33032B00F2FB8086F80E90E6
:103DD80096E700BFC8040021BC040021941A020120
:103DE800A5F1080120680EF0A0FE231DD3E84F3F7F
:103DF8000133211DDBB2C1E8423F002AF5D14FF45F
:103E08000073ADF8043033E703F00302032A49D006
:103E1800590749D50123337173E7AB6A63B1EFF3EF
:103E2800108272B6AB6A1968A96202B962B600223A
:103E38001A705A709A70DA706B7D83BB32794FF0C2
:103E4800040863F346123271A5F1080120680EF0E8
:103E58006CFE231DD3E84F3F0133211DDBB2C1E8BF
:103E6800423F002AF5D10227FEE695F80B8018F0AC
:103E780010083FF4F9AE3379A5F10801206867F31B
:103E8800461333710EF051FE231DD3E84F3F013323
:103E9800211DDBB2C1E8423F002AF5D1E1E64FF02F
:103EA8000008D1E731712CE7022A25D0002A40F01A
:103EB8008D800323337124E7F3701B017171023382
:103EC80073703E2333700B23B37001233371D5F81D
:103ED8000E30C6F806306B8A32737381EB69C6F808
:103EE8000D302B8CA6F811302B7EF37409E733794B
:103EF80023F06803337144E7327102E79DF81840F4
:103F080008460599C84622460EF002F957E69DF87C
:103F18001840084605994FF0010822460EF0F8F8B7
:103F28001BE63379022262F34613AA6A337162B13F
:103F3800EFF3108272B6AB6A1968A96202B962B669
:103F480000221A705A709A70DA70A5F10801206878
:103F58000EF0EBFD231DD3E84F3F0133211DDBB2EB
:103F6800C1E8423F002AF5D17BE6337962F3461374
:103F7800AA6A337162B1EFF3108272B6AB6A19683C
:103F8800A96202B962B600221A705A709A70DA7081
:103F9800A5F1080120680EF0C8FD231DD3E84F3FA6
:103FA8000133211DDBB2C1E8423F002AF5D158E6B2
:103FB8004FF4F1713320FCF739FA5B213320FCF719
:103FC80035FA4FF4EA713320FCF730FAA421332094
:103FD800FCF72CFA4FF43F710620FCF727FA00BFD4
:103FE800343270B5044692B21E460D460EF065FD99
:103FF80024B1034B1C601D745E741D7170BD00BF3D
:10400800BC04002110B5034C20680EF078FD237C19
:10401800237110BDBC040021014B587C704700BFC0
:10402800BC04002138B5154C20680EF06EFD00B3B5
:104038000546231DD3E84F3F013B221DDBB2C2E8F2
:10404800413F0029F5D105F108033422012418461F
:104058000DF0B2FFEA7C0346FF2147F6FF7064F3D8
:1040680046126975E883184685F82310EA74ED62EC
:1040780038BD40F257113320FCF7D8F9BC040021B1
:104088003330704738B50446406A08B13B3038BD14
:104098000B4D28680EF039FD606260B12B1DD3E826
:1040A8004F3F013B291DDBB2C1E8423F002AF5D151
:1040B800606A3B3038BD4FF4B8713320FCF7B6F96D
:1040C800BC04002138B503684BB39A6A52BB596ADD
:1040D800054629B301F10800154C8342206808BF42
:1040E8002A600EF022FD231DD3E84F3F0133211D26
:1040F800DBB2C1E8423F002AF5D12B687BB1A3F1BE
:10410800080120680EF011FD231DD3E84F3F01334D
:10411800211DDBB2C1E8423F002AF5D12A6038BD33
:10412800034CECE740F28D113320FCF77FF900BF18
:10413800BC04002170B505680646F5B11B49284640
:1041480010F07CFD1A4C0023E360EFF3108272B686
:10415800AB6A23B3E96A04F10C030B60EB6202B9A2
:1041680062B63368596A29B101F10805AB421AD120
:1041780000236B620023336070BD696A0029F9D09F
:104188000B4C20680EF0D1FC231DD3E84F3F0133C0
:10419800211DDBB2C1E8423F002AF5D1E8E704F16E
:1041A8000C03AB62DAE71D46EBE700BFB93A000142
:1041B800BC04002170B50668002E3CD0716A054623
:1041C800002939D001F108031E4C9E420DD0206809
:1041D8000EF0ABFC231DD3E84F3F0133211DDBB2AA
:1041E800C1E8423F002AF5D12B68002272625A7D4D
:1041F8008AB10022A260EFF3108172B69A6AF2B116
:10420800D86A114A0260DA6201B962B62846BDE886
:104218007040FFF78FBFA3F1080120680EF085FCFE
:10422800231DD3E84F3F0133211DDBB2C1E8423FD4
:10423800002AF5D12A6070BD3346024CD7E7024AFE
:104248009A62E0E7BC040021C40400212DE9F84388
:10425800504D0F46002604682979984606609DF857
:1042680020909DF824009DF9283081B9A4F1080117
:1042780028680EF05AFC2B1DD3E84F3F0133291D47
:10428800DBB2C1E8423F002AF5D1BDE8F88301213D
:10429800C4F80960C4F80D60C4F81160C4F815606A
:1042A800C4F81960C4F81D60A4F82160A172062A38
:1042B80066D8DFE802F02B3239653E650400E27A01
:1042C80022F0120242F01202E27223760123082839
:1042D80004F10E02237547F6FF73E38230D004F130
:1042E8000D0103F00FFB00284FD0637B43F002035E
:1042F8006373E37A5B072ED4FF23E37600232372EC
:1043080025492046BDE8F84310F08FBCE27A22F038
:10431800130242F01302E272D7E7E27A22F01502A2
:1043280042F01502E272D0E7E27A42F01002E2723D
:10433800CBE7E27A22F01A0242F01A02E272C4E7EC
:104348007B7C63737B681968C4F80E109B88938024
:10435800E37A5B07D0D5A9F1020304F11C02012B13
:1043680007D9BB681968E1619B88938084F81B9022
:10437800C4E7D8F80030E361B8F804309380F5E773
:1043880040F246413320FCF751F8C3213320FCF7B3
:104398004DF800BFBC040021B93A0001F8B5394D09
:1043A8008446002610462A790F46DCF800409DF91D
:1043B8001810CCF800607AB9A4F1080128680EF04A
:1043C800B4FB2B1DD3E84F3F0133291DDBB2C1E8F5
:1043D800423F002AF5D1F8BDC4F8096041F601252D
:1043E800C4F815600122217645EA0325618941F662
:1043F800FF33C4F81160082821F4DF5103EA0503EC
:10440800227547F6FF7221F01F01C4F80D60E282A1
:1044180004F10E0243EA0103C4F81960C4F81D60F0
:10442800A4F82160638115D004F10D0103F06AFA44
:1044380018B3637B43F002036373E37A5B0714D416
:10444800FF23E376002323720F492046BDE8F84096
:1044580010F0EBBB7B7C63737B681968C4F80E10A3
:104468009B889380E37A5B07EAD5BB68FF221968CB
:10447800E1619B88E2762384E4E7C3213320FBF7DC
:10448800D5FF00BFBC040021B93A000118B1407B38
:10449800FF3818BF0120704770B5037816460C46E0
:1044A8000546C3F380134B7410F0E5F8062EA0748C
:1044B80024D8012303FA06F212F0550F11D0E91C93
:1044C80000226370C4E901126B78063B13F0FF0306
:1044D80003D11D462374E56070BD09352374E5607A
:1044E80070BD9E420AD10322AB1809356270C4E937
:1044F800013500231D462374E56070BD00236370F9
:10450800C4E90133F5E700BF38B50C46C17811F0AE
:104518003F0160D003780546C3F38013637410F03D
:10452800AAF8A0742B796370E878830923702B7933
:1045380013F0010146D14FF0050C4FF00B0E624607
:10454800616013F0020102D005EB0C017246A16014
:10455800590701D50132D2B213F0080104D002F193
:10456800020CA9185FFA8CF2616113F0100104D0F3
:1045780002F1030CA9185FFA8CF2A16113F0200173
:1045880004D002F1120CA9185FFA8CF213F0400360
:10459800E16102D0AB180132D2B200F03F002362D1
:1045A800031D9B1A13F0FF0114BFAB180B4663627F
:1045B8006B78013B1B1ADBB2237453B10A441544D0
:1045C800E56038BD4FF00B0C691D4FF0110E6246C7
:1045D800B6E7E36038BD20462822BDE838400DF034
:1045E800EBBC00BF70B5037803F00F06072E2BD085
:1045F800C3F380130C4605464B7410F03CF80122B7
:10460800A07402FA06F313F055030CD00023E91C3A
:104618006270C4E901136B78063BDBB223748BB17B
:104628000935E56070BD964208D103212374E36023
:104638006A1809356170C4E9012570BD6370237477
:10464800C4E90133E36070BDBDE87040FFF75CBFAB
:10465800D0F81011F0B5D0F8C86090F8455189B17C
:1046680000210C460B4600EB83030131D3F8CC2024
:10467800CBB22A32AB421444F5D9A6420CBF022071
:104688000120F0BD8C460F4600EB81010CF1010CB6
:10469800D1F8CC405FFA8CF104F12A0EA942774494
:1046A800F2D90721BE42A6FB011422D0D0F8C0706F
:1046B800C919D0F8C47044EB0704D0F8CC701DB306
:1046C800D0F8D0C0012D674407F1540703D0D0F8C3
:1046D800D4002A300744BE4205D08A4273EB040452
:1046E80016D30120F0BD8A4273EB040410D20320D4
:1046F800F0BDD0F8B070C919D0F8B47044EB070415
:10470800D0F8CC70002DDBD12A37BE42E5D1EAE7DC
:104718000220F0BD40F28A31212008B5FBF786FE61
:1047280038B50446FF2380F8153100F58C75284606
:104738000BF092FA284604F5A4750BF0A1FA284666
:104748000BF08AFA28460BF09BFA00212046FFF767
:10475800E9F894F816313BB1D4F8083153B104F1B3
:10476800E80004F027FC09E0D4F8100110B1D4F8EF
:1047780008319BB104F1E80004F0ACFB002384F895
:10478800153194F8160110F0FF0018BF0C2084F8BA
:104798001631C4F8103184F8143138BD00F5EC70C6
:1047A80004F098FBE6E700BF022910B52AD013D819
:1047B800012934D1044608460AF03CFA4AF2A133EA
:1047C800194A0344D4F81011A2FB0320800900F50C
:1047D800257001B1400010BDCB1E012B1FD840F23F
:1047E800DA3340F2AC740846032918BF1C460AF0B5
:1047F80021FA4AF2A1330C4A0344A2FB032304EB37
:10480800931010BD08460AF015FA4AF2A133064A79
:104818000344A2FB0320800900F5BE7010BD40F2DE
:1048280017119E20FBF702FED34D62102DE9F041CF
:1048380004460BF059F905460E46D4F81021D4F871
:10484800C8E094F84571002A46D04FF0000C604645
:10485800634604EB83030CF1010CD3F8CC205FFA18
:104868008CF32A32BB421044F3D986450CBF022789
:10487800012738460BF02AFA3F2829D9411CD4E9E8
:10488800363259D0C118914228BFD01AD4F8A8306E
:10489800D4F8AC205B1B62EB0602012B72F100011D
:1048A80051DB0021984291415EDA41F28836864216
:1048B80028BF0646C5F190050BF016F90544B54228
:1048C80006D8394630460BF02DFA0546002852D155
:1048D80000252846BDE8F0811046134604EB830303
:1048E8000132D3F8CC10D3B22A31BB420844F5D9EF
:1048F80007238645D4E92C1CAEFB03382ED0D4F808
:10490800C0209B18D4F8C42048EB0208D4F8CC2067
:10491800DFB1D4F8D000012F024402F1540203D0D1
:10492800D4F8D4002A300244964511D099427CEB41
:10493800080817D301279CE7D61A41F288339E420C
:1049480028BF1E46B6E70026B4E72A329645EDD1C1
:1049580099427CEB080805D203278AE7CB184CEB71
:104968000808D3E7022784E741F28832934228BF38
:1049780013461E469EE70BF0BDF8D4F8E020D4F8A5
:10498800D830B018D4F8DC203344C4F8E00093429F
:10499800C4F8D83003D1D4E93A23C4E930230BF062
:1049A800A5F896E72DE9F04F04468BB0052900F2EB
:1049B8006C81DFE811F02100090032008F006A01E4
:1049C8000C002046FEF7DEFF0BB0BDE8F08F90F834
:1049D800153163B9B0F87A31C3F30C03002B00F03A
:1049E8004B8190F87831033B012B40F26B810BB07F
:1049F800BDE8F04FFEF7FCBD90F8153103F0FF0558
:104A0800002B00F0EF800121FEF78CFF09F01CFD60
:104A18000BB0BDE8F04F0CF07FB9B0F87A31C3F3B2
:104A28000C03002B40F02E810BF05EF8D4F8CC700C
:104A380094F845518B46804607F12A0155B1012368
:104A480004EB83020133D2F8CC20DBB22A32AB422A
:104A58001144F5D9D4F8C8508D4240D16FF00043C5
:104A6800D4E92A129A4208BFB1F1FF3F00F09781BA
:104A780094F8443120460026234493F87C11FFF72C
:104A880093FE18F58E730546059008934BF10003C5
:104A980004A88DF81060099340F20243ADF818306D
:104AA8000CF0CAF9002800F08B81089AD4F8A830D5
:104AB80009999B1AD4F8AC2062EB01025B1B62F1E6
:104AC8000002002A80F26B810123374645465E4684
:104AD80001931FE00BB0BDE8F04F09F065BFD4E9C2
:104AE8003A264FF00009A8EB02035219B3FBF5F37D
:104AF80005FB03F346F100069B18A3EB080246F1F9
:104B08000006B2F58E7F80F01C81ED18CDF8049078
:104B180046F1000694F87C112046FFF745FE8146D1
:104B2800D4E92AA1BAEB050361EB0602012B72F165
:104B38000000C0F29F8000209F42904100DB1F468A
:104B4800D4F8CC302A462046C4F8D8909F42039324
:104B5800029128BF1F460423C4E92E568DF8193048
:104B68003346C4F8DC70FFF773FD019B8DF818001D
:104B7800CDF814908BB30123BAEB080A02998DF88B
:104B8800103061EB0B019A4571F10003C0F2058109
:104B98008E48002350458B4180F29280D4F8103122
:104BA800D4F8C810002B00F0AF804FF0FF32154644
:104BB80090457BEB05036DD30891B9453FF601AFEE
:104BC80004A904F58C700CF0C5F800287FF4FCAE3D
:104BD80040F273712120FBF729FC8DF81030CDE9E4
:104BE8000856EAE70BF0CEF8D4F8E830B0EB030C3F
:104BF800C4E92C0100F1E28094F84561D4F8C8704A
:104C080004940795002E00F0CF802946BCFBF7F2EC
:104C180007FB0233C21A28462B4604EB8303D3F85A
:104C2800CC3003F12A0E724503D32A3A0130D21A46
:104C3800C0B20131CBB29E42EFD2B4F87A3184F8D7
:104C48004401C3F30C038DF820009BBBBC4534BF63
:104C58000125012304A88DF818508DF82130FEF79E
:104C6800B3FCD4F8D800A0F58170C4F8E0000AF0CD
:104C78003DFFA9E6002763E7FFF7D8FD00287FF48A
:104C8800A3AEB4E6FEF7B6FECEE64FF4E5712120FA
:104C9800FBF7CCFBB2EB08026FF001014FF0000309
:104CA80065EB0B0591420146AB4185D3904228BF85
:104CB800114681E7D4F84021032500230592C9E76E
:104CC80050466BE790F87031002B7FF490AE0121CD
:104CD80044F2365084F870110BF024F800283FF4A1
:104CE80086AE0AF007FFD4F8D830D4F8E02044F2B2
:104CF800365003441044C4F8D830C4F8E0000BB070
:104D0800BDE8F04F0AF0F2BE039E94F845512A36EA
:104D180055B1012304EB83020133D2F8CC20DBB276
:104D28002A32AB421644F5D907228E42A1FB02254E
:104D38003CD0D4F8C030D218D4F8C43045EB0305C1
:104D480036E794F87C112046FFF72EFDD4F8E810DA
:104D5800D4F8B830D4F8C8505A1AD4F8EC300590C2
:104D680020468DF81090B2FBF5F205FB02F25218BE
:104D78004FF0040143F1000308928DF819100993CC
:104D8800FFF766FC29468DF8180004A80FF01DFAF5
:104D9800CDF80490DDE90856BCE60020FEE60123C4
:104DA80045465E460193B5E6284646E7D4F8B03056
:104DB800D218D4F8B43045EB0305F9E6FFF7AAFC9E
:104DC80040F296412120FBF731FB00BF0040420F23
:104DD80090F8142112B190F8143103B97047FFF715
:104DE8009FBC00BF90F8142112B190F8143103B998
:104DF8007047FFF795BC00BF90F8143103F0FF022D
:104E08000BB910467047FFF78BBC00BF90F86C00D9
:104E1800003818BF0120704730B585B090F81431BC
:104E2800002B5FD103F0FF020B78CDE9012203923A
:104E380013F0010203F0040423D08D680195002CBF
:104E48003FD04FF0010CD1F80CE02A3D80F845C165
:104E58004968CDF808E0C0F8F810C0E9321540F20A
:104E68007121A0F8FC1099073AD50DEB8205531C67
:104E780000EB82016A682A3AC1F8CC20BCB905B0B7
:104E880030BD24B940F2BE212120FBF7CFFACD680E
:104E980013F0020380F8452149680195C0F8C8104D
:104EA800C0F8F81040F27121A0F8FC10DDD10DEB2C
:104EB800830200EB830352682A3AC3F8CC2005B07A
:104EC80030BD2A3D80F8454149689B07C0E9321545
:104ED800C0F8F81040F27121A0F8FC10C5D4CEE754
:104EE8001346CBE740F2A5212120FBF79FFA00BF2C
:104EF800D0F8102142B190F8143103F0FF020BB939
:104F080010467047FFF70CBC0C221046704700BFD4
:104F180070B590F8153113B10026304670BD0446BF
:104F28000D460AF0E1FD94F87831062D46D8DFE801
:104F380005F029040407310404000126304670BD39
:104F4800033B012B8CBF4FF457724FF46172D4F8B6
:104F5800B010D4F8D830401AA3F58E738518AB4238
:104F68008CBF01260026D8D82046FFF75FFC002812
:104F7800D3D0D4F8D860A6F58E76B5422CBF0026DB
:104F88000126CAE7022B12D007D8012B11D14FF402
:104F98000472DCE74FF40272D9E7DA1E012A08D856
:104FA800032B40F2563208BF4FF4E562CFE7F822F0
:104FB800CDE740F217119E20FBF738FA4FF44B71FA
:104FC8002120FBF733FA00BFF8B50D46064600214D
:104FD800D5F8E00105F5EC7703F0D2FFB0420446BE
:104FE80013D00146384603F093FF002333623CB1E7
:104FF80094E80E005B1842F10002C5E97632F8BD6C
:1050080000231A46C5E97632F8BD8368D5F8E02151
:10501800934208D2816931B10146384603F078FFDE
:1050280000232362E4E79342376238BF1346F269EC
:10503800B360002AE4D00ECA5B1842F10002C5E949
:105048007632F8BD2DE9F04F8BB090F81421002A84
:1050580040F00A8104460D4602F0FF03FF2280F863
:10506800142180F8153190F84561194680F84431CB
:10507800184604EB83030131D3F8CC20CBB22A3293
:105088009E421044F5D2D4F8C830984200F0BE8051
:10509800D4F8CC30002E00F0B280D4F8D020012E05
:1050A800134403F1540303D0D4F8D4202A32134410
:1050B800C4F8F0300AF018FDD4F8CC7094F84561C3
:1050C80007F12A0856B1012304EB83020133D2F811
:1050D800CC20DBB22A32B3429044F5D910F5FA66F7
:1050E800D4F8C8B041F1000903F040FF824604F14A
:1050F800E8005146039003F00BFFD4F8101111B1EA
:105108000398FFF761FFC3450CBFD4F8F080D4F8CB
:10511800C880BAF1000F7CD0DAF808004246DAF805
:105128000030DAF80410C018CDE9006941F1000137
:1051380010F04FFB80456ED3861949F10009D4F869
:10514800C82002F2CF730344B3FBF2F302FB03F36C
:10515800F31AC4F8E83069F10003C4F8EC30002D04
:105168004FD0ADB242F2107132464B46E5FB0123F7
:10517800C4E92A2394F87C112046FFF715FBD4F8DC
:10518800A8300546D4F8AC00991B60EB090001294A
:1051980070F1000CD4E93A2342DB8F424FF0000C47
:1051A800C4F8D8507CEB000C2046A8BF0F46C4E9D1
:1051B8003023D4F8CC3032469F4228BF1F46042300
:1051C800C4E92C698DF819304B46C4F8DC70C4E981
:1051D8002E69FFF73DFA0023BD4208968DF81800A6
:1051E8000595CDF824908DF8103033D804A904F52E
:1051F8008C700BF0AFFD90B30BB0BDE8F08F2A3385
:1052080056E74FF0FF326FF00043B1E741F28833C1
:105218004EE7504693E740F24D312120FBF706F95F
:10522800C4E9302300270423324620468DF819307C
:105238004B46C4F8D850C4F8DC70C4E92C69C4E9FA
:105248002E69FFF705FA05958DF810708DF818008E
:10525800CDE908694FF41F712120FBF7E7F840F208
:105268007D212120FBF7E2F840F267212120FBF79E
:10527800DDF800BF38B590F81431DBB90D4619B325
:1052880004460246134900F58C700BF059FD11498C
:10529800224604F5A4700BF053FDC4F810516B7B43
:1052A80003F0FF015BB984F816112046BDE83840C9
:1052B800FFF7C8BE4FF423712120FBF7B7F840F27F
:1052C80093212120FBF7B2F840F28D212120FBF732
:1052D800ADF800BFAD49000138B504460D46024699
:1052E800084900F58C700BF02BFD04F5A4702246DC
:1052F80004490BF025FD29462046BDE83840FFF754
:10530800A1BE00BFAD4900012DE9F04F87B090F86C
:105318001531002B40F0BD80044603F0FF060AF06B
:10532800E3FB94F8451133460133DAB29142FBD2DC
:10533800D4F8E82000F58E7BD4F8C830851AD4F864
:10534800EC70B5FBF3F503FB05F5AD18ABEB050BFE
:1053580047F100075B4594BFABEB030ADA46002927
:1053680000F0D980D4F8CC3003F12A02524504D891
:10537800AAEB03030126A3F12A0A012919D0D4F8BC
:10538800D03003F12A02524505D8AAEB03030136AF
:10539800A3F12A0AF6B202290BD0D4F8D43003F1CB
:1053A8002A02924505D3AAEB03030136A3F12A0A80
:1053B800F6B2A3192046B14693F87C11FFF7F4F929
:1053C800504404EB8603D3F8CC80804568D3A8EB1F
:1053D8000A08B8F1000FC0F2AE801BEB0505D4F83F
:1053E800E830D4F8B0204FF0000647F10007D4F8B1
:1053F800EC10D21A00F19380D4F8C800B2FBF0F296
:1054080000FB02F2D21841F10001C4E93A21AA1ABC
:10541800002AC0F2848004EB0903204693F87C112B
:10542800FFF7C2F9D4F8A830D4F8AC2082465B1B49
:1054380062EB0702012B72F1000140DB4FEAE871D1
:10544800984504EB890991412A46D9F8CC60A8BF50
:105458009846042346458DF809303B4628BF464602
:10546800C4E92E57C4E936062046FFF7F1F80023B1
:10547800B24504958DF80800CDF804A005978DF87D
:10548800003032D8694604F58C700BF063FC0028B4
:1054980056D008F0D9FF07B0BDE8F04F0BF03CBC80
:1054A80094F84521D4F8C830B24228D89B4534D363
:1054B800BBEB430F4FEA430238D2934689E70423F4
:1054C800C4F8D8002A4620468DF809303B46C4F86F
:1054D800DC60C4E92E57FFF7BBF8CDF804A08DF8BF
:1054E80008008DF80060CDE904572046FEF74AFA17
:1054F80008F0AAFF07B0BDE8F04F0BF00DBC01366D
:105508009B45F6B20DD204EB8603B146D3F8CC80A6
:1055180008F12A0B5DE70E464BE79B4659E7FFF774
:10552800F9F84FF485612120FAF780FF40F24541F0
:105538002120FAF77BFF40F24E412120FAF776FF4F
:1055480040F25A712120FAF771FF00BF01292DE9B5
:10555800F04F054683B02FD9022940F0CD80D0F80E
:105568001031002B00F0D280002422465C7390F8A2
:10557800781161F3070261F30F22A3F82021FF26B7
:1055880083F822610339D0F81001012900F1E800FD
:105598008CBF002101210FF0B8FBD5F8100110F0E5
:1055A800DEFFC5F8104185F8166108F04DFF03B01D
:1055B800BDE8F04F0BF0B0BB01F0010A0026D0E9BE
:1055C8002C9808F059FC95F878718346504639466E
:1055D8000EF075FE0446384609F02CFB0146BAF178
:1055E800000F03D0BB1EDBB2022B6DD94FF4FC7247
:1055F80014EB0B0346F1000613EB0904484B48EB88
:10560800060633F8173003F2E7330B444549A1FB8C
:1056180003139B09E31A66F100069C1846F100067D
:1056280010F000F99130D5F81071241AD7F8C88015
:1056380066F1000603F094FC05F1E803834237D0D5
:105648004246D7E97601CDE9004610F0C2F8804518
:1056580061D3354BD5F810211B6892F82A11834283
:1056680015D9D2F8C830C2F8D830034400293FD140
:1056780041F66A010D468842A2F8DC5041D21B1956
:1056880046F10006C2E9763603B0BDE8F08F01BBEB
:10569800264BA3FB001340F2E2419B0A01FB03F3F4
:1056A800C2F8D83041F66A03A2F8DC300346E6E7D0
:1056B80097F829010028CCD04246CDE90046D5E923
:1056C8003A0110F086F8C4E7194A02EB8303DA6856
:1056D8008EE7184BA3FB001364215B0901FB03F35E
:1056E800C2F8D8304FF4FA73A2F8DC300346C6E7A4
:1056F8004FF4FA710D46BEE74FF404612120FAF722
:1057080095FE4FF4FA612120FAF790FE40F2DB7122
:105718002120FAF78BFE40F261312120FAF786FE4C
:10572800E81C0201D34D6210D00400215917B7D1EB
:10573800981A02011F85EB5108B558B101280CD100
:105748000B4B40F6C4121A601A6841F669039A4274
:1057580008D808BD064B1860F6E740F6530121202B
:10576800FAF764FE40F65C012120FAF75FFE00BFFD
:10577800D004002110B504460DF0E4FA08B9002061
:1057880010BDE0430DF0DEFA0028F8D0E31683EAF6
:10579800A4635A1E1A42F2D0E3B25A1E13405A1E8C
:1057A8001342ECD0A0B20FF0EDFB0B28E7D820464F
:1057B8000FF0E4FB1828E2D8A3B2B3EB144F04D1DE
:1057C80084EA142313F0FF1FD9D0044B6340581EFA
:1057D8001840003818BF0120D2E700BFD6BE898E16
:1057E800F0B5070C164BA7F5AA4203EA9023543AE2
:1057F800012A20D927F4004042F6AA22801A18BFAD
:105808000120002216211F24164687EA060562EAAF
:105818000505013511D0DD0301394FEA5303ADB257
:1058280045EA56064FEAC4354FEA5404ADB245EA94
:105838005202EAD1F0BD0020E3E70020FAE700BFFA
:10584800E0FF3F00F7B5002506462C463278ABB29C
:105858009A4207D80F4B0020B3F864201444A3F8E9
:1058680064400EE006EB850701A9B7F801000EF0C9
:105878006BFD60B90199B7F80330CA8C934202D91D
:10588800122003B0F0BDD21A23449CB2CA84013559
:10589800DCE700BF64050021F7B5002304460E4687
:1058A8001746CDE900336846FBF7F4F908B1002044
:1058B8001AE0009DA542F6D0304605F1AD030DF083
:1058C80028FB394695F8AC200EF00FFC0028EAD0EA
:1058D80005F1B40395F8B32004F1B40194F8B300CA
:1058E8000EF003FC0028DED003B0F0BD054A516A73
:1058F80002F11D03127F11F8030BC0F380100EF0A4
:10590800F4BB00BFA00A0021012817D80D48824225
:1059180016D8012B0DD140F252739A4210D9A1F634
:10592800C410094B98420BD88A428CBF1220002021
:105938007047042BF3D140F6C313EEE712207047EB
:10594800302070478FFD7002CBF370020138C0B26F
:10595800032808B504D94FF43F710620FAF766FD0D
:10596800014B185C08BD00BFB41A02010138C0B26F
:10597800032808B504D94FF43F710620FAF756FDFD
:10598800014B185C08BD00BF0C1B02010138C0B2F6
:10599800032808B504D94FF43F710620FAF746FDED
:1059A800014B185C08BD00BFE81B020107B50D4A92
:1059B800B2F864309BB1013B01A9A2F864300EF043
:1059C800C3FC20B140F22A513920FAF72FFD019A81
:1059D8000120D38C0133D38403B05DF804FB18464F
:1059E800FAE700BF6405002110B504460A48FDF730
:1059F800CFFF0A492046FFF70FFA2046FDF76EFE53
:105A080038B12046FDF7AAFE2046FDF7B7FF002073
:105A180010BD1220FCE700BF98050021A005002159
:105A2800F8B50D46074640F67A4CBDF81860A81F31
:105A3800BDF81C1080B2604515D8941FA4B2644507
:105A48008CBF0020012087B9194C247C84B188B907
:105A58006FF45067EC19062C04D86FF450641419CD
:105A6800062C07D9F8BD0020EDE797F88140EDE74F
:105A78000028F7D0954218D803FB0111B1F5FA7F39
:105A880013DCA6F10A0340F676409BB283420CD899
:105A980010460DF05EFA42F2107341435E43B6EBD6
:105AA800410F8CBF01200020DCE70020DAE700BFAF
:105AB800640500212DE9F04F994685B07D4B0446D9
:105AC8000DF108087C4D18680F461B7916460290A0
:105AD80088F8043095F8663013B1404602F0C8F8EB
:105AE800394620460EF061FCAB69C4F8E83096F8F8
:105AF8004A2006EB4202B2F82AA050460DF029FAD5
:105B080001466FF4506000238244BAF1060F77D93A
:105B1800908C4FF0961284F82A31A4F8E430C4F837
:105B2800E02040F2E2420DF014FA03F065FA40F288
:105B3800E243014604F1A80AA4F8EC31C4F8C810FD
:105B4800C4F8E811504610F0E0FC834601F04CFA26
:105B58008306A97B53BF1B236B88AA881A46A4F81F
:105B68001231564BA4F814211B6884F8F010A4F8DD
:105B7800F2B01BB194F92811384698472B7C003BAA
:105B880018BF012384F829314D4B1B681BB14D49BF
:105B9800B4F8AA0098470123A4F8DE304A4B1B68E2
:105BA8001BB14A49B4F8AA009847494B1B681BB176
:105BB8004849B4F8AA009847474B1B6813B1B4F892
:105BC800AA009847454B1B6813B1B4F8AA00984738
:105BD800AB8804F1C0006A88697803330332019105
:105BE8009BB2297892B2009104F1C401FBF78AF8BC
:105BF800D4F8C03083B940F6F4713920FAF716FCAE
:105C08004FF04D12A4F8E4300123C4F8E02084F8E2
:105C18002A314FF47A738DE7D4F8C43013B940F6BB
:105C2800F571EAE70DF055F9C4F8CC00B9F1000FA9
:105C380005D002F085FA20F07F40C4F8D40096F829
:105C48004A302046E96906EB4306338EA4F8D03083
:105C5800F38EA4F8D23010F055FC414604F1170039
:105C68000EF04FFC95F8663013B9FF2384F83532EF
:105C7800AB6E23B1012204F5977150469847184935
:105C880050460DF0EEFF02F05BFA0C23B0FBF3F286
:105C980002FB1300C0B2431DDBB2082B9CBF0D30C2
:105CA800C3B2204684F823300EF0ACFB05B0BDE843
:105CB800F08F00BF403E0201640500210010002162
:105CC800F80F00218805002110100021BE050021D1
:105CD80004100021B0050021081000210C1000213B
:105CE8006E05002110B503210020FAF799FF04463C
:105CF80070B90321FAF758FF044620B940F225315C
:105D08003920FAF793FB034B93F96C1010F01DF848
:105D1800204610BD64050021014B5888704700BF1C
:105D28006405002110B50EF0DFF9204C01F004FDE8
:105D380001F072F90EF057FF03F03CF801F0B8FFDC
:105D480007F0A4FC012001F00BF90021184B194AB7
:105D580019604FF01B13A4F86410A18184F8321065
:105D6800E173C4E900234FF4A4731022A3604FF435
:105D780079432361104B58681B89606304F13C0028
:105D880023870CF019F9012342F2107204F15A002A
:105D980084F83C306375C4E9102210F02DFD04F13D
:105DA8004C00BDE8104010F04DBD00BF6405002157
:105DB800F00F002103021B00B41A0201044B41F644
:105DC8004C521B211A629973C3E90622FFF7AABF36
:105DD80064050021F7B53A4D00F1A8070446AB6900
:105DE800C0F8E8302B7C003B18BF012380F829312C
:105DF800344BC0F8C83038460FF0BCFD064601F0F9
:105E0800F3F88306A97B53BF1B236B88AA881A461D
:105E1800A4F812312C4BA4F814211B6884F8F01054
:105E2800A4F8F26023B194F92811B4F8AA009847AD
:105E3800264B1B681BB12649B4F8AA009847254988
:105E480038460DF00EFF0123A4F8DE30224B1B6804
:105E58001BB10021B4F8AA009847204B1B681BB15E
:105E68000021B4F8AA0098471D4B1B6813B1B4F879
:105E7800AA0098471B4B1B6813B1B4F8AA009847AF
:105E8800AB8804F1C0006A88697803330332019152
:105E98009BB2297892B2009104F1C401FAF732FF5B
:105EA800D4F8C03023B940F2E2413920FAF7BEFAFB
:105EB800D4F8C43013B940F2E341F6E703B0F0BDBB
:105EC8006405002100093D0000100021F80F0021A1
:105ED800880500216E050021101000210410002102
:105EE800081000210C1000212DE9F34104460E464C
:105EF8000FF06CFF002800F09680204610F0A3F801
:105F080040B1B6F80130013B7F2B03D9122002B013
:105F1800BDE8F081204610F09AF808B90C20F6E7A1
:105F280020460FF0DEFD0028F8D120460FF0F7FEDE
:105F380080460028F2D1204604F068FD0028E5D00C
:105F480042F21073B6F80170F17820465F4310F002
:105F580065F804213078FAF763FE054606213078A3
:105F6800FAF75EFE2DB140B141F676213920FAF7F5
:105F78005DFA18B3054690F8E5802C4E3368EBB10E
:105F8800403528460FF01CFCC0B128460FF009FC2C
:105F9800A0B9B8F1000F07D0254B28461B689847D1
:105FA80060B141F68A21E1E7224942463368284632
:105FB800096A984710B141F68F21D7E7204610F0BB
:105FC8003AF8014638B93A46204603F02BFD40B36B
:105FD80041F69821CAE702210DF10600FAF7ACFD57
:105FE800054608B90D2092E7BDF806100EF019FA1B
:105FF8002946204610F05BF82846FFF7EBFE3A46A4
:106008002946204603F00EFD024610B141F6B421A0
:10601800ACE7084B9B6E23B105F5977105F1A80015
:106028009847002073E7422071E700BFF40F002172
:10603800FC0F00216405002108B50378032B0ED856
:1060480003F0FD03012B074B06D1074A07481A60E6
:1060580001F0F6FF002008BD00201860F8E71120C5
:10606800F9E700BFF00F00214D580001B5590001B4
:10607800074B01889A88914207D3B0F8032091B260
:1060880019B10020A3F8642070471120704700BFA1
:1060980064050021024B1B6803B118470C207047A8
:1060A800F00F0021014B93F96C0070476405002143
:1060B800034B5A8802801B7883700020704700BF0A
:1060C8006405002173B5837806461A2B08D8042B7B
:1060D80004D9334A22FA03F3DB0705D412251AE060
:1060E800292B01D03B2BF9D13088B0F5706FF5D250
:1060F80069460EF029F988B9009B93F82C2102F023
:10610800FF05C2B9B27883F82D21FF2283F82C212C
:1061180068460DF032F8284602B070BD0921308873
:10612800FAF77EFD0446002837D001A9B0F8AC0183
:106138000EF00AF908B10C25EDE70821B4F8AE0114
:10614800FAF76EFD20B94FF404613920FAF76EF9B9
:1061580003781BB994F8C831032BECD1019B93F851
:106168004221002AE7D194F8F02102F0FF05002A25
:10617800E1D1B4F8B021A3F8442194F8B82183F808
:106188004621027D83F84721B27883F8482184F8B4
:10619800F021FF2283F84221BDE70225BBE700BFBB
:1061A8002000380438B50278447802F0010302F080
:1061B800020254EA030101D1112038BDBAB9857829
:1061C800002DF9D0002B18BF002400E01D46204602
:1061D8000CF06FFF0028EFD028460CF06AFF00286B
:1061E800EAD0054B00209C72DD729881E5E7002B10
:1061F800ECD000242546EAE76405002113B50088A1
:1062080001A90EF0C3F8044620B9019890F83E3170
:106218001BB13A24204602B010BD90F85C3003F060
:10622800FF04002BF5D190F853309B0706D1FF23CC
:1062380080F83E3101A80CF0A0FFEBE7024954308A
:106248000EF0F9FCE6E700BF0D5701012DE9F04714
:1062580003780446032B03D912252846BDE8F087A6
:106268004378032BF8D8437E8578002B4FD1012D36
:10627800F2D100F0C3FE854340F0928094F802808A
:1062880018F0010506D001232269A168E078FFF71C
:106298003BFB054618F0020F07D002232269A168CC
:1062A800E078FFF731FB2843C5B218F0040F7BD024
:1062B80094F803A00423D4F808902269504649466C
:1062C800FFF722FB284310F0FF05C6D1B8F1050FF0
:1062D8000ED194F804800423E16862694046FFF710
:1062E80013FB05460028B8D1C24559D1894557D175
:1062F800237E013B062BAFD801210020FAF790FC42
:10630800054650B940F642413920FAF78FF86B1E1E
:10631800062BA1D8AA079FD4ABE7A830FEF776FDD5
:1063280018B195F854309B073CD1657EE278003D62
:10633800A078A16818BF0125012AB4F800E000F090
:10634800040314BFB2FA82F2022294F818C018BFEC
:10635800520910F0010F1FD026695BB16769F31964
:10636800994207D24B089E4228BF1E468B1B9F426C
:1063780028BF1F460E4B83F83950002583F8340098
:1063880083F83520A3F836E083F838C083F83C005A
:106398009F64C3E9101660E7002BEBD02769E9E793
:1063A80011255AE70C2558E7002DA1D055E700BF65
:1063B8006405002100B589B0437940F271218DF858
:1063C800043083798DF8053001238DF80630037881
:1063D8008DF80730B0F801304B430393B0F8032031
:1063E8004A430D4991F838100592A2F6C4128DF867
:1063F8001C1000218DF81D1008498A4209D8A3F6FF
:10640800C4138B4205D801A8FFF720FF09B05DF837
:1064180004FB3020FAE700BF640500213C369C00ED
:106428002DE9FF4106460078012813D17378012B26
:1064380003D9022B0CD1B38853B17288B2B1B38897
:10644800A3B10A214A434FF4A0614B439A420DDBA2
:1064580012247AE00028FBD10121FAF7E1FB054676
:10646800002840F08E8040F69A5107E00121002074
:10647800FAF7D6FB054620B940F63F513920F9F71F
:10648800D5FFB388002B76D1FCF7D4FF002874D150
:1064980095F81431002B72D12846FFF7A5FA044667
:1064A8000028D5D10121DFF830810846FAF7B8FB7A
:1064B80098F81410074619B110B940F65B51DDE79A
:1064C80098F834200023CDE9023312F001031CBFF1
:1064D800D8F844000290520741BF04AA02EB830394
:1064E800D8F8482043F8082C002941D097F81431EF
:1064F800002B3DD07388DBBB98F8343038460093C6
:1065080002ABD8F8402098F83610FDF797F978B321
:106518003846FEF7EDFC07F14003064605F1400258
:10652800683753F8041BBB4242F8041BF9D12846CC
:10653800FFF75AFA024610B140F682519EE70C2E38
:1065480007D101462846FEF7C7FE204604B0BDE83D
:10655800F08116B140F68B5190E798F8353028460F
:10656800296D43F0040385F85430FEF783FEECE709
:10657800B2887188E6E71124E7E73A24E5E70C24B6
:10658800E3E7FEF739FC04460028DED195F85430DD
:1065980095F8A62022B195F8A720134385F8A60000
:1065A800053B012BD1D82B6D13B940F6AA5165E7ED
:1065B80001210846FAF734FB4FF4C0722946064613
:1065C8000BF0A6FD002386F894300423316D304685
:1065D80086F85430C9E700BF640500212DE9F04F63
:1065E800457A8BB00446A90718D545F001054572D0
:1065F800072D15D800F002FD35EA000040F0508163
:1066080094F848308BB9012D0AD1A369A54AA3F2A1
:106618005373934200F24281012609E06A07E7D1E9
:10662800122420460BB0BDE8F08F15F00106ECD11E
:10663800AB0745BF731CB1464FF0FF09DEB26F07C9
:106648000AD5B31D984A54F82330A3F6C4139342CD
:1066580000F224810136F6B204F1080704F122059C
:106668004FF000085FFA88F39E422BD823789A1ED1
:10667800022A40F21581012BD2D813B9A378012B35
:10668800CED86378032BCBD894F84930013B062B3E
:10669800C6D8864F01210020FAF7C2FA3B7D05468D
:1066A800002B44D101210846FAF7BAFA002818BF8E
:1066B800054605F1A800FEF7A9FB0646002850D0BC
:1066C8000C24AEE799452DD0D7F804A03B69534573
:1066D800A6D86A8B2B8C9A42A2D80120B5F814B0A0
:1066E8006988EB892A89CDE900B00020CDE9021339
:1066F800FFF796F9002800F0D180B8F1000F11D00B
:106708002888029988428BD1E988914288D1AA8940
:10671800039B9A4284D16B8A5B4581D13B689A4539
:1067280040F0BE8008F10108043702359AE7A83026
:10673800FEF76CFB0028B5D06FF00043D5E92A12AC
:106748009A4208BFB1F1FF3FACD1637A2846009363
:1067580004F11803E2686178FDF770F8064600282E
:10676800A0D02846FCF76CFE08B13A2459E7284621
:10677800FCF760FE0028F8D1FB7C4BB906AF069306
:106788007B6006238DF81E303846FAF783FA68B323
:1067980000210DF11600FAF7CFF9074600287BD043
:1067A80001232246BDF81610FFF784F938460FF08A
:1067B800C1FE1EB961782846FCF7CCFF04F1030836
:1067C800A278217828464346FCF762FF00286FD15B
:1067D80012240021B7F8AA00FAF738FA00283FF483
:1067E80020AF41F288213920F9F720FE069B93F863
:1067F800CD20802AC8D093F8E530002BC4D05FE7BD
:10680800637A8DF8186013F00102E16818BFA06977
:1068180007911EBF089001208DF818009E0744BFFD
:106828000132D2B258071BD59DF81800063203F082
:10683800050354F8222040F00400052B09928DF836
:1068480018000DD108981318994209D24B088342B1
:1068580028BF0346C91A0893914294BF0991099227
:1068680006A92846FEF7D8FA94F8481028460039B1
:1068780018BF0121FCF708FF94F849102846FCF7D7
:10688800D9FE2846FDF77AF839462846FEF7F2FC85
:106898000024C6E60B249CE70D24C2E63024C0E69B
:1068A8001124BEE63CF67002CBF3700264050021A9
:1068B80016B92846FCF752FF21784346A2782846A5
:1068C800FCF782FF94F8099000F098FB09EA0001B0
:1068D800284601F00501FCF7B1FE16B9042385F836
:1068E80054302F654246A0780CF013FB0146284629
:1068F800FCF786FF237833B94246A1783846FEF77D
:10690800CBFF0028C6D1002E3FF47AAF04212846D9
:10691800FCF7EEFE0028BBD10C245AE710B54379EA
:1069280094B0032B57D823F00203027940F2712167
:106938008DF80630D0F806308DF80420CDF80730F1
:106948004389027BADF80B3001238DF805208DF8C3
:106958000D3003884B43049342884A430792A2F6BA
:10696800C412847B417B41EA0421ADF82810047CE1
:10697800C17B41EA0421ADF82E10847C417C41EAB8
:106988000421ADF83410047DC17C41EA0421ADF83E
:106998003A10417D847D41EA0421ADF84010C17D63
:1069A800007E41EA00210E48ADF8461000218DF81E
:1069B8004C108DF84E100B4990F838008A428DF82B
:1069C8004D000AD8A3F6C4138B4206D801A8FFF7D6
:1069D80005FE14B010BD1220FBE73020F9E700BF18
:1069E800640500213C369C0073B506230025CDE9DB
:1069F80000558DF806306846FAF74CF908B10026BC
:106A080010E0009D95F8CD30802BF4D095F8E56026
:106A1800002EF0D095F83131002BECD195F8CC3020
:106A2800002BE8D101210020FAF7FAF8044620B932
:106A380041F2BB213920F9F7F9FCA830FEF7E6F955
:106A4800224B1B7D73B3E0B194F85430053B012B06
:106A580017D82046FEF74CFA054610B141F2C62178
:106A6800E8E72046FCF7F2FC94F854302A46294619
:106A780023F00403204684F85430FEF72DFC00254B
:106A88000DE001210846FAF7CBF8044610B941F2A7
:106A9800D221CFE7A830FEF7B9F960B90C2528460E
:106AA80002B070BD28B9002EF8D0FF2385F8CC308D
:106AB800E5E7002EF9D12046FEF71AFA0546002828
:106AC800EDD12046FCF7C2FCE9E700BF64050021D0
:106AD800F7B5067804460F46EF2E03D9122630463E
:106AE80003B0F0BD90F901204378002AF6DB8278E4
:106AF8009207F3D113F010001DD19D0603F0030295
:106B080016D5002AEAD11907E8D42179E278E5797F
:106B180042EA0122617942EA0142A17941EA05216A
:106B2800257A41EA05418A42D8D81F2A12D8D5E7E2
:106B3800032AE8D1D2E713F0600FCFD103F00702A0
:106B4800052A05D003F00F010D22CA40D207C5D58A
:106B58001D07DAD5627A013A062ABFD8A27A032A33
:106B6800BCD813F0040302D1023A012A03D8E27A0E
:106B7800012AB3D813B9A37C032BAFD8237DF8B16E
:106B8800012BABD1237E012BA8D818B36378D90782
:106B980002D500F089F920B36378227D03F0180349
:106BA800082B2ED1022A1CD103213046FAF738F8D7
:106BB800054660B30EF095FF002834D00C268EE70A
:106BC800022B8BD0A37D013B022B87D8E37D0F2BB3
:106BD800D8D983E700F012FA820707D4237D022B65
:106BE80001D111267BE7A37D022BFAD000F006FA2B
:106BF8004307CBD4237D032BF3D0A37D032BC5D12F
:106C0800EFE7022AD0D0237F002BCDD0E9E703217C
:106C18003046F9F7C9FF0546002843D0224B93F9BF
:106C28006C100FF092F8002130460FF0BFFD28BB22
:106C380028460FF0FDF921463870E07428460FF019
:106C4800F8F8E37E0646002B3FF449AF00287FF4AE
:106C580046AF0246E96C6846FAF734F93246E86C02
:106C680001210BF09EFFE96C68460422FAF72AF925
:106C780032463146E86C0BF094FF30E740300EF0B6
:106C88009FFD0028D4D0637813F0330F7FF426AF2C
:106C9800A67D2846296A0FF0E9F9FEF757FE8642D5
:106CA800C6D08BE707261AE76405002130B50279BC
:106CB8008BB00346042A4FD84088B0F5804F4BD894
:106CC800264900241144ADF800408DF808408A7C1C
:106CD8004D7B42F010028DF8244042EA4502CD7DFA
:106CE800097F42EA850242EAC102694602F01F02B0
:106CF8008DF80020BDF80020ADF809201A888DF81D
:106D08000E00000A8DF80B20120A8DF80D408DF840
:106D18000C208DF80F008DF810405A7BD3F807002F
:106D28008DF811205A79059002A88DF812209A79C9
:106D38008DF81320B3F80B209B7BADF818208DF845
:106D48001A307F238DF81B304FF00113CDE907343B
:106D5800FFF7BEFE0BB030BD1220FBE7B41A0201EC
:106D68000278034672B1427862B142881A2A09D978
:106D780082881A2A06D90068034A106000209B8876
:106D88009380704712207047640500210268002034
:106D9800014B9A61704700BF64050021026800201A
:106DA800014BDA61704700BF640500210378A3F145
:106DB8000A02112A9BBF024A0020122093737047CF
:106DC800640500210378FF2B15D14378FF2B12D1DE
:106DD8008378FF2B0FD1C378FF2B0CD1037923F0D5
:106DE800E0021F2A07D11F2B05D05B09034A0020A8
:106DF80082F8383070471220704700BF64050021C0
:106E0800014B58740020704764050021014B9874A9
:106E18000020704764050021024B1B6803B1184726
:106E2800112070471410002108B50122054B1A7172
:106E380003F0D6FD04F0F2FA0CF0D4FEBDE80840E9
:106E480001F026B8D405002110B5064C064904F116
:106E580008000CF05AFE04F10C000449BDE810408B
:106E68000CF053BED4050021600000216800002109
:106E780010B5094C094904F108000CF046FE04F16C
:106E88000C0007490CF041FE04F110000549BDE86B
:106E980010400CF03ABE00BFD4050021700000215C
:106EA8007800002180000021014B1879704700BF4D
:106EB800D405002110B50A4C072000F05DF80949F7
:106EC80004F108000CF021FE04F10C0006490CF056
:106ED8001CFE04F110000549BDE810400CF015BE79
:106EE800D40500218800002190000021980000218D
:106EF80038B5074C0D4600F09FFFA06825600CF0E0
:106F0800FCFDFEF75BFF01F033F90123237538BD63
:106F1800D4050021014B187D704700BFD40500211E
:106F280010B50A4CE0680CF0E8FD20690CF0E5FDAE
:106F3800FEF7F8FE202000F033F8262000F030F8A5
:106F4800292000F02DF80023237510BDD405002159
:106F580000487047E905002100487047EB0600210A
:106F6800014B83F819027047D4050021014B93F8AF
:106F780019027047D4050021C208074900F007002C
:106F880001238340885C03438B5404490B78934264
:106F980038BF13460B70704718000021EE07002118
:106FA8000F4B012110B503EBD002C40800F0070015
:106FB80001FA00F0195D21EA0001195509490B7819
:106FC800A34205D1002012F8014914B100B10B7099
:106FD80010BD002BFAD0013B0120DBB2F3E700BF64
:106FE80018000021EE070021014BD3E9000170478A
:106FF800180000210048704720000021054B186840
:10700800C0F3C022C0F30020400040EA820040F0F4
:10701800010070471800002108B508F0E5FC0023BE
:10702800074A32F82310814205D302EB8302937892
:10703800044A137008BD01330C2BF2D10023F7E783
:10704800DC1A0201EF070021024B1878072828BF35
:1070580007207047EF0700212DE9F04F0468984694
:107068000F4685B094F86330164604F1A80994F8E1
:107078000FA043EAD303D90702D4BAF1260F5FD190
:1070880094F8A850002F55D1FFF7B8FF8DF80B00E2
:10709800002E51D1FFF7B2FF2B4B8DF80C00D3F81F
:1070A80000B0BBF1000F0CD0AAF1260228464946D1
:1070B800534253410DF10B02009303ABD8470546E9
:1070C80030B99DF80B3013B19DF80C0028B909258B
:1070D800BAF1260F2AD10020034694F8292132B1AB
:1070E8009B0700F002002DD560B302200346FF2263
:1070F80084F8392194F8382102F0FF05F2B99DF897
:10710800382003A984F83B01484684F8382184F8DC
:107118003A31A4F83C818DF80C708DF80D60ADF80B
:107128000E800CF09EFD002384F83931284605B006
:10713800BDE8F08F3846A9E73046ADE73A25F2E7D3
:107148001A25F3E70925F1E71810002110B504689E
:10715800B4F8AA3084F87E11A4F87F3194F820019D
:10716800FEF704FC84F8810194F82101FEF7FEFB88
:10717800044984F8820104F27510BDE810400DF04E
:107188005ABD00BF313C010130B5C1F30722CCB272
:10719800164985B0C5B2C0F307230978019049B9EB
:1071A800114620460CF04BFD20B9194628460CF034
:1071B80046FDB0B12B40234002EA030001460BF024
:1071C800BBFE044608460BF0B7FE032C04D1BDF8FD
:1071D8000630012B08BF0424E4B244EA002005B0BD
:1071E80030BD05EA020003EA0401E8E7F0070021E0
:1071F8002DE9FF4704688946054694F80EA0AAF1D0
:10720800250359425941052A35D1E37B272B37D12C
:1072180004F10F0799F8018099F8026008F007084F
:1072280006F0070608F1FF33721E03EA080332402E
:1072380013431FD130460CF0ACFD60B394F82031F5
:10724800984228D094F83A21164213D0BAF1250F63
:1072580021D094F8192116421DD10138013B474A23
:10726800C0B2DBB21044032B00790FD81A4413794B
:10727800834210D9284604B0BDE8F0470CF051BD50
:10728800BAF1250F77D104F10E07C3E74FF4DD718A
:107298000620F9F7CBF840460CF07BFD40B194F896
:1072A8002131834204D094F83B3118EA030FE1D02E
:1072B800B9F8039003AB20463246009341464B464B
:1072C8000CF074FD2C6878BB94F83831012B28D168
:1072D800E38804F5347294F82011B4F83C010CF0FA
:1072E800C6FD0646D0B901462846FFF72FFF2B6892
:1072F80083F838613E702B6803F10F02974201D181
:107308000022DA732B6803F10F0297422FD1284627
:107318000DF09DFE002004B0BDE8F0872C23A37378
:10732800E9E784F83801E6E7E388A4F8D09209F1A0
:10733800FF39A9EB030947F6FD731FFA89F9994547
:1073480006D92823284684F8313001F049FAD9E7CC
:10735800E37B0D2B02D00A3B012B01D82A23F1E74E
:10736800BDF80C30A4F8D23229233B70CAE70022BA
:1073780083F84A20CEE70220CDE700BF0C1B0201AC
:10738800024B002283F832209A867047F2070021C8
:10739800044B93F83220012A1ABF03600120002011
:1073A800704700BFF2070021054B024693F83210E0
:1073B80001291BBF01209A86002083F832007047FC
:1073C800F2070021054B024693F8320020B1136002
:1073D80009B19B8E0B800120704700BFF207002186
:1073E800044B002293F832009A8610B1012083F8EA
:1073F80032207047F2070021034B93F83200B0FAAD
:1074080080F04009704700BFF207002150B90A4ACE
:107418000120134603F8010B0868C2F801008A88A6
:107428009A807047012805D1034B0A68D8719A6081
:107438008A889A81704700BF2808002150B90B4BF1
:10744800187888B1D3F80120B3F805300A60012014
:107458008B807047012806D1044BD87920B19A68EF
:107468009B890A60F3E70020704700BF28080021C5
:1074780010B9044B18787047012806BF014BD8791A
:107488000020704728080021F7B58A8800238DF866
:107498000600ADF8042008680B4A8DF8073001464D
:1074A800147802F5A872019DD8B2844201D8082048
:1074B80007E052F8087F01335668AE4208BF8F4292
:1074C800F2D103B0F0BD00BF38080021084B0146D7
:1074D800002230B55C7803F20113D0B2844201D89F
:1074E800082004E013F8015F01328D42F5D130BD68
:1074F80038080021F8B52D4C63782218013B92F822
:107508000251DBB28342637030D01A010101961C2C
:107518008F1C2644274406F1100C56F804EB6645E8
:1075280047F804EBF9D1823282312244214402F136
:10753800100652F8047BB24241F8047BF9D1E118F5
:10754800221891F8026182F802610626734370439B
:1075580003F5857300F58570E618E358271823505E
:10756800B388BB8091F83A3182F83A312846FFF760
:10757800ADFF082818D12378013BDBB29D42237068
:1075880012D02B3305F12B0204EBC30304EBC20228
:1075980093E8030082E803002078FFF797FF0828A4
:1075A8001CBF241884F80251F8BD00BF3808002118
:1075B800F0B5254D89B095F8984105F299116846BE
:1075C80022460AF0A5FD214668460CF0ACFD0446AB
:1075D800B8B300EB400102A8C9B2F9F761FD631E18
:1075E80095F8A1610124DBB295F8981105E0721CA9
:1075F800B2FBF1F001FB1022D6B206F120020DEB2E
:10760800020010F8202C002AF1D103EB430100F806
:10761800204C06EB460220312A44694411F8187CB4
:1076280082F8A27111F8177C11F8161C82F8A37160
:1076380082F8A411013BAA19DBB282F89941FF2B09
:10764800D2D109B0F0BD00BF3808002170B5064698
:1076580088B00C46002A4ED0294A92F8A131D01899
:1076680090F8991119B9FF212820F8F7DFFE03EBEC
:1076780043010133114491F8A251E57091F8A351E7
:1076880091F8A41125716171002180F8991192F87F
:107698009811B3FBF1F001FB103382F8A13192F895
:1076A800C23123B9174902F5DD700DF0C1FA6579C9
:1076B8000D220021684605F03F0545F0400565713B
:1076C8000AF07AFCE37804AA69468DF80F30304650
:1076D80023798DF80D508DF80E3004230AF0BAFA8C
:1076E8009DF81F3023709DF81E3063709DF81D3083
:1076F800A37008B070BD03216018F9F7D1FCD6E774
:1077080038080021B9750001044B5A78824286BFB7
:107718001B1893F84A010020704700BF3808002161
:10772800044B5A78824286BF1B1893F84201002006
:10773800704700BF38080021064B00224FF46171E2
:107748001A8083F8C32183F8C421A3F8C61183F8EB
:10775800C221704738080021014B83F8C4017047E3
:1077680038080021014B93F8C401704738080021FC
:1077780010B51446FFF788FE082813D0FFF7A6FEB9
:10778800094B5A7882420DD904B12070184490F8F8
:107798003A3190F84A01012B08BF40F0010000F08F
:1077A800010010BD0120FAE7380800212DE9F04753
:1077B8008246894617469846FFF766FE082805461A
:1077C800064603D0FFF782FE082860D1324C637862
:1077D800072B5ED8082D15D12678731C072E237029
:1077E80003D96C212820F8F721FE06F12B02D9F8DD
:1077F800000004EBC20344F83200B9F8042083F80F
:1078080006A09A80657807F110026B1C2901637045
:107818004B1C234412F8010DBA4203F8010FF9D1A9
:10782800813108F11003214413F8012D984501F81E
:10783800012FF9D12544102140460CF0BAFC102143
:1078480085F8420138460CF0B4FC85F80261667888
:10785800002385F84A013146104885F83A310CF082
:1078680062FC0128054607D831460D480CF05BFC40
:10787800002818BF0135EDB284F898510025284634
:1078880084F8A151FFF794FE2846BDE8F08712203E
:10789800FBE70720F9E700BF380800217A09002133
:1078A80082090021064B10B55878013840B20028EB
:1078B80000DA10BDC4B22046FFF71CFE601EF5E7D3
:1078C80038080021014B83F8C301704738080021AC
:1078D800014B93F8C301704738080021431E4AF250
:1078E800B7129BB293429DBF024BA3F8C601012079
:1078F8000020704738080021014BB3F8C6017047D3
:10790800380800210A4B30B55C7884420ED91844F7
:1079180090F802012B3003EBC004A5790D7053F8E1
:10792800300010600120A388938030BD0020FCE760
:107938003808002170B506460D4606F05DFF05F0D3
:10794800FDFE0A4890F8C34164B1417861B100F185
:10795800820302303246002D08BF184605F0BAFEF1
:1079680005F012FF204670BD0C46FBE738080021E1
:1079780008B5064B024603EB0113012103F182000F
:1079880005F0A8FEBDE8084005F0FEBE3808002155
:107998000246074810B590F8C34124B1417821B197
:1079A800023005F097FE204610BD0C46FBE700BFED
:1079B800380800212DE9F74F2F4C9A468046894612
:1079C8006378834256D9231893F8425185F001050C
:1079D800F9B193F84A31E3B945F002070135BAF134
:1079E800000F18D1FA070AD5062104EB08105246F1
:1079F80001FB0841823001F58571FFF727FEBB07BF
:107A080034D504EB0810524649460230FFF71EFEF3
:107A18002CE02F46E3E794F8A1614FF0010B002D0D
:107A2800E0D0A31993F89911019399B90092DAB1AA
:107A380000F06EFB019B06EB4601009A4FEA102C02
:107A480083F899B1214481F8A201000C81F8A3C1FF
:107A580081F8A401013694F89831013DB6FBF3F1A1
:107A680003FB1166F6B2DAE747F00407384603B0BD
:107A7800BDE8F08F0027F9E738080021F8B5064679
:107A8800174C48B3617804F5A1700CF04CFB94F8DE
:107A98009851074604F2991029460CF044FB2D1A18
:107AA800EDB2AF421AD800256278EBB29A4201D8FB
:107AB8000120F8BDE21892F842215AB9062132464F
:107AC80001FB034104EB031301F5857103F1820007
:107AD800FFF7BCFD0135E7E70546E5E70020E8E7E5
:107AE80038080021F0B51B4E89B007460D4673785B
:107AF80083422CD9331893F8424144BB0D222146C6
:107B080068460AF059FAEB7806EB071004AA8DF8D4
:107B18000F3069462B7982308DF80E306B798DF8ED
:107B28000D3004230AF096F82A789DF81F309A42FF
:107B38000AD16A789DF81E309A4205D1AC789DF832
:107B48001D30E31A5C425C41204609B0F0BD0020BC
:107B5800FBE700BF38080021074B5A78824209D951
:107B68001A1892F842212AB9062202FB003000F5C1
:107B7800857070470020704738080021064B5A78F6
:107B8800824281BF1B1893F83A01B0FA80F040098D
:107B980098BF0020704700BF38080021F8B50E468E
:107BA80007460621154630460CF003FB044670B123
:107BB8000C4B0022587803F23913D1B2884202D80C
:107BC80001242046F8BD013203F8015FF5E731468C
:107BD80038460CF0C4FA0828F3D0024B034483F863
:107BE8003A51EDE738080021034B80F880101B68F4
:107BF8000BB14088184770471C1000210B2808B5A6
:107C080004D940F229112920F8F710FC014B33F868
:107C1800100008BD141B0201036830B50024D3F816
:107C2800C80042F21075A3F84040B3F844404443FA
:107C3800B4FBF1F4A3F844404C1E05FB0242B2FB2E
:107C4800F1F2A3F84220094AB2FBF1F20132A3F89B
:107C580048209A8F05FB02445A6B5043B4FBF1F459
:107C6800B0FBF1F09C63586330BD00BF005A62025C
:107C7800054B1B7833B9054B1A681B7902600371F1
:107C88000120704700207047000A002128000021C9
:107C9800054BFF221A70054A0168116001791171BC
:107CA80000221A70704700BF000A00212800002136
:107CB80007B5064A10681279009068468DF80420C6
:107CC800FFF7E6FF03B05DF804FB00BF403E02018A
:107CD8000346084671B13F2B0BD8074AD35C03F023
:107CE8007F02914205D08CBF0120002000EAD3100A
:107CF80070470120704700BF2C1B0201FF230B7047
:107D080002234B7083238B70014B1B78CB70704719
:107D1800040A00212DE9F84FD0F804800C46D8F861
:107D28001C6030460AF00AFE054620B94FF4AA71D5
:107D38001020F8F77BFB014630460AF00DFEB5F837
:107D480000B082461FFA8BF717B94FF4AC71EFE712
:107D5800224B00F103091B68D3B998F8023098F850
:107D680003202370637802F00F02A4F802B023F016
:107D78000F03134323F0C00363709AF8003003F035
:107D88000303012B0FD0022B0DD04FF4BB71CFE7AB
:107D98003A464946B8F80200984705460028DCD11B
:107DA8002846BDE8F88F6278304663F305126270A2
:107DB8000AF0DCFD054610B94FF4C071B8E7FB2F97
:107DC80002D940F28F11B3E73A464946201D0AF01E
:107DD8009FF930460AF021FDE2E700BF201000219C
:107DE80038B5134C10220021201D0AF0E5F80125B2
:107DF800257404F108031022002104F11400C4E9D9
:107E080001330AF0D9F884F8205004F11803094A1C
:107E1800C4E9053300236362A36284F82C30C4F8F4
:107E28002D30C4F8313084F835301360A36338BD81
:107E3800040A00212010002110B5084C2378FF2BDC
:107E480004D040F299111020F8F7F0FA09F048FF31
:107E58002070BDE81040FFF7C3BF00BF2D00002110
:107E680010B5034C207809F055FFFF23237010BD8F
:107E78002D000021014B187809F05CBF2D0000216E
:107E8800014B024A1A607047281000211D7D00012D
:107E9800014B024A1A607047281000211D7D00011D
:107EA8002DE9F341DFF88881054608F11407D8F871
:107EB8000830D8F81840227A012A22D1D8F8382078
:107EC80052B1137A1BB9BF211020F8F7AFFAD8F8CE
:107ED8003840C4B9002093E01A7A012AFAD01C4627
:107EE800544AEFF3108172B650680068506001B9C7
:107EF80062B6A34208BFC8F83840237A1BB9EE21FE
:107F0800E2E73A46EDE7267AF6B205232372731EB6
:107F18000B2B7ED8DFE803F07A062336773F4E3FF7
:107F28003F3F3F6B636813B94FF40371CCE72046BA
:107F3800294698470420EFF3108272B6237A052B5E
:107F4800D9B24FF0000369D12372D8F83810A14292
:107F580001D1C8F83830002A45D162B643E06368D9
:107F680013B940F21521AFE7294620469847034642
:107F7800ADF80400C0B2C3F30723012B3ED0022B97
:107F8800D9D129E0636813B940F21D219CE7204646
:107F980098470020CFE7284B1B68002BF9D03246C2
:107FA800606829469847A6F10A02042053425341C3
:107FB8005B00E4E763680BB9FE2185E786222A7037
:107FC80001225988AA706A7100229869A5F80310DD
:107FD800AA710AF022FC0420D8F83830A34202D152
:107FE8000023C8F8383000283FF461AF08E0134B8D
:107FF800294620461B689847034668B9267298B1F7
:1080080002B0BDE8F0814FF415715DE740F25721E9
:108018005AE740F25A2157E70220DDE711B940F24A
:108028007B2151E7184696E7002B7FF440AF51E7D4
:10803800040A0021080A0021241000212810002128
:10804800014B1860704700BF20100021134610B57F
:10805800027A22B140F202311020F8F7E7F90A4615
:1080680001460248BDE810400CF0BFBD080A0021D7
:10807800044890F82C301BB9034924300CF0D2BDC9
:10808800704700BF040A0021E34B0101034606487C
:1080980090F83C203AB190F8352022B9034900F80D
:1080A8002D3B0CF0BFBD7047040A0021057D00017F
:1080B8000A4610B5037A23B140F20A311020F8F7C6
:1080C800B5F9014607230248BDE810400CF08DBD04
:1080D800180A00211346027A0AB1037270470A4649
:1080E800014601480CF081BD080A002101490CF045
:1080F800A2BD00BF4B4C0101014B1878704700BF6F
:10810800410A0021014B1878704700BF2E0000215A
:10811800094AD2E90003434083EAB01181EA4321C6
:108128004FEAF34311605360044B58434FEAF06041
:1081380000EB8000704700BF440A0021BB79379EDE
:10814800094AD2E90003434083EAB01181EA432196
:108158004FEAF34311605360044B58434FEAF06011
:1081680000EB8000704700BF30000021BB79379ECC
:1081780010B50A4C08210948F8F792FFD4E90032F3
:108188001343F7D0064CFFF7DBFF2060FFF7D8FF5B
:10819800236860601843F6D010BD00BF300000218E
:1081A800440A002138B5A0F10B0314460D46DBB292
:1081B8002046432B96BF0A4AFE21D15C0CF0F9FEFB
:1081C80068B965B12978272907D03F2908BF3E211A
:1081D8002046BDE838400CF0ECBE2621F8E738BD53
:1081E8006C1B0201174B184A9A60184ADA62184A3F
:1081F8001A61184A5A61184A9A61184A1A63184A41
:108208005A62184ADA64184A9A64184A9A63184BE8
:10821800184A9A60184A1A62184A5A60184A1A6024
:10822800184A9A62184ADA62184ADA60184A9A6151
:10823800184A1A63184A9A64184ADA64184A5A6239
:10824800704700BF2C1000211D5101018B54010102
:108258005D54010127540101118900013D8C000181
:10826800F18A00016356010189560101958A0001CE
:108278002C110021335101011356010189510101CB
:108288004D530101A1550101A1540101BF5501013F
:10829800875501012F570101CD560101B95601013A
:1082A80029560101174B184A9A60184A5A60184A09
:1082B8001A60184A9A62184ADA62184ADA60184A42
:1082C8009A61184A1A63184A1A62184ADA64184AEC
:1082D8009A64184A5A62184B184A9A60184A5A629D
:1082E800184ADA62184A1A61184A5A61184A9A6191
:1082F800184A1A63184A9A64184ADA64184A9A6338
:10830800704700BF2C1200211D510101435101018A
:1083180085520101C15401011D55010185890001E2
:108328002F5501013D8C0001958A0001635601011A
:1083380089560101F18A00012C13002133510101F2
:10834800295601014D550101FD5401016D550101E9
:10835800258A00012F570101CD560101B9560101A7
:1083680013560101054B064A9A65064ADA65064B1B
:10837800064A9A65064A1A66704700BF2C10002103
:10838800613F0101174001012C110021833D0101CA
:1083980069400101054B064A9A65064A1A66064B6A
:1083A800064A9A65064ADA65704700BF2C12002112
:1083B800D53F0101F97100012C130021833D010112
:1083C800D1400101F7B5054601A80F46FEF7E0FFC9
:1083D80020B94FF4AA615120F8F728F83222002179
:1083E800019809F0E9FD019C3F2F264606F8037F16
:1083F80043D83F2F44D8DFE817F046004C006C0004
:1084080075008D005C015C019A00B3009E005C0160
:108418005C01A300AF00B30043004300B7005C0158
:108428005C01CC00CC00E300E300EA004300430019
:108438005C01EF00FC00000104010B010D010F01BC
:1084480011011B0125013C013E01430043002D01A0
:1084580046014401430043004300430043004300F6
:1084680043004300430043004300430043004300EC
:1084780048014A01430040014201FF2F00F00D81ED
:1084880040F24451A7E7294630460CF066FFC0B9D0
:10849800BBE02E68D6F83032636096F83432237227
:1084A800286890F89F3033B90CF021FE2B68DB88E0
:1084B8001844A6F83602B6F83632082063721B0A4A
:1084C800A372FEF771FF002840F0F58040F2575183
:1084D80081E72B6893F8A82052BB93F82D3102202E
:1084E8002371EEE72B681720D3F878226260D3F85F
:1084F8007C22A260B3F88022A281D3F85822C4F863
:108508000E20D3F85C22C4F81220D3F89030C4F8B7
:108518001630D6E72A680D20D2F8F6316360D2F813
:10852800FA31A3602B68D3F89430E360C9E72B686D
:1085380093F8A030D3E73146284600F041FBA6E780
:10854800112306202371592363710023A371392352
:10855800E37120232372B4E72B6893F89A30BEE7BF
:10856800304600F01BFB92E72B6893F8A82052B91D
:1085780093F8A0203AB193F89D20227193F89C308B
:10858800032063719DE793F89B20227193F89A303A
:10859800F6E72B680920B3F80C212271120A6271E0
:1085A800B3F8A220A271120AE271B3F8082122726C
:1085B800120A6272B3F8A030A3721B0AE37280E752
:1085C8002B6893F83A21227193F83B31D8E7294672
:1085D80030460BF084FC5AE72B680F21B3F8AA0049
:1085E800F8F71EFB00F15B0130460CF049FA232036
:1085F80067E730460EF0EEF849E730460EF0F3F83C
:1086080045E72E4B1B68002B43D140F24951E2E667
:108618002B4BF7E72B4BF5E72B4BF3E72B4B1B6863
:10862800002BF2D023202A4631469847042048E7F9
:10863800264B1B68002BE8D02A4631462420984751
:1086480005203EE7214B1B68002BDED02A46314629
:108658002520F4E72B680F21B3F8AA00F8F7E0FA11
:1086680000F17D0200F15B0130460CF015FA2B2079
:1086780027E7174BC6E7174BC4E7174BC2E7174B5B
:10868800C0E7174BBEE7174BBCE7174BBAE7174BCA
:10869800B8E7294630469847F9E62B68304693F8FC
:1086A800C722D3F8C8120CF0B8F92B6893F8C702A0
:1086B800EDE6012005E703B0F0BD00BF2C14002152
:1086C8003414002130140021381400213C140021F6
:1086D800481400214C140021501400215414002186
:1086E8004014002144140021581400215C14002176
:1086F8003F289ABF024B53F820000020704700BF64
:108708002C1000213F289ABF024B53F8200000206C
:10871800704700BF2C1200213F289ABF024B53F824
:1087280020000020704700BF2C1100213F289ABF6D
:10873800024B53F820000020704700BF2C13002183
:1087480030F8023CF7B504460D46B0F8826073B1C4
:1087580001226846ADF801608DF80020ADF80330BD
:10876800FDF798FC18B195216320F7F75FFE194BC8
:108778001B6813B1A4F128009847174B1B680BB16D
:108788003046984783230027A5F803602B70AF7005
:10879800637AD4F89C006B710AF049F808B9BA21D9
:1087A800E2E739463046F8F751FA02213046F8F741
:1087B8004DFA18B9094B1B6803B198474FF4017378
:1087C800002003F004021B0A62F3070063F30F2082
:1087D80003B0F0BD60140021641400216814002166
:1087E800F7B5056804464FF6FF77D5F8C0600DF178
:1087F80002010DF101023046ADF8027009F0C6FF22
:1088080001A9304609F0E4FF48B101980AF0ACF834
:108818002168A83100220272FFF74AFCE7E7044901
:1088280005F1280003B0BDE8F0400CF0FEB900BF28
:1088380049870001F0B5044685B00D46FF2600F8CB
:10884800E96C10F8EA3CF3B1174F3B781BB1622191
:108858001F20F7F7EBFD0C21381DF8F721FC3E70BF
:10886800002304F8E93C8A232A4602F8033BD4F89B
:108878000930C5F80330D4F80D305360D4F81130FE
:10888800936005B0F0BD01A80C21F8F709FCA4F528
:108898001573039A1A6001AB03CB44F8F20C44F841
:1088A800EE1C04F8EA6CDBE74C0A002110B5054C15
:1088B80023782BB90C21201DF8F7F2FBFF23237036
:1088C80010BD00BF4C0A0021024690F8FE31BBB92A
:1088D80090F8FF3103F0FF010BB100207047094BFE
:1088E80018780028F9D01970D9680433C2F89410A0
:1088F80003CBC2F8F601C2F8FA11FF2382F8FE3161
:10890800012070474C0A0021036810B59A7B044681
:108918001F2A2CD1002283F8512083F84A2083F89B
:108928008222036893F85210B3F8AA0081B1C3F801
:10893800C3211049A3F8C40103F5DD7083F8522060
:10894800A3F8C7210CF06EF923680020987310BDB6
:108958000122A3F8B30183F8B21103F2A91083F836
:10896800B911A3F8B61183F8B5210349EAE7022043
:10897800EDE700BF0F540101F7530101026838B554
:10898800D37B04460D463BB1132B05D0113B0F2B6F
:108998008CBF0120082038BDD2F8A430ABBB92F8B8
:1089A800523013B920460CF040FBD5F80B30226842
:1089B800C2F8EE31D5F80F30C2F8F2312368D5F895
:1089C8001320C3F89020B3F8AA20A3F8F122D5F811
:1089D8000120C3F8F322D5F80520C3F8F72223684D
:1089E800B5F809200025A3F8FB22236883F8B851BD
:1089F80083F8FE512068084900F53A700CF012F926
:108A0800236816222846DA73C5E720460C2203217C
:108A1800BDE838400CF02FBB3D880001036810B555
:108A2800DA7B0446202A04D040F29D211F20F7F764
:108A3800FDFC002193F85220B3F8AA0083F85110E6
:108A480082B1C3F8C31183F85210A3F8C711A3F871
:108A5800C40103F5DD700B490CF0E4F8236800222B
:108A6800DA7310BD0121A3F8B30183F8B22103F230
:108A7800A91083F8B51183F8B9210349A3F8B621E1
:108A8800EAE700BF0F540101F753010138B5046844
:108A980094F8A8501DB9E37B23B101201AE023689C
:108AA800DB07FAD4D1F801200D4BD1F8051013409B
:108AB8000C4AC4F86230C3F307630A4043F0080362
:108AC800C4F8662084F865300CF0AFFA1DB90423A9
:108AD800E373002038BD236843F001032360F8E7FF
:108AE8002FC904F76FDB008038B503689A7B042A26
:108AF80034D1D1F801204C1CD1F80550C3F86220BC
:108B0800C2F30762C3F8665042F0080283F8652092
:108B1800002283F84A209A73026892F8A8200AB9BA
:108B280083F83F2193F84021B2B993F88B2102F0E2
:108B3800FF008AB9B3F8AA2083F88C0103F28310E6
:108B4800A3F88D21D1F801200549C3F88F21626867
:108B5800C3F893210CF066F8002038BD0120FCE72B
:108B6800E9550101036893F8402112B1094B1B68CC
:108B7800184793F88B215AB9B3F8AA2003F2831047
:108B88000549A3F88D211A2283F88C210CF04AB8E4
:108B9800704700BF6C140021E955010110B5044667
:108BA800FEF722FA044A054B024009200B40C4F89C
:108BB8000120C4F8053010BD2FC904F76FDB008011
:108BC80037B50C460568FEF70FFA0A4B0A4A034008
:108BD8000A4095F8621000930B4001928DF800301E
:108BE8006B4603CBC4F801000920C4F8051003B094
:108BF80030BD00BF2FC904F76FDB008038B5DB0438
:108C0800154604D5037D13B10023436338BD446B77
:108C1800013444630CF066FD836B9C42F6D3002359
:108C2800034943632846BDE838400CF004B800BF48
:108C38005756010170B504680546A37B94F8A860EF
:108C4800012B07D01EB9E37B23B1012038E023684C
:108C58009807FAD494F853309A0713D44A78D80767
:108C680084F85D204A88A4F85E208A88A4F86020E9
:108C780043F0020284F853200FD5164904F154003A
:108C88000BF0D9FF94F85330D90710D4CEB9E37B51
:108C980043B153214020F7F7C9FB94F83E31002B2C
:108CA800EBD1EFE70123E37328460CF0BEF9A37B71
:108CB8000020012B4FF0000304BFA37384F84A304F
:108CC80070BD23689A0701D55821E3E743F00203F2
:108CD8002360E9E70D57010170B50568044604F003
:108CE800B3FC054B0146E8721B681BB12046BDE882
:108CF8007040184770BD00BF74140021024B1B68F8
:108D080003B11847704700BF70140021F0B51F4D1C
:108D180000242B7814709BB1013B6D68DBB21E1BDD
:108D2800012E0FDC05EBC40655F8347076688E42C8
:108D380008BF874227D0B84271EB060612D21470DA
:108D48000020F0BD1E197710C6F3470655F837C046
:108D580005EBC70E8445DEF804708F412CBF3346FF
:108D68003446DCE705EBC30455F8335064688C429D
:108D780008BF854206D0A84271EB040428BF01331E
:108D88001370DDE71C4601201470DAE76C0A002135
:108D980010F0070208B503D063214820F7F746FB17
:108DA80018B1034B197258601A70C80008BD00BF8B
:108DB8006C0A0021014B00221A7070476C0A0021CE
:108DC800014B187A704700BF6C0A00212DE9D34384
:108DD8000CF0D1FC0DF1070207460E46FFF796FF8F
:108DE80090B90F4C2378227A9A420ED062681946BD
:108DF8009DF807E002EBC3008E4509D302EBCE02D3
:108E08000133C2E900762370012002B0BDE8D083A7
:108E180050E90289013960E80289C9B2ECE700BF6C
:108E28006C0A002137B50CF0A6FC0DF10702FFF71C
:108E38006DFF58B10A499DF807300A78013AD2B255
:108E48000A70496801EBC3019A4201D803B030BDEA
:108E5800D1E902450133E1E80245DBB2F4E700BF9E
:108E68006C0A0021014B00221A6070477C0A00211D
:108E780008B5044B186810B9FFF7F4FF08BD0C20BB
:108E8800FCE700BF7C0A0021024B1879003818BFA4
:108E9800012070477C0A002113B5CDE90012054B6B
:108EA800FF225A7100F11003DDE9000183E8030095
:108EB80002B010BD7C0A0021C3693BB983692BB994
:108EC800034B1B681B1A58425841704701207047D2
:108ED8007C0A002130B50D4AFF231371D0E90653EF
:108EE80073B1D0E902149D610C44D9682144D9605A
:108EF800816939B1CB610023C0E90633137130BDF4
:108F08001560F5E7002BF6D0D960F4E77C0A00215C
:108F180010B5124AFF231371C16189B913688361BF
:108F280003B1D86110600023C169C36099B1CB68EF
:108F38007BB18468A3420AD230213720F7F776FA4A
:108F48008B6988618361002BEDD0D861EBE71B1B2F
:108F5800C3600023CB600023137110BD7C0A00217D
:108F6800014B1868704700BF7C0A0021034B0020A2
:108F78001B6803B9704718469B69FAE77C0A002109
:108F88000B4B002230B51B6804464FF0FF351046E6
:108F980023B911B9002808BF104630BDDA68A242CB
:108FA80003D3AA423CBF154618461A469B69EFE709
:108FB8007C0A002170B50F4CFF232371036A1BB193
:108FC80081689D68A94203D2E5213720F7F72EFA78
:108FD800C2698669DA619E6152B193619A691AB170
:108FE800D361C26811444A1BDA600023237170BD43
:108FF8002360F3E77C0A0021F8B54FF0000C044623
:10900800284E084686F805C0002135680B4685B904
:109018007579002DF6D15BB1984225D3013CB0FBA0
:10902800F3F11C4403FB01F5B4FBF3F48C420ED9B5
:10903800F8BD2F690BB19F4207D23B4627B94FF4C1
:10904800A3713720F7F7F2F9A98AAD69DFE7B5FB15
:10905800F3F603FB165626B9B5FBF2F602FB1656D5
:10906800DEB10139ED1AE1E7451E1D44B3FBF4F406
:10907800B5FBF0F5AC42DBD3B3FBF5F605FB1637D1
:109088004FB9B6FBF2F702FB176727B9B6FBF1F742
:1090980001FB17671FB10135ECE72846C8E73046E2
:1090A800C6E700BF7C0A0021FF23084A0B700D2386
:1090B8004B7082238B701368C1F803305368C1F872
:1090C80007309368C1F80B30704700BF820A00214F
:1090D80016220021014808F06FBF00BF820A002154
:1090E800F8B51C4D04466B7D9BB390F8A83023BBA4
:1090F800D0E976760CF096FB94F82021164B913047
:1091080033F812304FF47A7203F23F63B3FBF2F391
:10911800DB19B4F8AA2046F100061B182A8046F18C
:1091280000066B60AE60E38805F10C0002220B4973
:109138006B80BDE8F840FEF7CDBF4B0609D5B0F807
:10914800AA302B80D0F878326B60D0F87C32AB60D4
:10915800E9E7F8BD820A0021E81C0201B19000018C
:10916800094B53F8203003F5234370B5A133164655
:109178004FF47A720C46B3FBF2F5344405F052FD15
:109188002C44204470BD00BFD41C02012DE9F04FCF
:1091980098468BB0002304460F460392069390F836
:1091A80021B10AF03FFD064694F82B01FEF726FD93
:1091B80006440CF037FBE37B00F18605B6B2472B7B
:1091C80047D00D2B45D094F80E90A9F14701D1F165
:1091D800000949EB0109039B002B40F08580637B64
:1091E800032B40F08180B9F1000F6AD0B4F8D03277
:1091F800BB4266D1D4F818322046B4F8EC21C4F842
:109208000832D4F8C830C4F80C32B4F88A3213449F
:10921800C4F8103202F06CFE94F829A1BAF1000FDC
:1092280009D0D4F8D82241F64B539A428CBF4FF05C
:10923800000A4FF0010A94F8E4326BB9D4F8C82058
:10924800D4F8D8329A4221D0B4F8AA000DF0E1FA45
:109258001CE04FF00109BEE7B4F8AA000DF0D6FAF9
:1092680020B940F242713020F7F7E0F8B4F8E03264
:109278004FF0000AA4F8DE30B4F8E2328381B4F883
:10928800D032A0F80EA04381013B038294F82A3122
:10929800002B4ED1BAF1000F4ED1D4F8D43284F855
:1092A8002AA1C4F8D830B4F8D232A4F8DC30D4F803
:1092B800D832C4F8C830D4F8DC32C4F8D03002232D
:1092C8006373A17B292946D0A1F12C025142514157
:1092D800E27B292A00D039B1B4F8D032FB1A1B043A
:1092E80002D4204602F040F8B4F888A204F51673B8
:1092F80094F82101A7EB0A0A0293E3880FFA8AFA85
:10930800FB1ABAF1000F0FFA83FC26DAE246D4E919
:109318009C23C4E9A023002384F82B320123627B19
:10932800032A00F2B681DFE812F01A002B0171005F
:109338004F01BAF1000F07D04FF04D13C4F8E030D9
:109348000023A4F8E430A8E74FF09613A4F8E4A0AB
:10935800C4F8E030A1E70121BAE74346DFE7014658
:1093680094F8E5010AF0ABFF8246D4F8D8003146FC
:10937800504406F0FDFA3146C4F81402D4F8C80087
:1093880006F0F6FA07A9C4F8180208A805F000FBC9
:10939800079B0093DDE90823D4E9A00106F0AEFBA2
:1093A800064604F1A8000CF062FAD4F88C3294F85E
:1093B8002101D4F8D8B0069305F03CFC069B00F5D3
:1093C8002340D4F814124FF47A72203BA1305B4446
:1093D8005B1A30315B1BB0FBF2F053442A469B1BEF
:1093E8001B1A94F821010693B4F8DC3003EB410111
:1093F800FFF7B6FED4F88C22069B22309B1AC4F8DD
:109408001C02F52B5CD840F2C7412CE7D4F8D830C1
:109418003146D4F80C02184406F0AAFA3146C4F8CA
:109428001402D4F8C80006F0A3FAC4F8180204F12C
:10943800A8000CF01CFAD4F8D830D4F80C621E44FA
:10944800B4F8EC31002B40F09780B8F1000F00F031
:10945800938094F8210105F0EDFBD4F81412D4F8A8
:10946800783200F52340761A94F82121A130203E65
:109478001E44A24B53F822204FF47A7302F2E732CB
:10948800D4E99CABB2FBF3F2A6EB0A06B0FBF3F00F
:109498001644761B361AD4F80832D4F8102294F8F9
:1094A800210102FB0311B4F8DC302A46069630315C
:1094B80003EB4101FFF754FE0123C4F81C02637358
:1094C800D4F8C83004F1E800D4F81822A03B069973
:1094D8009B1A5D1BD4F81C329D4228BF1D460023F1
:1094E80084F85832C4F8E851D4E9A0325B1842F144
:1094F8000002C4E99A320BF0D3FB04232844A4F8F1
:10950800887284F86132C4F85C02D4E99A23C4E909
:10951800A02302F03FF820B1D4F85C321E33C4F81F
:109528005C32B4F8D831DB1B1BB2002BD4BF00224D
:109538000122520084F86022B9F1000F40F0AC809B
:10954800B8F1000F40F0AB80637B002B00F0C380C4
:10955800D4F8C81004F51670D4F81832C91A0AF0ED
:1095680034FE80B2002800F0B680149B03B1188046
:1095780001200BB0BDE8F08FD4F81412761A8AE7F0
:10958800D4F81822D4F8C830D4F810129B1AD4F89A
:1095980008620AFB03F30693B4F8EC319C44D4F850
:1095A8001432ACEB010C30330CF1FF3C06FB0133F9
:1095B800B4F8DC1002FB0C332A4601EB4301FFF739
:1095C800CFFDC4F81C027BE7D4F8C82002FB0AF2DE
:1095D8000692B8F1000F1CD0B4F8EC11C9B984F8A0
:1095E8002B12D4F8181201FB1A2EB4F8ECA1029130
:1095F800CDF818E06BB3BAF1000F2AD1D4E99E6117
:10960800D4E99C23B24273EB010108D340F20E5116
:1096180029E694F82B1200297FF452AFE1E7374B83
:10962800203E53F82B104FF47A7BD4E99C23CDE9E4
:10963800042301F2E73301F52341049AA131B61A54
:10964800B3FBFBF3B1FBFBF11E44761A761B7644A1
:109658000696029BE2442A4603FB0AFA0AF1300AFC
:109668004FEA4A0A5146FFF77BFD41F64B53C4F8CF
:109678001C02D4F8C80098423FF622AF06AB2A462F
:109688005146009304F507730AF035FE84F82B025F
:1096980016E740F22651E6E5B8F1000F1BD0B4F802
:1096A800000210B3B4F8021294F804224D1CA4F876
:1096B800021201FB022290420DDD002B0BDD00237C
:1096C800A4F8025284F86032FEF722FD00F0070089
:1096D800013084F8040204F5167104F50C7007F0E3
:1096E80039FB20B940F27651BDE50146DCE7039B22
:1096F80083F0010384F8283200203AE7D41C0201E1
:10970800F0B5044685B018B9A5213020F6F78EFECD
:10971800052900F2CB80DFE801F003C42A25C9BF80
:1097280090F82832C288A3B1B0F82632934208BF15
:10973800B0F8DC319A1AA0F8DE21E3802046D4E99B
:109748009A23C4E99C2301F077FE94F84C3005B0C5
:10975800F0BDB0F824329B1AA0F8DE31B0F82432FC
:109768009BB2EAE705B0BDE8F04005F01DB906F088
:10977800BBF9D4E99C23801A61EB0301012871F13C
:10978800000302DA40F20161BFE76FF00103834290
:109798004FF000038B4102DA40F20261B5E7D4F8DA
:1097A800C8300BB1B0FBF3F3E07BB4F826224728AE
:1097B8000ED0A17B463901290AD90D2808D0E188A5
:1097C8000B449BB2D11A0D0443D501339BB242E03E
:1097D8000132A4F82622B4F88A3203AEE5880133B0
:1097E800334FA4F88A32B4F842301D44B4F84030FC
:1097F800013DED1AADB23B685BB1B4F82612002208
:109808002046013989B29847B4F826321844A4F89A
:109818002602B4F826126B1A18042CD4002320460A
:1098280000961A46FFF7B2FC012890D1B4F8262218
:10983800B4F8D811BDF80C301344521A12049BB274
:1098480004D5EA1A12F4004F18BF0B46A4F82632C2
:10985800D1E7013293B2A4F8263294F82932002BCA
:10986800B9D1B4F8DC31B4F82622934204BF0133ED
:10987800A4F82632AFE7A37C30460394002B14BF2C
:1098880008233E2384F83130FEF7AAFF20460CF067
:10989800EBFD002363735AE705B0BDE8F040F8F725
:1098A8007FBB437B042BF4D0C6212EE7CB212CE7CA
:1098B800781400212DE9F8430E46044618B9D3213F
:1098C8003020F6F7B3FD052900F2A780DFE801F0A4
:1098D8000376413DA52E06F055FAC4E9500120460D
:1098E80001F044FAD4F83401DC3806F0FFF82046D9
:1098F8000CF0A9FB054600BB014620460CF06BFAAC
:1099080000F1F606D4F83401B04209D2301A032126
:10991800402838BF402006F005FA60B106F0EAF8A2
:10992800C4F8346120460CF0D0FB45B12046BDE8B0
:10993800F8430CF0CBBB0125F2E70025F2E7D4E9A8
:109948005023C4E94A23BDE8F883BDE8F84305F08D
:109958002BB80CF066FA04238146884684F839311E
:1099680006F0C2F807220F46A9FB023102FB0811D4
:10997800D4E94A525B1941EB0205D4F810213AB1F7
:1099880059EA080204D0984277EB050228BF01265D
:1099980084F83861D4E95226121A66EB070694F85F
:1099A800581139B9012A76F100010BDA204601F085
:1099B800E5F903E0012A76F10006F7DB002384F8D5
:1099C8005031C0E7984277EB05010FD259EA0808F1
:1099D8000CD01B1A65EB07019A4276EB010005DBF8
:1099E800012B71F10000A4BF1A460E460C49012351
:1099F80004F1E800914284F851314FF0000384F8F3
:109A08003031B341B8BF0A4604F5987107F034FA0B
:109A1800002898D140F2B26152E7EF2150E700BF29
:109A28000040420F2DE9F84304460E46154690F8CB
:109A3800503103F0FF07002B40F0948000F1E80854
:109A480039467822404608F0B7FA22464649404649
:109A580007F076F9C4F81061FF2384F8503166B135
:109A6800FEF76EFB00F0070032464049013086F8E9
:109A7800040206F50C7007F063F940F202434FF058
:109A88000009A4F8383184F8309105F0B7FF00F1E7
:109A9800BC0620460CF0D7FA0146B6B2C0B30AF0AD
:109AA800C1F800F12801284689B205F061FF284471
:109AB800F63DC4F8340106F017F83018A4F82690DB
:109AC80041F10001C4E95001012084F814010CF0AF
:109AD80099FB2D1AC4F818514FF0FF356FF000416B
:109AE8004046D4E95023C4E95251002504F5987141
:109AF800C4E94823C4E94A2384F8515142F2107258
:109B080007F0BAF938BB40F2B9113020F6F78EFCED
:109B18002046DFF85C900CF05EF9F630C4F83401AA
:109B2800B9F8000048B1E08C38B1FEF709FBB9F884
:109B38000030B0FBF3F202FB1300064405F0D4FF3B
:109B4800361841F10001C4E95061002DC4D0AD19A7
:109B580041F10001C4E7294620460CF0B9FA38461D
:109B6800BDE8F8830C27FAE7BD98000109970001C2
:109B7800980A0021F0B5002385B0CDE9003303230E
:109B88008DF806306846F7F785F888B10123114E3D
:109B9800B3700023CDE9023302238DF80E3002A8FA
:109BA800F7F778F8044638B10023B37005B0F0BD74
:109BB80000980BF0B2FEE5E7029D6B7B002BEED020
:109BC80005F50C77384606F047F8384606F058F899
:109BD8006C73E4E7980A0021044B0022DA709A704B
:109BE80042F210721A80FFF7C5BF00BF980A002121
:109BF800014BD870704700BF980A002108B504F0DF
:109C08003BF9044B5A6882422ABF9878002080F0BA
:109C1800010008BD980A0021F0B5044685B090F807
:109C28004C3003F0FF05002B68D1437B032B65D133
:109C380005F05AFFD4E99C23801A61EB030101283F
:109C480071F100035ADB6FF00103834275EB0101E8
:109C580004DA40F2AA513020F6F7E8FBD4F8C8201D
:109C6800E3880AB1B0FBF2F2013313449BB2A4F8C3
:109C78002432B4F8DC31B4F824229B1A1BB2002B2E
:109C88003CDD04F50C7005F0E7FF002836D0FF2313
:109C980084F82932B4F842300DF10E07E588184EE1
:109CA8001D44B4F84030013DED1AADB2336863B1DC
:109CB800B4F8241200222046013989B29847B4F832
:109CC8002432184480B2A4F82402B4F82432EB1ADF
:109CD8001B0413D4B4F8241200230122204689B2AD
:109CE8000097FFF753FA012808D1B4F82432BDF8D9
:109CF8000E2013449BB2A4F82432D7E705B0F0BD78
:109D0800781400212DE9F7430446062900F2A180C2
:109D1800DFE801F004251422282D99004E4B9B788A
:109D280003F0FF0253B900920123B0F8DC11FFF7EA
:109D38002DFA28B140F2CE6130202AE00423637363
:109D480004F082FB06F0E8FF0023E288A4F88A32D8
:109D5800A4F8262284F8293203B0BDE8F08303234F
:109D68004373F9E704F090F8C4E99E01F4E700F1C1
:109D7800A8081121B0F8AA00F6F752FF002860D011
:109D880094F82131022B5AD005D8012B08D0DC21B8
:109D9800B420F6F74BFB033B012BF8D81E3000E04C
:109DA8000A30858894F82101DFF8AC90C31E012B96
:109DB8008CBF002728270BF043FD7830D4F81822F1
:109DC800FE37A84234BF2B1A0023D4F8C85099187C
:109DD8008D428ABFAD1A0025ED1A99F8033023B9D0
:109DE800D4F8E8309D4228BF1D46D4F8E86104F154
:109DF800E8000AF055FF0644022005F067FF02213B
:109E0800AD1B25EAE575854228BF0546284605F0BD
:109E180089FF10B12E4405F06DFE01233A46314604
:109E280040460BF042F8D4F8E831C9F80400D4F8F9
:109E3800C800184403B0BDE8F04305F057BE14301D
:109E4800AFE79625AEE7A83003B0BDE8F0430BF0C6
:109E58000EBD40F29C716FE7980A0021014B1880F3
:109E6800704700BF980A0021044B1A78012AD0B223
:109E780003D01878831E584258417047A00A002121
:109E88000C4B4FF47A7233F81130023903F2E7338E
:109E9800C9B2B3FBF2F3022900F1FF3210B54FEA61
:109EA800C21296BF044CF02134F81110134400FB81
:109EB800013010BDE81C0201B01B0201D928F0B521
:109EC800054628BFD925BDF814600446303501F58C
:109ED800A57006F00207ADB2FF2D28BFFF2516F0CA
:109EE800010621D10FBB002B00F0C580911EC9B21D
:109EF800022996BF7B4D40F6480135F811100844F9
:109F0800D92C7FD9D93C951EF721A4B2EDB2002BEC
:109F180000F0CF80F634022DB4FBF1F400F2C680D5
:109F2800714B33F815306BE0EFB1911EC9B20229BD
:109F380097BF6E4D4FF4147105EB4101C988014478
:109F4800D01E012837D801F614409830002E3BD097
:109F5800023AD2B2022A97BF644BC02303EB4203F2
:109F68005B8A18444EE053B1911EC9B2022997BFCB
:109F78005E4D40F6480105EB41018989DFE7032A78
:109F880005D1691D89B2890101F5C871D7E7042A8D
:109F980005D1691D89B2090101F5BF71CFE7022A10
:109FA8000BBF05F10B0105F10A0189B289B20CBF9B
:109FB8008900C900C3E7022A01F19C0114BF4FF4CC
:109FC800B070B4200844C0E7EBB1911EC9B20229B1
:109FD80096BF474D40F6480135F81110D92C084472
:109FE80010D9D93C951EF721A4B2EDB24BB3F63483
:109FF800022DB4FBF1F459D83C4B03EB45031B8B02
:10A0080003FB0400F0BDF12C214628BFF121032AEF
:10A0180005D1133189B2890101F5C871DEE7042A37
:10A0280005D1133189B2090101F5BF71D6E7022ABA
:10A038000BBF1931183189B289B20CBF8900C90028
:10A04800CCE7B4FBF1F3022DDBB239D8294931F85A
:10A05800151001FB0300C3EB4311C3EBC103E41A62
:10A06800A3B2002BCED00833032A9BB22BD19B017D
:10A0780003F21A4375E7032A06D10535ADB2AD01DF
:10A0880005F5C87528443BE7042A05D10535ADB266
:10A098002D0105F5BF75F5E7022A0BBF0B350A350B
:10A0A800ADB2ADB20CBFAD00ED00EBE740F69213D8
:10A0B800A6E7B4FBF1F3022DDBB201D80E49C6E7DF
:10A0C80040F69211C5E7042A03D11B0103F5467334
:10A0D80047E7022A0BBF9B00DB0003F5BB7303F5C0
:10A0E800CD733EE7BC1B0201C81B0201B01B020175
:10A0F800BC1B0201C81B0201C81B0201294B5A6A7A
:10A1080010B5D2F80F30C0F8CC30537D117D1B0448
:10A1180043EA0123D17C0B436FF45061C0F8D4307B
:10A12800B2F81930591806298DBF40F2E241A3F55B
:10A1380050634FF47A714B438EBF00214B4301218A
:10A14800C0F8C83080F82A11937DF9B103EB830376
:10A1580003EB83039B00A0F8DC30B2F81730F1B1B1
:10A1680064214B43C0F8D830B2F81B30A0F8D03087
:10A17800B2F81D30A0F8D23092F8243003F01F0254
:10A188005B0980F8232080F82B3110BDC3EB431402
:10A1980003EB840303EB83035B009BB2DBE740F232
:10A1A800E241DEE7A00A00210346074A506AD3F8D5
:10A1B8006920C0F80320B3F86D20A0F8072093F8B1
:10A1C80068100AF048BA00BFA00A0021D0F8803011
:10A1D80073B50BB101221A604388DB0727D500232A
:10A1E800144E056ACDE9003302238DF80630FF23AB
:10A1F80033776846F6F74EFDC8B9009CA542F8D0FB
:10A2080005F1B40395F8B32004F1B40194F8B30050
:10A2180009F06BFF0028ECD094F8AC30B4F8B1200A
:10A228003377D4F8AD30C6F81D30034B9A8002B0AE
:10A2380070BD00BFA00A0021BD0A002138B5084D35
:10A24800044600F169010623686A00220AF0E5FA6B
:10A2580094F86810686ABDE838400AF0FCB900BF95
:10A26800A00A002170B504460E461346407F658853
:10A27800324615F0040118BF04F17701FDF79AFB87
:10A288004107054621D4C2070BD50123607F84F816
:10A298006830FDF761FC0368C4F869308388A4F866
:10A2A8006D30AB0701D4012070BD094B0121586AFC
:10A2B800D4F8773084F87610C0F80930B4F87B30D9
:10A2C800A0F80D300AF0D0F9EDE70020ECE700BF68
:10A2D800A00A002110B50446084694F8D8306BBB94
:10A2E8002378082904F1DB0284F8D93016D004F168
:10A2F800DA01FDF707FB20B94FF477612D20F6F757
:10A3080095F894F8DA3043F0020384F8DA3004F16F
:10A31800D0000B49BDE810400AF084BC094B586ACC
:10A32800034613F8031BC1F3801184F8DA10D0F840
:10A338000310C4F8DB109B889380E8E710BD00BFCA
:10A348000D5B0101A00A002170B504460E461546B2
:10A35800FCF70CFE98B92378A4F8C16084F8C030E3
:10A36800637C84F8BF500BB194F8483004F1B60010
:10A3780084F8C3300249BDE870400AF053BC70BD90
:10A38800D75C010138B5B0F8483004461A4D01339E
:10A39800C3F30E03A0F848302B7B2BB104F02CFA42
:10A3A80003F0CCF900232B7300232B7094F8893029
:10A3B8002BB101212046BDE838400BF010BB637C6F
:10A3C800BBB1B4F848209A4213D3012120460BF0C0
:10A3D80006FB63882046DB0747BF236A43224322E4
:10A3E8004FF6FF7148BFB3F8AA10BDE83840FFF731
:10A3F800ABBF0021DEE700BFA00A002110B5FFF7C0
:10A4080033FD064C28B1237B1BB104F0F5F903F0AA
:10A4180095F9A06ABDE81040FFF7B4BFA00A002173
:10A428002DE9F0410746FFF71FFD054620B940F624
:10A4380082412D20F5F7FAFF214CA26A166A0EB167
:10A4480096F829611FB3616A02F1690392F86820DE
:10A4580011F8097BF80909F048FEC0B13146606A75
:10A468000AF02AF998B1A56AFFF7FEFC10B940F680
:10A478005C41DEE723782846E26A07F00F0103F122
:10A4880080435269013B52F8233098470546237BA5
:10A498001BB104F0B1F903F051F97DB1A06A0BF0DA
:10A4A80057FA30B103F042FFE36ABDE8F0419B6818
:10A4B8001847A06ABDE8F041FFF764BFBDE8F08126
:10A4C800A00A00210346074A906A03B909B9FFF7B1
:10A4D80059BF1378D26A03F180431269033B52F8DB
:10A4E80023301847A00A002103292DE9F043054627
:10A4F80085B0174607D14388980723D400242046FF
:10A5080005B0BDE8F083428890F88830D107DBB207
:10A51800F4D5002BF2D14FF00108DFF8D49099F868
:10A528000C60C6B109F025FE0828387016D002AABA
:10A538000DF10701FDF7E6F938B940F6F7612D206E
:10A54800F5F774FF4FF00208E7E702A99DF8070046
:10A558000BF01DF906463B78082B08D1D9F82410D2
:10A5680011F8030BC0F380100BF011F90646D9F867
:10A57800241005F1700395F86F2011F8030BC0F350
:10A58800801009F0B2FDD9F82410044611F8030B25
:10A59800C0F3801009F0E3FD8146FDF7EFFA40B102
:10A5A800B9F1080F1BD04846FDF7AEF880F001035B
:10A5B800D8B23A78082A14D01CB96C7FA21A54422F
:10A5C80054416A8853079AD4002897D176B9EC7C0D
:10A5D800444518BF002C0CBF012400248FE700203D
:10A5E800E7E780F001022240D4B2EAE7344686E782
:10A5F800A00A00212DE9FF4108230DF107020521DA
:10A6080004468DF80730FFF76FFF054620B900258F
:10A61800284604B0BDE8F081FBF768F90646002833
:10A62800F5D1344F0DF10808216A7A6A91F817C0FC
:10A63800104610F8033BC3F3401303EA0C03CB7531
:10A64800D2F80330C1F8AD308388A1F8B130114693
:10A65800D4F820C011F81F3BC3F380138CF8AC303A
:10A66800D2F81F000B79029060468DF80C30FFF786
:10A6780045FD434694F912200121206A0BF09DFA0A
:10A68800216A84F895602046B1F8AA309DF8072021
:10A69800A4F89630FF2384F8B3304FF6FF73A4F87C
:10A6A800B4300BF0B5FA144904F18C000AF0BAFA88
:10A6B800FCF75CFC60B9236A04F1C4000F49B3F8E5
:10A6C800AA20A4F8CD20DB7D84F8CF300AF0AAFABE
:10A6D800236A00222046B3F8AA10FFF735FE084B7C
:10A6E80000221B683A70002B92D02146206A9847B6
:10A6F8008EE700BFA00A0021775B0101F75A01012C
:10A7080080140021032973B5044604D0052927D0F5
:10A71800012002B070BD08230DF107028DF8073043
:10A72800FFF7E2FE0028F3D0237C23B19DF8071041
:10A738002046FFF7CFFD0F4D0622042620466B6A00
:10A748005A701E70FFF730FD686A94F85C20A16D9E
:10A7580009F0A3FF686A2E7003F062FF0020D8E7B3
:10A76800054B1B68002BF9D0984780F00100C0B258
:10A77800CFE700BFA00A00217C140021F8B50446E9
:10A788000F4619B300F1300528460BF018FDA0B9A3
:10A7980063881A072ED528460BF026FD064628465C
:10A7A8000BF00DFD301AC0B20BF02CFD474A536870
:10A7B8000344284653600BF0E1FC28460BF0E3FC09
:10A7C80003F06EFC2179252003F082FB3F4E002325
:10A7D80094F87620706A037043706388103B0D2BE1
:10A7E80064D8DFE803F05F635B0C63406363636313
:10A7F800636363402046BDE8F840FFF7C3BD062306
:10A808004370202303702046FFF7CEFC638823F0B3
:10A8180008039BB2152B05D094F85420216D706A5B
:10A8280009F02CFF706A03F0FBFE03232179002056
:10A83800337003F043FC054607B9B06063881B0713
:10A8480004D50BF0DCFC0544C4F81C516388103BAC
:10A858000D2B36D8DFE803F038352F2F352F353557
:10A8680035353535352F0C2321214370034603F840
:10A87800091B52B1D4F877200121C0F80920B4F897
:10A888007B209A8009F0F0FEBDE7226FC0F809200E
:10A89800B4F874209A8094F86F10F3E706230370D5
:10A8A8004370B0E7022303700623F9E740F25961C9
:10A8B8002D20F5F7BBFD21790120BDE8F84003F014
:10A8C800C5BF40F6F541F3E7F8BD00BFA00A002177
:10A8D80038B543880446102B04D10121BDE838401F
:10A8E800FFF74CBF0B4D2B7B23B102F00BFF402031
:10A8F80003F076FF686A03F093FE608810F00400A6
:10A9080002D1217903F0A2FF002003F023FF0123E5
:10A918002B7038BDA00A0021024B0121986AFFF76D
:10A928002DBF00BFA00A002110B5144C237B1BB11A
:10A9380003F062FF02F002FFA06A0BF009F8A16AB7
:10A9480018B14B8803F0180323B90846BDE8104036
:10A95800FFF718BDFFF788FA20B940F686312D2099
:10A96800F5F764FD23780846E26A03F18043D2686C
:10A97800013BBDE8104052F823301847A00A0021D7
:10A98800064810B5037803F0FF042BB924222146AA
:10A9980007F012FB204610BD0C24FBE7A00A00219B
:10A9A80010B50023094C2370FCF7D2FA6062FFF758
:10A9B800E7FF20B14FF442712D20F5F737FDE36A28
:10A9C80013B940F20B31F7E710BD00BFA00A002110
:10A9D800014B024ADA627047A00A0021E8AD000183
:10A9E800044B054A1A60054B054A1A60054B064A8E
:10A9F8001A6070477C140021FDA500018014002115
:10AA0800A759010184140021D9AA00012DE9F041B8
:10AA1800067D0446B31E06F0FD06DBB2012B8CBF93
:10AA28004FF000084FF00108371E18BF0127012B0F
:10AA38001AD800F1700190F86F0009F090FB0546F4
:10AA480063889B0617D4082D10D186B3FCF78EFABD
:10AA5800B8BBE37E93B3D4F81530C4F86930B4F8C2
:10AA68001930A4F86D3006E00825E9E72846FCF718
:10AA780057FE0028E9D1657784F81C8084F868704F
:10AA8800FCF73AFF054605F02FF800220F4B84F833
:10AA98007620E5FB0301C4E9180111462046FFF7BB
:10AAA800E1FB60B940F2A3412D20F5F7BFFC04F1AA
:10AAB80069013046FCF7C2FC0028DCD10020BDE863
:10AAC800F08104F169010120F4E700BF40420F0062
:10AAD8002DE9F04385B00823052104460DF107024E
:10AAE8008DF80730FFF700FD002879D0FAF7FEFE51
:10AAF800002875D13C4D02AF206AFFF7FFFA6B6A58
:10AB0800D3F81F0093F8232002903A71226AD3F8F1
:10AB18000310C2F8AD10B3F80710A2F8B1101B78F3
:10AB2800206AC3F3801380F8AC30304B1B6813B134
:10AB3800012221469847D4F820800E23686A082607
:10AB480098F8AC90002243704FF00301C378067068
:10AB580003F03F03C37009F086FE2046FFF76EFB43
:10AB68004946686A09F080FD0623012208F1AD0113
:10AB7800686A09F052FE6179FF2003F0A9F9686A52
:10AB880003F04EFDD4F82080204641460BF06EFAC3
:10AB98003B46014694F9122040460BF00EF8216A14
:10ABA80000239DF80720204684F89530B1F8AA3094
:10ABB800A4F89630FF2384F8B3304FF6FF73A4F857
:10ABC800B4300BF025F8236A2E70B3F8AA20A4F845
:10ABD800CD20DB7D84F8CF30012005B0BDE8F083BF
:10ABE8002046FFF7CFFBF7E7A00A002180140021D9
:10ABF8002DE9FF41564F04463A7802F0FF0312B997
:10AC08000278FF2A04D140F6DD112D20F5F70EFC5D
:10AC18007B60FB817B7380F889304E4B684604F17A
:10AC2800300500934C4B01934C4B0293FB6A5B68D5
:10AC3800039303F0DFFC03F0BFF903F0DDFD02F03E
:10AC48007DFD474803F022FA464803F0CDFC28462C
:10AC58000BF094FA28460BF096FA03F021FA2179C2
:10AC6800252003F035F994F9120003F009FA04F1EC
:10AC78005001E06C07F0B3FF064604F15801E06CA0
:10AC880007F0D4FF8046002E3AD094F82430BBB3A6
:10AC9800B4F94850ED43ED0F237F13B963885B0780
:10ACA80009D56FF00043D4E918129A4208BFB1F1F0
:10ACB800FF3F2FD1ADBB94F88B301BB946EA08068D
:10ACC800F6B2AEB1638813F0100511D1606CC0F311
:10ACD8000B200BF0D6F994F8463084F84500C0F301
:10ACE800032023F00F03034384F8463084F88B5085
:10ACF800786A0330FCF74CFE387304B0BDE8F08185
:10AD0800B8F1000F04D094F82550002DC0D1C3E746
:10AD18004546C1E704F0E8FED4E91823904299417A
:10AD2800C8D3012229462046FFF79CFA50B1FCF708
:10AD3800E3FD054604F0D8FE0B4BE5FB0301C4E92F
:10AD48001801B8E7002DB6D040F61C215DE700BF1A
:10AD5800A00A002131A9000129A40001CDA4000105
:10AD6800D6BE898E5555550040420F00024B986259
:10AD7800DB6A1B68184700BFA00A002143881A072E
:10AD880010B504460FD5036A3C2210498C30427234
:10AD9800B3F8AA304381FF2380F827304FF6FF73BA
:10ADA800038509F03FFF63882046DB0747BF236A16
:10ADB8003C223C224FF6FF7148BFB3F8AA10FFF7B8
:10ADC800C3FAFF2384F8893010BD00BF775B010107
:10ADD8001D5D0101D9A80001235D01010DA7000136
:10ADE8009D60010105A4000121A90001D8AD000161
:10ADF800DCAD0001E4AD00010138022808B503D933
:10AE0800C4212F20F5F712FB13290A4B05D8112965
:10AE18000CD8102907D0D221F3E71529FBD103EB71
:10AE28004003D88801E033F8100008BD03EB400365
:10AE38009889FAE7D21B02012C4A38B50346948850
:10AE480010681C43402B948004D10421BDE838408D
:10AE5800FEF758BF802B01D10521F7E703F0030463
:10AE6800032C04D140F6A4313120F5F7DFFADD07D1
:10AE780006D50C6891602478062C1AD00B2C22D0A9
:10AE88009C0711D50C6821780729117329D00B2943
:10AE980022D0052908D1C17B182905D10024002515
:10AEA8000121C0E91E4501759B0644BF0823537361
:10AEB80038BDC47B1C2CE3D100240025C0E91C4507
:10AEC8000124C474DCE7C47B122C01BF0024C474C1
:10AED800012480F85240D3E7C17B1129E4D1002135
:10AEE800E1E7617880F8A010DEE700BFD00A002112
:10AEF8000C4A0346517B89B910683BB9B0F8101168
:10AF0800B0F8F420914209D8FEF778BE93881B0761
:10AF180006D5007C083818BF01207047002070470C
:10AF280001207047D00A00212DE9F843854D0646D7
:10AF38002C68002840F0C480AB88190746D594F8DF
:10AF48009E302A2B16D00CD81C2B13D0222B18D0AD
:10AF580094F89E30FE2B20D140F2FB513120F5F7BA
:10AF680065FA3C2BF4D1784B1B68002BF0D02846AF
:10AF78009847EDE7002384F8413172480AF04DF80C
:10AF8800E6E784F84201714B1B68002BF5D004F505
:10AF9800A17104F1A4009847EFE7FE2384F89E30DE
:10AFA800E37B1E2B06D10027664884F851700AF00F
:10AFB8004EF8E773A37B242B2AD0372B30D0237C81
:10AFC800082B02BF0223AB7384F89E30AB88DA07E4
:10AFD8004FD5D5F80080A96898F80F30D1F80090BF
:10AFE800113B99F800700F2B0BD8BB1EDBB2092B55
:10AFF80000F2A68040F2333222FA03F3DB0740F175
:10B008009F8009793846FCF763FE88B9394680E0A5
:10B01800E37B243B072B94BF2B232523A373CEE785
:10B02800012384F8C5320023A37384F84A30C6E7A5
:10B03800012F01D9162F4ED198F80E000AF027F8E3
:10B0480040B198F80E30242B04D0252B34D12B2373
:10B0580088F80E303846FDF755FB0346002849D1DD
:10B06800FF2FD3D12B69002B51D02B68012283F8F5
:10B07800C622AB88580704D5227C072A04BF0122C0
:10B08800AA7399074CD5287B01222B680D2883F8D1
:10B098009F2042D011284CD007284CD0FDF746FB02
:10B0A800034600283AD12A7BFF2A46D12A6837214D
:10B0B80082F8C402917333E0162F14BF02262026AB
:10B0C8006B7B1B0704D5E37B113B0F2B98BF08262E
:10B0D8003046BDE8F883112F15D005D8072F14D0B6
:10B0E8000D2FB7D11A4B05E0142FB3D1194B1B689C
:10B0F800002B8BD0AA684946124812799847002835
:10B10800B7D00646DCE7144BF4E7144BF2E799F89E
:10B1180000100C4809F0CBFFF1E7114B094898479C
:10B12800AB88DA06CCD5E37B0A2BC9D10B23E373B2
:10B13800C6E70C4BF2E70C4BF0E740F2EE510DE797
:10B148000826BDE7D00A0021D0140021AC14002144
:10B15800B56301018C1400210164010181B2000171
:10B168001562010161620101CF62010100290346F4
:10B1780008BF1F21262870B5144639D81C2806D8C0
:10B18800A0F10E03DBB2092B1CD9002070BDA0F181
:10B198001D02092AF9D801A050F822F035B20001A1
:10B1A80093B1000193B1000145B2000193B10001D0
:10B1B80093B100011FB200011FB200011FB20001CC
:10B1C80053B20001012540F251269D40354015D16A
:10B1D800082BDAD11668B37B252B14D12046FBF750
:10B1E800B5FF86F838510023B37386F84A30CCE7A8
:10B1F8003B2832D03E28C8D1194B27E00021BDE8B2
:10B2080070400BF087B82B2BBFD1F37B243B072B67
:10B21800E9D92A21E2E7134A1568002DB5D00A4674
:10B22800204619462B46BDE8704018470E4B1B6850
:10B23800002BAAD00A461D212046F4E70B4B1B68B9
:10B24800002BA2D00A462021F6E7094B1B68002BE9
:10B258009BD02046BDE870401847064BF6E700BF74
:10B26800BC140021901400219C140021A414002176
:10B27800B0140021D814002170B54B780446026838
:10B28800262B5CD01DD81D2B957B54D00FD8A3F14D
:10B298000E02D2B2092A08D8012140F2512001FA3F
:10B2A80002F6064220D1082A24D0002070BD232BA4
:10B2B800FBD12D2DF9D1254B1B68002BF5D09847D4
:10B2C800F3E73E2B3DD005D82B2B3CD03B2BECD1C4
:10B2D8001F4BF1E7FF2BE8D11E4B1B69002BE4D075
:10B2E800012382F8C632E0E722461846BDE87040DE
:10B2F8000BF010B8252D01D02B2DD6D1204609F002
:10B308008CFE2368DA7B262ACFD093F863201A2193
:10B31800204622F0010283F86320226892F8633005
:10B3280023F0080382F86330FBF710FF236800223C
:10B3380083F83821B9E7362DB7D1074BBCE7074B5F
:10B34800BAE7074BB8E7074BB6E700BF94140021EC
:10B35800DC140021D00A0021A0140021B41400211B
:10B36800C0140021C81400212DE9F34790F8D282B7
:10B3780004460D4690F8D362B8F1000F3BD190F81F
:10B388002071002E39D194F821A184F8207184F815
:10B3980021A1FF2384F822311A4B04F1A8091B6864
:10B3A80013B1394648469847174B1B6823B13A46AC
:10B3B800514601A80194984794F83831012B02D0DE
:10B3C80058EA060603D0237B43F00103237348465B
:10B3D80009F0B3FC18B1237B43F002032373062161
:10B3E8002046FEF78FFC002384F838313DB1A37363
:10B3F80002B0BDE8F0874746C3E7B246C5E7E57344
:10B40800F6E700BF98140021CC140021024B00205D
:10B41800C3E90400704700BFD00A002108B5002224
:10B42800044BC3E90422FCF73DFFBDE80840FDF7E3
:10B438003DBA00BFD00A002173B5514D002604461D
:10B448002860AE806E73AE73FF2380F84C30B0F87E
:10B45800DA31002B00F0828090F89E30FE2B7DD1EF
:10B4680090F82C31002B79D0037C073B012B75D940
:10B4780090F82D310221A0F84460012280F8A03014
:10B488000AF0D1FE0221284684F8E261FCF79AFF0F
:10B49800B4F8DE112046B4F8DE300139B4F8E02102
:10B4A80089B2B1FBF3F31344A4F8E031B4F84030A7
:10B4B8000B44A4F840300AF0E4FE10B1636B0B446F
:10B4C8006363B4F8DA310026012B9CBF0133A4F87A
:10B4D800DA3109B184F8E661E37B84F8E2610A3B7A
:10B4E800012B0FD8E388B4F8D0229B1A190409D489
:10B4F80004F2D22104F1170009F003F8E673FF23E0
:10B5080084F84B30B4F8DE2104F1A801204609F094
:10B518003FF8E37B1B49113B1B4A0F2B8CBF0023D1
:10B5280001230093194B2868F6F7FAFB696911B1F2
:10B53800002003F053F92C68237BDA0703D5002198
:10B548000F48FBF703FE237B9B0703D504F2591032
:10B55800FCF7CCFD0023237302B070BD94F89E1055
:10B56800FE2901D0064891E7094B1E68002E8FD0AE
:10B5780004F008FC02460B460148B04788E700BFC4
:10B58800D00A002141AE0001F9AE0001ADB50001BD
:10B59800E0140021024B1869003818BF01207047D9
:10B5A800D00A00212DE9F04FDFF8E4810F4687B07B
:10B5B8008146B8F80410D8F800408D05204655BFDC
:10B5C800B4F8402000230132A4F840304CBF84F87E
:10B5D800E631A4F840200AF054FE38B10B4604F5D1
:10B5E800A87204F1A8012046FDF708FBB8F804305A
:10B5F80003F4C06333B1A37C002B00F0A080032BBD
:10B6080000F0A380A27CB8F80430012A03D1180501
:10B6180044BF0222A274B9F1000F40F04E815906CE
:10B6280057BFB4F800224A46013292B2A4F8002269
:10B6380003F00A020A2A0FD198F80C20022A0BD12B
:10B6480023F008033846A8F80430FFF76DFC3843A8
:10B658000823C7B2A8F804303846FFF765FCD8F8C5
:10B6680010303843C7B2002B50D01422002101A853
:10B6780006F0A2FC94F8210103F0DCFA054694F8E0
:10B68800210103F0CFFA05F5FA754FF47A7394F8AF
:10B698002911B5FBF3F5B4F8AA300544D4F8C8006D
:10B6A800ADF80430E388ADF80A50ADF8083008F07A
:10B6B80037FE94F8C632ADF8060033B1D8F8083032
:10B6C8001A689B8804928DF814309DF80C3001A8F4
:10B6D80094F8C52262F300038DF80C30D8F81030C6
:10B6E80098470023049A84F8C63284F8C5326AB1B0
:10B6F80094F8C43253B9A37B372B07D09DF8143084
:10B7080023B11178FF2924D11B2B29D9D8F800603F
:10B7180096F89E30FE2B4BD1002F49D1337C073B46
:10B72800012B45D996F82C3113B396F82D31012207
:10B738000221A6F8447086F8A0303046EFE10121D6
:10B74800A1742046FEF7DEFA5CE702230121A37408
:10B75800F7E70729DAD1022BD8D15178FF29D5D1BB
:10B768000121C4F8C82284F8C73284F8C412CDE78E
:10B7780096F80FA0AAF1100A5FFA8AFABAF1100F28
:10B7880040F257813368DA0704D53A460921D4E7ED
:10B79800D00A00219D0740F1EE803A460C21304640
:10B7A8000AF041FD96F8533043F0010386F8533010
:10B7B800B4F8E03194F8E3510133A4F8E031002DF6
:10B7C80000F0F882F6F702FC10B10023A4F8E0318B
:10B7D800B4F8AA000BF01AF8A37C8246B4F8DE602D
:10B7E800012B40F22683237C082B40F0FB82B4F81F
:10B7F8004030022B40F21D83B4F842500135ADB2FF
:10B80800E388DFF8A8B22B44A4F8D831DBF800307D
:10B81800002B00F01283012E40F20F83F6F7C8FBCD
:10B82800DBF800300246E1882046984700F1010B1A
:10B838001FFA8BFB94F8E431002B3AD1012D38D94B
:10B84800E37B0BB10B2B34D1A37B93BB237C83BB52
:10B85800A37C022B2DD194F8E63153BBD4F8C00059
:10B8680006F0E5FF28B394F89E30FE2B21D1B4F8FA
:10B87800DA31012B1DD9B4F8E021B4F8D0309A425E
:10B8880017D2BAF1000F02D0BAF80E1089B9013DEB
:10B898009B1AADB29BB2B5FBF6F59D4228BF1D467B
:10B8A80005FB06B6003D1FFA86FB18BF012584F884
:10B8B800E251E3889B44A4F8DCB1B8F80430D8F826
:10B8C80000505E0657BFB5F8EC310023B5F8DE210D
:10B8D8009B1858BF9BB2A5F8EC3195F82C311BB9D1
:10B8E8002B7C073B012B06D8B5F84430B5F8DE2190
:10B8F8001344A5F8443095F84A1031B1B5F84630EC
:10B90800B5F8DE211344A5F8463095F95020002AF1
:10B91800C1BFB5F84E30B5F8DE011B18A5F84E309A
:10B9280095F831306BB9B9F1000F40F0DA8298F828
:10B938000E30022B40F0848295F8A030062B18BFF9
:10B94800162395F8302022B9594885F83130FCF78C
:10B9580047FF28460AF088FD564B1B681BB1564A1C
:10B96800204611689847002384F84C3007B0BDE89A
:10B97800F04FFBF735BD580702D53A461321DCE6F0
:10B98800190706D596F898303A4686F8A030072168
:10B99800D3E61A0602D500221B21CEE613F03002A8
:10B9A80038D096F82F31002B60D196F82E31C3B1DC
:10B9B800F37B06F1A80006F5977106F2D222292B2F
:10B9C80026D0B37BA3F129056B426B4109F071F9CD
:10B9D800336823F0200343F010033360002386F814
:10B9E8002E313368DA0641D506F1A80009F0A5F929
:10B9F80018B106F25910FCF779FBB6F80A310022A3
:10BA08001521A6F8A030B6F80E31A6F8A23094E6B3
:10BA18000123DBE713F0400101D024218DE613F464
:10BA2800807202D00A461E2187E6DB041ED52C212F
:10BA380083E6D8F80050EB7B182B3FD011D8112B98
:10BA480026D0162B28D0B37B002B7BD1F37B103B61
:10BA5800102B7FD996F83E30002B7BD00122122183
:10BA68006BE6202BEFD13A46062113E0D8F8000008
:10BA7800C37B352B51D006D8262B53D02F2BE2D1A0
:10BA8800002220214BE04E2BDDD100223C2146E054
:10BA98003A460B21284642E02846FCF715FF0028C5
:10BAA8003FF486AE00220421F4E700BFB814002159
:10BAB800D00A0021A81400213800002195F8C032CE
:10BAC800012B07D13A46052128460AF0ACFB85F838
:10BAD800C0726DE695F8C032022BD9B27FF468AE19
:10BAE80095F8523053B106233A4685F8A0302846D7
:10BAF8000AF099FB002385F8C032EAE7D8F800304D
:10BB080040F20632A3F89A203A4695F8623013F0CC
:10BB1800040F0CBF0D211121E9E7002211210AF0C1
:10BB280082FB45E690F83831022B02D1002217211A
:10BB3800F5E790F83831012B85D190F83931002B91
:10BB4800F4D080E7092B05D196F89930012286F8C0
:10BB5800A0301CE7BAF1100F7FF62AAED8F80050D3
:10BB680095F80EA0BAF1000F40F0B98095F83F3172
:10BB78003BB101220E2128460AF055FB85F83FA16A
:10BB8800A7E795F83E3183B195F853A01AF0030B57
:10BB98000BD14AF0010A01220C2128460AF043FB86
:10BBA80085F853A085F83EB193E795F8403173B115
:10BBB80095F86930DB0902D001222B216AE7A64BF0
:10BBC8001B68002B00F08B80A448984787E095F805
:10BBD8002E312BB395F82F3113BBEB7B05F1A80061
:10BBE80005F5977105F2D222292B17D0AB7BA3F16B
:10BBF80029067342734109F05CF8002385F82E3159
:10BC08000122142128460AF00EFBB5F80A31A5F8DE
:10BC1800A030B5F80E31A5F8A230C9E50123EAE74E
:10BC280095F83831012B6ED195F83931002B6AD14E
:10BC3800E87BA0F12403072B65D995F820114B1E4A
:10BC4800DBB2032B09D895F82121DFF814C2013A99
:10BC58001CF803E0D2B2032A04D94FF43F7106203E
:10BC6800F4F7E4FBBEF1020F95F83A3114D0BEF1B7
:10BC7800030F13D0BEF1010F04D1012B14BF002311
:10BC880001236BB9A0F14703012B28D90A380428EE
:10BC980025D901221621FDE6022BEFE7042BF1D16D
:10BCA8001CF8022095F83B31022A24D0032A24D01C
:10BCB800012AE7D1012B14BF00230123002BE1D077
:10BCC800EB8805F53472B5F83C0108F0D0F88246E7
:10BCD800B0B901466148FBF739FA85F838A1B37B5A
:10BCE800002B7FF465AD96F8C432002B3FF460ADAD
:10BCF8000122FF2121E5022BDDE7042BE0D0C1E77B
:10BD08002C23AB7354E595F8423113B1012222215B
:10BD1800C0E695F8413143B1524B50481B689847EB
:10BD2800FE280146DBD00122B4E695F84A3113B16A
:10BD380001221D21AEE695F84B3113B101222621CF
:10BD4800A8E695F8CC3213B101223E21A2E695F877
:10BD58004C319BB1D8F800301021B3F8AA00F4F7A1
:10BD68005FFF03699B0706D53F4B3C481B68984714
:10BD780001223B218EE63D4B1B6825E795F84E31A5
:10BD88004BB195F8393133B9EB7B243B072B02D9FA
:10BD9800012223217EE695F84D31012B05D10023A0
:10BDA80085F84D310122252174E695F84D31022B95
:10BDB80095D1F4E7F6F7F6F808B1A4F8E051F6F7EC
:10BDC8000DF900283FF404AD94F8E6310133DBB2F5
:10BDD800022B84F8E63182BF0023A4F8E03184F80E
:10BDE800E631F5E494F83E3013B1A37B0F2B20D154
:10BDF800B4F842502046B4F84030B1000135ED1A8D
:10BE0800A5EB86050AF03DFAA8B1A36B626B013376
:10BE18009B1A5B1A9D42A8BF1D46BAF1000F05D0B8
:10BE2800BAF80E30043B9D42B8BF1D46012D3FF7BE
:10BE3800E6AC0125E4E42B46ECE74FF0010BF9E40E
:10BE4800012B15D16B7C002B7FF47BAD002128469C
:10BE5800FDF758FF80E500BFC8140021D00A002173
:10BE6800E41B020188140021D4140021DC140021F1
:10BE78005FB1F80633D4390733D4BA0633D4BB07D5
:10BE880033D14FF431613120EAE639B1B5F84610C3
:10BE9800B5F84830994201D3222352E5002A05DD3E
:10BEA800B5F84E20B5F848309A42F5D2B5F8442096
:10BEB800B5F842309A4209D2AA7CB5F8403052B15E
:10BEC800B5F842209A42C1D808233AE595F82C31B2
:10BED800002BE1D1F0E7052BB8D93E2331E51E232D
:10BEE8002FE53D232DE523232BE52A2329E500BF54
:10BEF80073B504460190D0F8D802D4F8C8309842F7
:10BF080014D1D4F8DC62D4F8D030F61A18BF012660
:10BF180094F8E432002B3ED0B4F8AA000AF076FC7C
:10BF280030B940F668513120F4F780FA0126EFE77E
:10BF3800B4F8E022B4F8DE309A421AD1B4F8E2320A
:10BF480082899B1A18BF0123A57B472D15D0E27B58
:10BF5800472A10D00025B4F8DE2201A8D4F8D81258
:10BF6800FBF75AFE8DB30023A3730323A37402B017
:10BF780070BD0123E8E73343ECD0154B1B6813B9B8
:10BF880040F67351CFE7A5F14702002101A85542B9
:10BF980055419847DFE7002EDCD0B4F8AA3094F872
:10BFA8002911A4F8A13108F0BBF9B4F8DC32A4F8DF
:10BFB800A30104F29710A4F8A531B4F8DE320549BC
:10BFC800A4F8A73108F037FEC4E7E573CDE700BF52
:10BFD800C41400216552010138B50D4B0D4633F8E4
:10BFE8001040084602F026FE4FF47A7304F29D745E
:10BFF800033D0444012DB4FBF3F404F21B148CBF7D
:10C008000025282509F00EFC2044284438BD00BF2F
:10C01800E81C02012DE9F74F99466C4B05460C4682
:10C02800C3601646437D23F0070343F001034375BD
:10C038000023036191F80EA0AAF14703012B19D937
:10C0480091F80F80A8F14708B8F1010F8CBF4FF0A5
:10C0580000084FF00108B9F1000F04D000220121B7
:10C06800204601F08FFA637B032B7ED8DFE803F0CC
:10C07800057970794FF00108EDE726B940F21721EC
:10C088003520F4F7D3F90027012304F1A800BB46B3
:10C0980063730AF026FA4E4B1A6822B149462046C5
:10C0A800904707FB00BBD4E976211BEB020241F164
:10C0B8000001C4E97621C5E90021A17BA1F10B02A9
:10C0C800D2B21E2A54D8434ED64006F00106E27B6F
:10C0D800472A08BF46F0010620460AF033FB28B17C
:10C0E800002E4BD1607B012818BF022004F1E80321
:10C0F80028751846019308F0D3FDA860B9F1000F20
:10C1080061D0AAF10D0ABAF1010F8CBF424648F07E
:10C118000102002A57D13946284608F084F81FFA48
:10C1280080F920460AF00EFB804686BB81452ED357
:10C138000BFB00F02E75D4E97621121841F10001AD
:10C14800C5E90021BBF1000F1AD140F29D2197E704
:10C15800D4F828720322D4F84032627307EB030B39
:10C1680099E7D4F8C8B05F4695E74FF4147187E7AC
:10C17800472901D00026AAE70126ADE70020B5E748
:10C188003946284608F04FF880441FFA88F90122FA
:10C198004946204601F0F6F90D4B1B6853B10121C1
:10C1A800204698477843D5E900321B1842F100022F
:10C1B800C5E9003204F1E80008F072FDA860D5E98D
:10C1C8000023C4E9762303B0BDE8F08F29C200013B
:10C1D800E414002105000040F7B501230F4E337029
:10C1E8000023CDE900336846F4F754FD044618B13E
:10C1F8000023337003B0F0BD009D6B7B002BF2D0A1
:10C2080005F50077384603F027FD384603F038FD7A
:10C2180005F5EC706C73FCF75DFEE4E7E80A0021B5
:10C228002DE9F041804686B00D46A0F50074052939
:10C2380000F28D80DFE801F003856C8B8B80637BD7
:10C2480013B9EA21352016E0204601F009F9002843
:10C258006FD0A8F5AC7611217088F4F7E1FC03469D
:10C2680096F87800002B51D002284DD005D8012827
:10C2780008D0DC21B420F4F7D9F8C21E012AF8D876
:10C288001E3300E00A339C8896F87910314FCB1E94
:10C29800012B98BF2825FFF79FFE2A307A784B3D5F
:10C2A8008442EDB28CBF231A0023346AE41A1AB907
:10C2B800336C9C4228BF1C46A8F58C7008F0F0FC33
:10C2C80000F12A080220A4EB080403F0FFFC022175
:10C2D80024EAE474844228BF0446204603F022FD81
:10C2E80010B1A04403F006FC00232A46414630461C
:10C2F80008F0DBFD7860306A03F0F8FB164806B0FA
:10C30800BDE8F04104F058BC1433BCE79624BBE701
:10C318002146684601230022FFF77CFE6946404615
:10C3280003F044FC10B94FF434718BE7E388013310
:10C33800E38006B0BDE8F08106B0BDE8F041F5F74E
:10C348002FBE637B042BF4D04FF483717AE74FF44C
:10C35800857177E7E80A0021B1E90001024B002264
:10C36800C3E90022FFF738BFE80A0021014B5870E3
:10C37800704700BFE80A002108B501F07DFD044BB5
:10C388005A6882422ABF1878002080F0010008BD50
:10C39800E80A002130B5044687B0042900F2A380DA
:10C3A800DFE801F0032522299B00504B1A7802F0A0
:10C3B800FF03CAB9014601226846FFF72BFE69460A
:10C3C80004F5007003F014FC20B94FF435713520E2
:10C3D800F4F72CF8E3880133E38002F035F807B06E
:10C3E800BDE8304003F030BC04236373F5E7032352
:10C3F800637307B030BDD0F8C83090F82951C0F841
:10C4080028323DB1D0F8445241F64B5295428CBF88
:10C418000025012540F2E242ADF8042094F85022AC
:10C4280042B9D4F8442293421DD0B4F8AA000AF0C5
:10C43800F0F918E0B4F8AA000AF0E8F910B94FF4D6
:10C448004471C4E7B4F84C320025A4F8DE30B4F8DF
:10C458004E328381B4F83C32C5814381013B03826B
:10C468007D23ADF8043094F82A3113BB15BBD4F8FA
:10C47800403204F5EC70D4F84422C4F8D830B4F84B
:10C488003E32C4F8C820A4F8DC30D4F8483284F826
:10C498002A51C4F8D030B4F8DE305343019A194613
:10C4A8000093FCF7F9FC04F1A8000AF01AF802233B
:10C4B8009EE75DB14FF04D13C4F8E0300023A4F8B7
:10C4C800E4304FF47A73ADF80430D0E74FF09613A8
:10C4D800A4F8E450C4F8E030C9E7A83007B0BDE8D4
:10C4E800304009F0FEBF40F2653170E7E80A0021EC
:10C4F8000D4A0146107890B90129536807D1B3F85D
:10C508001021B3F8F4309A420CD8FFF735BF1289DE
:10C51800520706D5187C073818BF0120704700203D
:10C5280070470120704700BFF00A002138B5174B4B
:10C538001C895A6804431C8100F00304032C04D1AD
:10C5480040F6DF213620F3F771FFC50748BFD960F1
:10C55800840706D5096809780629197406D00B29B5
:10C568000ED0820644BF08221A7038BD917B1D295F
:10C57800F7D1002400250121C2E91E451175F0E715
:10C58800917B1329EDD10021F8E700BFF00A0021C3
:10C598002DE9F743837B04460090A3F14702012A63
:10C5A80020D9C27BA3F10D01473A0129D2B216D88E
:10C5B800012A8CBF00220122E188B4F83C02013133
:10C5C80089B2884240F0A78094F85052002D00F0BC
:10C5D80081804AB940F25E213620F3F727FF012A0D
:10C5E80000F299800122E7E7524B1B6813B940F229
:10C5F8005F21F1E7002168469847002584F85252E8
:10C60800B4F84A226846D4F84412FBF705FB032124
:10C618002046FFF7BFFEA37BA3F14702012A03D9F7
:10C62800A3F10D02012A71D80023A373E27B292A02
:10C6380077D1A3F12C0255425541E388B4F838224A
:10C6480001339B1A1B046ED494F83A8294F8203173
:10C6580094F83B62B8F1000F08BF98460EB994F8F9
:10C668002161984562D194F821319B1B18BF0123A1
:10C6780043EA050984F8208184F82161FF2384F8BE
:10C6880022312D4B04F1A8071B6813B141463846E7
:10C6980098472A4B1B6823B14246314601A80194AA
:10C6A8009847B9F1000F03D0237B43F001032373AC
:10C6B800384608F042FB18B1237B43F0020323738A
:10C6C80004212046FFF766FE002384F838317DB345
:10C6D800A37328E0B4F8AA3094F82911A4F8A1317A
:10C6E800D4F8440207F01CFEB4F84832A4F8A301B9
:10C6F80004F29710A4F8A531B4F84A321049A4F806
:10C70800A73184F8A05108F096FA76E7E27B473A19
:10C71800012A98BFE573A3F12902012A86D80125C9
:10C728008BE72C2BFBD003B0BDE8F08301239FE7F8
:10C73800E573F8E71C150021F414002128150021E1
:10C748006552010110B54B7802460468232BA17B82
:10C7580027D018D81D2B2BD00AD8A3F112010429F1
:10C7680004D84FF4A801D940C90714D4002010BD3B
:10C778001F2BFBD13129F9D1114B1B68002BF5D0A8
:10C7880020469847F2E73B2B18D03F2B14D02B2B91
:10C79800ECD10C4B08E001211846BDE8104009F027
:10C7A80028BF2D29E2D1084B1B68002BE9D1DDE712
:10C7B8003629DBD1054BF7E7054BF5E7054BF3E7E2
:10C7C8000415002124150021F0140021FC14002177
:10C7D8002015002138150021034610460A1E08BFFF
:10C7E8001F22252B70B535D8112B03D8032B3FD02A
:10C7F800002035E0A3F112011329F9D801A454F857
:10C8080021F000BF6BC80001F9C700016BC8000127
:10C81800F9C700016BC80001F9C70001F9C7000199
:10C82800F9C70001F9C70001F9C70001F9C70001FC
:10C83800E5C80001F9C70001F1C80001F9C7000106
:10C84800F9C70001F9C70001D3C80001D3C8000126
:10C85800D3C800013B2B4FD0FE3B58425841400003
:10C8680070BD024600211846BDE8704009F0C1BEFF
:10C878000468A37B1A2B01D0142B46D194F85230AC
:10C88800002B42D184F8513084F84A3094F8B13101
:10C8980003F0FF0523B14FF481613620F3F7C6FD9D
:10C8A800B4F8AA3084F8B221A4F8B33184F8B551A9
:10C8B800A4F8B651A4F8B85184F88252144904F285
:10C8C800A91008F0AFF9A57392E712490C68002C7B
:10C8D8008ED019462346BDE8704018470E4B1B689A
:10C8E800002B85D01D21F6E70C4B1B68002B3FF46D
:10C8F8007FAF1F210068EEE7094B1B68002B3FF450
:10C9080077AF1146BDE8704018470220A8E700BF7E
:10C91800F7530101EC140021F8140021001500213F
:10C92800341500212DE9F347964F80460E467C6862
:10C93800002284F84C20398920468D055EBFB4F862
:10C948004020013292B2A4F8402009F0ABFC38B183
:10C958000B4604F5A87204F1A8012046FCF74EF92D
:10C968003B8903F4C06333B1A37C23B9012120467A
:10C97800A174FFF70FFDB8F1000F40F0CC81002E35
:10C9880040F0C9813B897D685C0705D52A7C072A68
:10C9980002BF01222E747A74980713D5387C0123BC
:10C9A800072885F89F300AD0112824D0FBF7B4FE59
:10C9B800034628B94FF4C3613620F3F737FD724BAD
:10C9C800724898473B89190740F1B2807C6894F80F
:10C9D8009E302A2B36D81B2B0FD8012B56D0032B71
:10C9E8005DD0002B42D094F89E30FE2B40F0898019
:10C9F80040F22561E0E7664BE2E71C3B0E2BF2D8DC
:10CA080001A252F823F000BFC5CA0001EFC9000116
:10CA1800EFC90001EFC90001EFC90001CDCA00014B
:10CA2800DBCA0001EFC90001EFC90001EFC900012D
:10CA3800EFC90001F9CA0001EFC90001EFC90001FF
:10CA4800C5CA00013C2B5AD03F2BCCD1E388B4F89F
:10CA58003C229B1A1B0402D4002384F85232A37B85
:10CA6800472B0CD1002384F84A30BCE7E288B4F89D
:10CA78003C12521A1204B6D484F85232B3E7E37B5C
:10CA8800472BB0D1414808F0E2FAACE7E388B4F8A4
:10CA980036229B1A1804A6D40023A373A3E7A37B0A
:10CAA800143BDBB2092B05D840F2412222FA03F3EA
:10CAB800D90798D4002384F88232DFE7002384F86A
:10CAC8004131D0E7334B1B68002B8CD02046984768
:10CAD80089E7002384F842312F4B1B6823B104F502
:10CAE800A17104F1A4009847284808F096FA7AE75B
:10CAF8002A4B1B68002B3FF476AF2448E7E7284B06
:10CB0800F7E7FE2384F89E30A37B292B38D02ED854
:10CB18000B2B30D00D2B31D0E37B472B04BF4823A0
:10CB2800E373237C082B01BF02237B740023237447
:10CB38003B89DA074AD5FA687B681668997B93F8C7
:10CB48005200347809F042FD28B1112C69D8154BF0
:10CB5800E340DB0765D511792046FBF7B9F818BB28
:10CB6800FB68314609481A7908F0B2FA2DE0472BDC
:10CB7800D2D1482300E00C23A373CDE70E23FBE7B3
:10CB88002A23F9E7F00A0021BF650101F40A002110
:10CB9800A7650101081500210C15002110150021B9
:10CBA8002C150021742802000D2C34D0112C34D0FF
:10CBB800072C34D02046FBF79BFD03460028CFD036
:10CBC800FA683146B3481279984706463B781C07FD
:10CBD80007D5A97B95F8520009F0F8FC002818BF82
:10CBE80008262846FFF7D4FC7D6895F89E30FE2B72
:10CBF80040F091802B7C073B012B40F28C8095F80C
:10CC08002C3103F0FF0273B10023A5F8443002234E
:10CC1800A5F89E307FE0A04BD2E7A04BD0E7A04B11
:10CC2800CEE70826D2E7AB7B43B995F83E201AB386
:10CC38001222A5F89E20A5F8463069E0282B00F0BE
:10CC4800A78010D8132B5ED009D8032B00F09A8048
:10CC5800122B00F08E80103B102B5CD90CE01D2BA2
:10CC6800F9D1062350E0342B00F0A480352B00F0D6
:10CC78009780322B00F09280EB7B362B00F2E0801D
:10CC8800212B00F29980013BDAB2052A40F2C680D6
:10CC980095F89E30FE2B3ED17C6894F89E30FE2B92
:10CCA80040F0E381A37B002B40F0DF8194F85232FF
:10CCB800002B00F0678194F85032002B40F05D8122
:10CCC800E07B08F0E4F98246002840F05B81E37BD2
:10CCD800342B00F0578194F850328BB11021B4F8FE
:10CCE800AA00F3F79DFF036913F4007900F0568159
:10CCF8004723A4F846A0A373012384F84A303F23AE
:10CD0800A4F89E30B1E10B23A5F89E30A5F8462083
:10CD1800012385F84A307C6894F82C311BB9237CB0
:10CD2800073B012B04D8B4F844300133A4F844304D
:10CD380094F84A1021B1B4F846300133A4F84630CB
:10CD480094F9502022B1B4F84E300133A4F84E3093
:10CD5800B8F1000F40F06D837B7C022B00F06583F7
:10CD6800012B40F01483637C002B40F025830021C5
:10CD78002BE3D5F85432C5F890300323A5F89E303C
:10CD8800002358E795F8993085F8A03007233FE746
:10CD98001823A5F84620A5F89E30BCE72123B3E761
:10CDA8001123A5F84620AA73A5F89E30012385F81B
:10CDB800A030B0E727232BE7223B142B3FF668AFC0
:10CDC80001A252F823F000BFADCE0001ADCE0001A4
:10CDD80099CC000199CC000125CF000199CC000124
:10CDE80099CC000199CC000199CC000199CC0001A3
:10CDF80099CC00016FCF000199CC000199CC0001BA
:10CE080099CC000199CC000199CC000199CC000182
:10CE180077CF000159CF000173CF0001052B3FF6F2
:10CE280037AF01A252F823F071CE00018DCE000178
:10CE38005FCE000167CF000199CC00016BCF0001E4
:10CE48004B2B00F096804E2B00F09580472B7FF4FB
:10CE58001FAF3F2374E095F8983085F8A03007237A
:10CE6800A5F89E30002313E00C230022A5F89E307D
:10CE780095F85330A5F84E2043F00103EA7385F87E
:10CE8800533005E71323A5F89E300023A5F84E304C
:10CE9800EB73FDE6F40A002187660101BF66010114
:10CEA8004DC7000195F82F31002B7FF4F1AE95F8AE
:10CEB8002E31ABB1EB7B05F1A80005F5977105F2B2
:10CEC8003A22292B28D0AB7B293B012B8CBF00238E
:10CED800012307F0EEFE2323EB73002385F82E31A0
:10CEE800EB7B232B7FF4D4AE05F1A80007F025FFD8
:10CEF80018B105F25910FBF7F9F8B5F80A31A5F899
:10CF0800A030B5F80E31A5F8A2301523A5F89E304B
:10CF18000023A5F84E30BBE60123DAE795F838314F
:10CF2800012B10D095F83831022B7FF4B1AE0023D5
:10CF3800D5F81821D5F83A11AF4806F0B4FF1823F0
:10CF4800A5F89E30A4E695F83931002BEAD1EEE732
:10CF58001123A5F89E30002385F8A03096E7092311
:10CF6800EEE71B237CE72423EAE71E2378E7272341
:10CF7800E6E72C23E4E73C23E2E794F84031002B72
:10CF88003FF49EAE94F8823203F0FF010BB3E37CCA
:10CF9800BBB1237D73B940F217710DE5974B1B6840
:10CFA80013B94FF4E16107E51A219348984784F8CB
:10CFB80052925AE00A23A4F89E300023A4F846307F
:10CFC80011E0D4F85422C4F890200322A4F89E203B
:10CFD800F4E794F83F3103F0FF0243B10823A4F8C3
:10CFE8004610A4F89E30012384F84A303DE094F8B6
:10CFF800403103F0FF0173B194F86930DB0905D0C3
:10D008002B23A4F89E30A4F84620ECE77C4B1B6841
:10D018005BB3794861E0D4F88432002B5FD01F22DB
:10D02800E07BFBF7BFF8002859D1D4F8843233B13C
:10D0380013F8512C012A05D040F24771BCE440F2A4
:10D048004371B9E413F8283C03F0FF0113B14FF41E
:10D05800E961B1E494F8653098063BD51F23A4F83C
:10D06800461084F84A20A4F89E3095F89E30FE2B8E
:10D078007FF451AEAB7B002B7FF44DAE95F8353283
:10D08800002B3FF448AEE87B08F001F8044600287E
:10D098007FF441AEEB880A2B7FF63DAE6846FAF77F
:10D0A800E7FD00283FF437AE052205F11801684670
:10D0B80004F024FF002800F067819DF804300098F0
:10D0C80085F834320123C5F83002A5F89E3085F87A
:10D0D800354220E64B4B20461B689847C5E794F835
:10D0E8003E3173B194F8533013F00302BDD10C21D3
:10D0F80043F00103A4F89E1084F8533084F83E21CD
:10D1080057E794F82E3113B394F82F31FBB9E37B2A
:10D1180004F1A80004F5977104F23A22292B14D0DF
:10D12800A37B293B012B8CBF0023012307F0C1FD02
:10D13800002384F82E31B4F80A21A4F8A020B4F80A
:10D148000E21A4F8A220142240E70123EEE794F868
:10D158003831012B5DD194F83931002B59D1E07B5E
:10D1680007F095FF002854D194F820114B1EDBB22C
:10D17800032B09D894F82121DFF88CC0013A1CF858
:10D188000300D2B2032A03D94FF43F71062014E4F6
:10D19800022894F83A310AD003280AD0012804D189
:10D1A800012B14BF002301232BB9162303E7022BFD
:10D1B800F7E7042BF5E71CF8022094F83B31022A24
:10D1C80015D0032A15D0012AEFD1012BEDD1E38820
:10D1D80004F50E72B4F83C0106F049FE8146A8B980
:10D1E80001460548F9F7B2FF84F838913DE7022B6C
:10D1F800ECE7042BEAE700BFF40A00211C15002124
:10D208002415002104150021EF1B02012C23A37310
:10D218002BE794F8413103F0FF0283B3884B894828
:10D228001B689847FE283FF420AF00231E2884F887
:10D238009E0084F89F300AD92438C0B21B283FF6D4
:10D24800BCAE814BC340D9073FF50FAFB5E601220D
:10D258007E4B82401340002B7FF407AF15280BD07C
:10D2680011287FF4AAAE94F8A02012B1A4F8463091
:10D27800FBE6A4F84E20F8E6A4F84E30F5E694F85C
:10D288004A3103F0FF090BB11D23BAE694F8423185
:10D298006BB30921B4F84401F3F7C2FC10B984F860
:10D2A800420186E690F8F03103F0FF0213B984F8E2
:10D2B80042217EE690F8C831032B14D8DFE803F04A
:10D2C8000202050D84F8429173E694F8483180F81B
:10D2D800F131002384F842316BE62223A4F89E3012
:10D2E800A4F846907FE640F2DB61FFF765BB94F84F
:10D2F8004B318BB194F8523273B994F866305A06B0
:10D3080008D5534B1B68002B3FF4AFAE4D489847E8
:10D318002723F5E44F4B7AE694F84C31BBB13B2216
:10D328000021E07BFAF73EFF814680B91021B4F86E
:10D33800AA00F3F775FC03699B0705D5464B4148DE
:10D348001B6898473B23C9E7444B1B6861E694F880
:10D358004E3153B194F8393103F0FF022BB9E37B16
:10D36800243B072B01D923234BE694F84D31012B9D
:10D3780004D1002384F84D31252227E694F84D3155
:10D38800022B7FF472AEF4E785F83502A1E65EB1B0
:10D39800F0064CD431074CD4B2074CD1B3064CD468
:10D3A80040F66331FFF708BBB9B1B4F84610B4F8DA
:10D3B8004830994211D9222384F831302148FBF7AB
:10D3C8000FFA00230221E381A3742046FEF7E2FF4F
:10D3D80002B0BDE8F047FAF703B82AB1B4F84E2016
:10D3E800B4F848309A42E6D8B4F84420B4F8423049
:10D3F8009A420ED2B4F84420B4F848309A42DAD2AD
:10D40800A27CB4F840304AB9052B7FF6B0AC3E2375
:10D41800D2E794F82C31002BCDD1EBE7B4F84220B9
:10D428009A423FF6A4AC0823C6E71623C4E71E2396
:10D43800C2E73D23C0E72A23BEE72323BCE700BF9A
:10D44800E8140021F40A002109010009871208499B
:10D458001415002118150021301500213815002158
:10D4680073B5424D0026044668602E812E706E7496
:10D47800FF2380F84C30837B0B3B012B11D8C388EA
:10D48800B0F836229B1A19040BD400F50C7117302A
:10D4980007F037F8A37B0C2B08BFA673FF2384F88B
:10D4A8004B30B4F8202204F1A8012046013292B290
:10D4B80007F06EF80023A4F8203294F84A302BB114
:10D4C800B4F84620B4F848309A4214D294F950304F
:10D4D8002BB1B4F84E20B4F848309A420BD2B4F8C5
:10D4E8004220B4F84430934205D2A17CB4F84030CD
:10D4F80039B9052B07D900210846FFF713FA002090
:10D5080027E09A42F7D994F89E10FE2923D01848AC
:10D51800FAF758FF6C68174AA17B94F8520009F093
:10D5280055F8154B009020461449F4F7F9FB6C6840
:10D53800237BDA0703D500210D48F9F707FE237B83
:10D548009B0703D504F25910FAF7D0FD00230120F8
:10D55800237302B070BD0A4B1C68002CDAD002F0AD
:10D5680011FC02460B460248A047D3E7F00A002107
:10D57800F40A0021F9C400012DC9000135C50001D4
:10D588003C150021B0F820320B4470B5A0F82032C9
:10D598000446B0F840300D4616460B44A0F840301B
:10D5A80008F080FE90B1636B20460B4404F1A8019B
:10D5B800636308F097F8D4E90D239A4206D3002351
:10D5C800144904F5A870636307F035FB94F84A30F2
:10D5D80023B1B4F846302B44A4F8463094F95030BF
:10D5E80023B1B4F84E302B44A4F84E3094F82C31C3
:10D5F8001BB9237C073B012B04D8B4F844302B44D7
:10D60800A4F844302046FEF7C3FF16B1E3881D4452
:10D61800E58070BD57560101014B1874704700BF73
:10D62800780B0021074B93F900301844142804DCC8
:10D6380010F17F0F03DB40B27047142070476FF082
:10D648007E007047E60B00217F2307B50DF1070028
:10D658008DF8073001F0DEF803469DF9070053B155
:10D66800094B5B785B425BB21844142806DC10F166
:10D678007F0F05DB40B203B05DF804FB1420FAE726
:10D688006FF07E00F7E700BFE60B0021024B002297
:10D698001A705A70704700BFE60B0021014B1870D2
:10D6A800704700BFE80B002108B500F0AFFB00F0A1
:10D6B800CDF800F005F8BDE8084001F061BB00BFF7
:10D6C800034B00214FF480521970A3F801207047D2
:10D6D800EC0B002170B50646022014460D4600F0FA
:10D6E800D5F8064B0122033C1A70054BC3F81045C8
:10D6F800C3F80865C3F8045570BD00BFEC0B0021E2
:10D7080000E00041022008B500F0C0F8084B0022F4
:10D7180008484FF0010C084980F800C0C3F8002100
:10D72800C3F80421C3F80821C3F8801008BD00BF5E
:10D7380000E00041EC0B002103000080104B1A7838
:10D748005AB110490020C1F88000D1F800213AB937
:10D758001021002099705A701870002000F096B8B7
:10D76800D1F80421002AF3D0D1F8082122B9D1F840
:10D7780000140122C9B2ECE710210246E9E700BF14
:10D78800EC0B002100E00041022008B500F07EF813
:10D79800064B0022012106480170C3F80021C3F896
:10D7A8000421C3F80821196008BD00BF00E000414A
:10D7B800EC0B002108B5164B1A78B2B1C823154AEC
:10D7C800D2F8001141B1D2F8040120B1D2F8080111
:10D7D800B0FA80F0400908BD013B13F0FF03EFD118
:10D7E8000620FAF753FC002008BD5878C823A0F19A
:10D7F8000202B2FA82F2520900E01AB1013B13F0B8
:10D80800FF03FAD10228EBD0431E5842584108BD05
:10D81800EC0B002100E000410A4B1A787AB10A4B60
:10D82800D3F800214AB1D3F8042132B1D3F8082142
:10D838001AB9D3F80004C0B270471020704798781E
:10D84800704700BFEC0B002100E0004138B54FF4F1
:10D8580080420C4BC3F88020BFF34F8FBFF36F8F0C
:10D86800094BD3F80025032A01D101229A60064CFE
:10D878000025C4F80055C4F8005501F08FFBC4F822
:10D88800805038BD00E100E000E00041164BD3F8BD
:10D898000025032A70B5054601D101229A60124C71
:10D8A8000026C4F80065C4F8006501F077FB012D77
:10D8B800C4F880600DD0022D01D08DB970BD032150
:10D8C8000A4A0B4BC4F80015C4F81425C4F8803074
:10D8D80070BD0222054BC4F80025C4F8143570BD8C
:10D8E8008C213D20F2F7A2FD00E00041F00B002161
:10D8F80003000080024BD3F8A00200F0010070473B
:10D908000000FF010A4B4FF6FF72014610B4D3F82E
:10D91800A442D3F8A8329BB2934208BFB4F1FF3FA8
:10D9280014BF0120002001D00C608B8010BC704710
:10D938000000FF010D4B70B4D3F89062D3F89452F5
:10D94800D3F8984206EA0502D3F89C1222400A400E
:10D95800013202D1002070BC7047034606600120E6
:10D968005D609C60D96070BC704700BF0000FF011B
:10D978000D4B70B4D3F88062D3F88452D3F8884240
:10D9880006EA0502D3F88C1222400A40013202D17D
:10D99800002070BC70470346066001205D609C60F3
:10D9A800D96070BC704700BF0000FF01EFF3108220
:10D9B80072B60F4B93F83D1011B9BAB962B67047F9
:10D9C8005B78012B0FD0022BF7D18307F5D40948D8
:10D9D8000121094B10B40024C0F84045196102B96F
:10D9E80062B610BC70474107E7D4F0E7704700BF44
:10D9F800000D002100C000410080004130B5431EE9
:10DA08003C4C83B02072072B6AD8DFE803F0384318
:10DA1800484D69525704384B0F22C3F81025A38983
:10DA2800B3F5166F33D2A3F6381343F48073324D2F
:10DA3800C5F8083501F07F03C5F8543501AB94F9F2
:10DA4800092001F07BFB9DF8050001F03FFC002850
:10DA58004BD128499DF9040001F0F4F8237A082BEA
:10DA680031D040F2031240F25B632248C5F83425F6
:10DA7800C5F8383503B0BDE8304001F041BB1E4B56
:10DA88000322C3F81025A389B3F5166FCBD3A3F5EA
:10DA98001663CCE7184B0422C3F81025BFE7164BD2
:10DAA8000522C3F81025BAE7134B0622C3F8102540
:10DAB800B5E7114B0022C3F81025B0E70E4B012241
:10DAC800C3F81025ABE740F202220C4B0948C5F811
:10DAD8003425C5F8383503B0BDE8304001F010BB37
:10DAE80040F645513E20F2F7A1FC40F2E3513E20BA
:10DAF800F2F79CFC000D002100800041211001007C
:10DB0800364B421E10B51872072A62D8DFE802F0B9
:10DB18003540454A614F5404314A0F24C2F8104534
:10DB28009B89B3F5166F30D2A3F6381343F480728D
:10DB38002B4B01F07F0100240828C3F80825C3F8FF
:10DB48005415C3F81C41D3F8002242F48872C3F874
:10DB5800002236D040F2031140F25B62C3F834155C
:10DB6800C3F838251D4801F0A3FA1D4AD2F86835D4
:10DB780043F4C023C2F8683510BD9B890324184AB2
:10DB8800B3F5166FC2F81045CED3A3F51662CFE7EA
:10DB9800134A0424C2F81045C2E7114A0524C2F802
:10DBA8001045BDE70E4A0624C2F81045B8E70C4AEE
:10DBB8000024C2F81045B3E7094A0124C2F8104509
:10DBC800AEE740F20221074AC3F83415C3F83825F6
:10DBD800C8E740F645513E20F2F728FC000D002129
:10DBE80000800041211001002DE9F043002383B09B
:10DBF800061E0D468DF80630904614BF02230423F6
:10DC08008DF8043002F0C0F801284FF0FF3088BFCB
:10DC180000208DF8050001A804F000FB002840F062
:10DC2800CE80714F012387F83D3001F06BFF044629
:10DC38000028FAD0002E38D14FF0010997F8283083
:10DC480087F80190002B47D097F82A30002B4ED147
:10DC5800664B674A33F8183003F5FA73A2FB0323BF
:10DC6800644AA5EB9315644BC3F880203B690122F5
:10DC780097F829001D44614BC3F8405587F82820C0
:10DC88005C4AC3F8C02100284FD097F82A00002822
:10DC98003ED05948C0F88820D3F84031002B44D0F2
:10DCA8000024204603B0BDE8F083012E40F08C80AC
:10DCB80002237B7097F82830002B66D097F82A301B
:10DCC80003B34D4B0022C3F81C21D3F8002242F4C1
:10DCD8008872C3F80022C9E7B97A4046FFF78EFE7A
:10DCE80097F82A30002BB3D0434BC3F80090444B2D
:10DCF8003F4A33F8183003F5FA73A2FB0323A5EB68
:10DD08009315B3E73C4B293D3A4AC3F88420ADE765
:10DD1800394BD3F8002242F00102C3F80022D3F8AD
:10DD2800503503F0F603022BBAD0344B0122DA64E3
:10DD3800D3F84C35AB42B3DAFB89952B0CD9002EBE
:10DD48002ED0304B05F129011846D9602E4901F033
:10DD5800ABFA431C012B41D801A804F06BFA002848
:10DD680037D17B789DF80420012B0BD0022B98D15A
:10DD7800930796D4214900201F4B0122C1F8400582
:10DD88001A618EE752078CD4F4E74046B97AFFF758
:10DD9800B7FE97F82A30002BB4D0174B5E6090E797
:10DDA800184B283518491846DD6001F077FA431CEE
:10DDB800012BD1D940F2C2613E20F2F737FB40F681
:10DDC8005C313E20F2F732FB40F634013E20F2F798
:10DDD8002DFB40F69F313E20F2F728FB40F2CC6144
:10DDE8003E20F2F723FB00BF000D0021E81C0201D2
:10DDF800D34D62100B0000800080004100C000413C
:10DE0800FC1C020144000021401C020140220021A8
:10DE1800094810B504F0D0F841F21114074B00225C
:10DE28004FF08240AA21C0F8004EC3F8402EC3F834
:10DE3800442EC3F8001E10BD000D002100700041E3
:10DE4800014BD881704700BF000D0021024B012211
:10DE580083F82A20704700BF000D0021024B0344BD
:10DE6800187D00F516607047401C0201014B187FB1
:10DE7800704700BF000D0021024B98691B69C01A4A
:10DE8800704700BF000D00210D4A0E490E4810B51D
:10DE98000E4C137F01EB830154F82330D2E904249C
:10DEA800C96B03F2F313A41AA0FB0303641AA4EBCF
:10DEB800931401F067FF201841F1000110BD00BF65
:10DEC800000D0021401C0201D34D6210D41C020138
:10DED800FF2808B52AD80139072922D8DFE801F038
:10DEE800041D16162104041A4FF44033144A18432B
:10DEF800144B40F00070C3F81425C3F81805D3F884
:10DF0800503503F0F703032B15D008BD4FF4403309
:10DF18000D4AECE700230D4AE9E74FF440330C4A79
:10DF2800E5E74FF44F713E20F2F780FA40F2CB213B
:10DF38003E20F2F77BFA40F256313E20F2F776FAAD
:10DF480008011000008000410801906308000006E5
:10DF58000801100138B5144A144BC3F8AC210278F3
:10DF6800032A1CD140780129114CD3F8141500F06C
:10DF78003F00626821F470210E4D42F0030245EA29
:10DF8800000508BF41F40021C3F81415C3F800299F
:10DF9800C3F810590123626084F83C3038BD40F260
:10DFA800AB313E20F2F742FA0600008000800041C3
:10DFB800000D0021803202002DE9F8432A4F4FF46A
:10DFC8008078C7F88080BFF34F8FBFF36F8F01F061
:10DFD80093FD0446254D00264FF0010901F0D2FEBD
:10DFE800001B234CC5F8FC6FC5F8FC9F206101F0AD
:10DFF80043F840F20123C5F83095C5F850364FF480
:10E008008013C5F800321B4B187C01F071F904F03D
:10E0180055F8194AA683A661268584F82A6084F8EB
:10E028003C60164BC5F8A8210332C3F8C820013A52
:10E03800C3F8C42003F5405341F6F872C3F8042529
:10E0480096231022E381D5F800396360236CC7F862
:10E058008081C5F80423C7F8008003B19847BDE85C
:10E06800F84301F00FB900BF00E100E00080004173
:10E07800000D0021440000210300008000C0004181
:10E08800014B5872704700BF000D0021034B020E70
:10E098000002C3F82425C3F81C057047008000411E
:10E0A800044B054A034490721B7D03F51663938164
:10E0B800704700BF401C0201000D0021F0B5684CFC
:10E0C80083B094F82930002B00F0B58000284FF079
:10E0D800000205460F4614BF022304238DF80620CC
:10E0E8008DF8043001F050FE01284FF0FF3088BF52
:10E0F80000208DF8050001A804F090F8002840F0F1
:10E1080095800123574A84F82A0084F83D3084F822
:10E118002830D2F8003243F00103C2F8003201F08F
:10E12800F1FC0028FBD0002D59D0012D0AD04E4B10
:10E13800D3F84C65E389952B21D94FF4DA613E2059
:10E14800F2F774F90223A17A38466370FFF7D8FC16
:10E158006378022B7ED1444B424ADD645560D3F884
:10E168004C65E389952B0AD9404A06F129034049B1
:10E178001046D36001F098F80130012865D801A84D
:10E1880004F058F800285BD163789DF80420012B2F
:10E198001ED0022B09D1930707D4334B0022C3F8B2
:10E1A8004025A3F5804301221A612369F61A1DB19F
:10E1B80006F1290003B0F0BD2E4B2F4A33F8173073
:10E1C80003F5FA73A2FB032306EB931003B0F0BD2B
:10E1D8005207E2D52369F61A002DE9D1ECE70123AD
:10E1E800A17A38466370FFF709FC6378012B18D1D0
:10E1F8001D4A1C49D3640B60E389D2F84C65952B02
:10E20800BDD91A4A06F1280319491046D36001F00E
:10E2180045F801300128B2D940F2C2613E20F2F738
:10E2280005F94FF4E9613E20F2F700F940F65C3158
:10E238003E20F2F7FBF840F206713E20F2F7F6F8BE
:10E2480040F69F313E20F2F7F1F840F2CC613E20D3
:10E25800F2F7ECF840F251713E20F2F7E7F800BF10
:10E26800000D00210080004100C000414400002151
:10E27800401C0201E81C0201D34D621010B5FFF7E3
:10E28800B3FC00B110BD0346054C064A0121C4F891
:10E29800403502201161BDE81040F9F7F7BE00BF14
:10E2A80000C0004100800041F8B51D4D6B7F93B35D
:10E2B8000446164608465CB1012C1CD00027296983
:10E2C80032462046791AFFF78FFC034640B1F8BD65
:10E2D800012BAF69297F16D000F0CCFC0744EEE78C
:10E2E800104C0121104A0220C4F840351161BDE8E4
:10E2F800F840F9F7CBBE012BAF69297F07D000F0B2
:10E30800EFFC0744DBE700F0D7FC0744D7E700F051
:10E31800BFFC0744D3E740F6C1013E20F2F786F878
:10E32800000D002100C000410080004130B5414A85
:10E338004FF4807440494FF0FF30D2F8045383B053
:10E34800C2F808030023C1F880414FF480113B4C08
:10E3580005F01005C2F800123949238584F82A30DF
:10E36800C1F84035C2F88830C2F88030C2F884302D
:10E37800D2F85015C9B249BBE389952B04D9637803
:10E38800012B4DD0022B41D000222A4B94F83C108F
:10E39800C3F81021228091B1C3F8AC21D3F8141529
:10E3A80084F83C2021F470216268C3F8141522F027
:10E3B800030224496260C3F80029C3F810191DB18B
:10E3C8001C4B1022C3F8042303B030BD01218DF883
:10E3D8000700C2F8103111619DF807304BB90CE005
:10E3E8009DF80730013BDBB28DF807309DF8073008
:10E3F8001BB1D2F81031002BF2D09DF80730002B5A
:10E40800BAD140F6FF013E20F2F710F800F058FFAD
:10E4180001300128B8D940F617113E20F2F706F866
:10E4280000F048FF01300128AED940F611113E2016
:10E43800F1F7FCFF0080004100E100E0000D002141
:10E4480000C0004180320200F8B50022314B324F43
:10E45800C3F84825C3F84425C3F84025C3F84C251C
:10E46800FFF764FF00F014FF97F83D302BB103F07D
:10E47800DBFE002843D187F83D00002003F0E0FED2
:10E488000446002840D1234D244EC5F8C401C6F8DF
:10E498008800C6F88000C6F88400C5F8C800C5F82A
:10E4A800C400C6F88400C6F8800003F01FFE1C4BA9
:10E4B80041F6F872C6F8A8417C61C5F8C041BC6154
:10E4C800C3F808254FF48072164BFC70C5F8484510
:10E4D800C5F84445C5F84045C5F84C45C5F8484118
:10E4E800C5F84441C5F84041C5F84C41C3F88020FF
:10E4F800BFF34F8FBFF36F8FC3F88021F8BD40F291
:10E50800AE413E20F1F792FF40F2B1413E20F1F7D3
:10E518008DFF00BF00C00041000D002100800041B8
:10E5280000F0004100E100E0F8B52C4C2378B3B1CD
:10E5380088B95F1E667FE08918BF0127002E47D083
:10E54800012BA569217F13D0012EA2783CD000F0C1
:10E55800C7FB411911E0BDE8F840FFF7E7BE94F8A2
:10E568002A206370E37022B31D4AC2F84031F8BD17
:10E57800012E22D000F07EFB411923690022C91A1E
:10E5880094F82A302280E3B1154BC3F84021A278D1
:10E598003846FFF729FB03460028E8D1104C012133
:10E5A800104A0220C4F840351161BDE8F840F9F777
:10E5B8006DBD228584F82A20F8BD00F07DFB411945
:10E5C800DBE784F82830E2E700F062FB4119D4E782
:10E5D80040F6C1013E20F1F729FF00BF000D0021E0
:10E5E80000C0004100800041014BC3F83C05704762
:10E5F8000080004138B50446074803F021FE28B9D9
:10E60800064D94E80F0085E80F0038BD40F6681104
:10E618003E20F1F70BFF00BFB5D90001440D0021E2
:10E62800164B4FF0010C164A93F8281083F829C0AE
:10E63800C2F804055862F9B193F82A3083B1114938
:10E64800114BC2F88810D3F84031ABB100200E4905
:10E658000B4B0122C1F8400503201A61F9F716BDDA
:10E66800D2F8003243F00103C2F80032D2F8503534
:10E6780003F0F603022BE9D0704700BF000D00211C
:10E68800008000410B00008000C0004108B5144B19
:10E698004FF0010C134A93F8281083F829C0C2F8E8
:10E6A80004055862C9B193F82A3053B10E490F4B8B
:10E6B800C2F88810D3F840317BB1FFF737FE00204D
:10E6C80008BDD2F8003243F00103C2F80032D2F894
:10E6D800503503F0F603022BEFD0012008BD00BF30
:10E6E800000D0021008000410B00008000C00041A7
:10E6F80008B5144B19699A690844824217D2012156
:10E70800114AD9705164D2F844350533834205D390
:10E718000E4BD3F8042102B9196108BD00210C4B36
:10E72800C2F84411C2F84405C2F8C43108BD022039
:10E73800F9F7ACFC04490020044B0122C1F840055C
:10E748001A6108BD000D002100C000410080004191
:10E758000900008010B51D4C034694F81DC0217FA8
:10E76800BCF1010F227AE0891ED000F0E9FAA36912
:10E77800184483421ED20121154BE1705964D3F825
:10E7880044250532904206D8A3F58043D3F80421E6
:10E7980002B9196110BD00210E4AC3F84411C3F82B
:10E7A8004405C3F8C42110BD00F0AAFAA3691844AF
:10E7B8008342E0D30220F9F769FC05490020064BA3
:10E7C8000122C1F840051A6110BD00BF000D0021EB
:10E7D80000C000410900008000800041704700BF70
:10E7E800044BC3F86005D3F8002242F04002C3F896
:10E7F8000022704700800041054B0021D3F8002219
:10E8080022F04002C3F80022C3F86015704700BF29
:10E81800008000410C4AD2F81C319BB1D2F848352F
:10E828000146012003F07F0310B45B42002483B04B
:10E838000B70C2F81C41D2F81C310193019B03B044
:10E8480010BC7047184670470080004130B5264C10
:10E8580083B094F82A30A17000BB012222709BB3C8
:10E86800237A994235D1214A0846214D01ABC2F895
:10E87800805094F90920A17A00F060FC9DF8050009
:10E8880000F024FD50BB9DF90400214600F0DAF9A0
:10E89800204603B0BDE8304000F032BC02222270AE
:10E8A80093B1237A8B4214D10128104B104A0DD111
:10E8B800C3F884200C4800F0FBFB0C4AD2F86835FA
:10E8C80043F4C023C2F8683503B030BDC3F88020D4
:10E8D800F0E740F6C7213E20F1F7A8FD40F2E351EA
:10E8E8003E20F1F7A3FD00BF000D0021008000418C
:10E8F8000700008010B51B4C82B094F82A3083B111
:10E908000128194B194A0ED0C3F8802070B1154858
:10E9180000F0CEFB144AD2F8683543F4C023C2F89D
:10E92800683502B010BDC3F88420F0E701AB94F954
:10E938000920A17A207A00F001FC9DF8050000F07A
:10E94800C5FC50B99DF90400214600F07BF920462A
:10E9580002B0BDE8104000F0D3BB40F2E3513E20C6
:10E96800F1F764FD000D00210080004107000080E0
:10E97800054B0021054AC3F84015D2F85035DBB2E3
:10E988000BB101231361704700C0004100800041B2
:10E99800044B30B4D3E90C459B6BC0E9004530BC4F
:10E9A8000B607047000D002170B501F0A9F8984C74
:10E9B800984B0122C4E90C01DA64E289D3F84C359A
:10E9C800952AA36306D96378012B00F0D480022B23
:10E9D80000F08680904B002294F83C008F49C3F8E1
:10E9E8008820C3F88020C3F88420C3F88420C3F8A3
:10E9F8008020D3F8005284F829202940C3F8001257
:10EA080008BB844A00256678D2F84815824B022E46
:10EA18006677A161D2F844156161D3F80C01D3F887
:10EA28001011C3F80051C3F80C51C3F81051C3F8C2
:10EA38000451C3F80851C3F86C512AD0012E16D0DE
:10EA4800002944D170BDC3F8AC216168D3F814051E
:10EA580084F83C2021F0030220F4702070496260A1
:10EA6800C3F81405C3F80029C3F81019C9E7237AB5
:10EA78002377002876D10029E4D02378002B00F0F2
:10EA88009E80FFF753FC0021E36C0846BDE8704008
:10EA98001847E3785BB1D2F8443143B12378002BAF
:10EAA8007CD0FFF743FC636CBDE87040184710BB8F
:10EAB8000029C7D023786BB994F82A306070E070C9
:10EAC800002B00F09080534BC3F8400104E02378FA
:10EAD800002B5BD0FFF72AFC236DBDE87040184778
:10EAE80000F0EEFB013001287FF674AF40F61711F5
:10EAF8003E20F1F79BFC484BD3F85034D90116D58A
:10EB0800C3F30312C3F30321002918BF002A01D05D
:10EB18001A070CD1C3F34252C3F304433E49022AF5
:10EB280098BF012BD1F8541401D10129B6D1237A09
:10EB3800002B67D0DA1E012A49D9002501260020BA
:10EB48002377FFF7F1FC344BD3F8000410F00100F1
:10EB580003D0D3F8140426EA0000A36C2946BDE8C4
:10EB6800704018472846FFF7DFFCE36C314628461B
:10EB7800BDE87040184700F09DFB013001287FF682
:10EB880029AF40F611113E20F1F750FC94F82A10F5
:10EB98006370E37059B1C2F840319DE794F82A20B8
:10EBA8006370E3703AB11B4AC2F840317BE72185B4
:10EBB80084F82A1090E7228584F82A2073E794F8CD
:10EBC8002A106370E37091B1C2F840315BE7124BD1
:10EBD800D3F8145415F006050DD0022D0ED00125DA
:10EBE80003230026ABE7208584F82A0074E72185F3
:10EBF80084F82A1047E703230126A0E70025042309
:10EC080001269CE740F24D213E20F1F70FFC00BFA2
:10EC1800000D002100C0004100800041E2FEFFFF1E
:10EC280080320200024B03EB8003D86B704700BFB1
:10EC3800401C0201024B03EB8003186D704700BFB4
:10EC4800401C02010028C3B2084A08DD0121033B29
:10EC5800C2F80015DBB2064AC2F80C35704700212D
:10EC6800C2F80015024AC2F80C357047004000414E
:10EC78000080004110B504460846FFF7DBFF034A51
:10EC8800A2FB0020A4EB901010BD00BFD34D621072
:10EC98004FF47A73064A03FB00F032F91120054B52
:10ECA80000F2E7301044A3FB0030800902387047B7
:10ECB800C01C0201D34D621010B44FF47A73064C95
:10ECC800064A00FB033334F9111010BC0B44A2FBB5
:10ECD80003208009704700BFC01C0201D34D621099
:10ECE80010B504460846FFF7A5FF044B00F2E730CD
:10ECF800023CA3FB0030A4EB901010BDD34D621072
:10ED080038B50D4C84461D464FF47A7334F911100A
:10ED180004EB82040535104664690C4404F6B734E4
:10ED280003FB0C44054BA3FB0434FFF77BFFA4094A
:10ED38002544284438BD00BFC01C0201D34D6210D1
:10ED480038B5054608461446FFF774FF0A4B0246D5
:10ED580020464FF47A7103EB84035C69074B04F691
:10ED6800B73401FB0544A41AA3FB0434FFF75AFF88
:10ED78000530A409204438BDC01C0201D34D6210DF
:10ED8800024B00221A705A709A707047540D002175
:10ED98002DE9F04F064683B0012088469DF83C5087
:10EDA8001F469DF830B0BDF838A001929DF84090FC
:10EDB800FEF76CFD06F00302374C16F0FB0F42EA33
:10EDC8000542E57004F1040E344D42F08072F446B9
:10EDD800C5F80425D8F80820D8F80C30D8F8000071
:10EDE800D8F80410ACE80F00019B84F81CB0C4E903
:10EDF80005370D9B1A685B68C5F808E5C4F81D203F
:10EE08004FF48052C4F82130D5F818356AF3070357
:10EE1800C5F818354FF00003C5F88430204BC3F807
:10EE2800082515D11F4BB9F1020FC5F88031C5F877
:10EE380084302CD81C4B13F80930C5F82035012331
:10EE4800022E84F82560637015D903B0BDE8F08FF1
:10EE5800B9F1020F1BD8144B012E13F80930C5F86D
:10EE68002035ECD10F4B114A84F82560C2F8D03117
:10EE7800C5F88C306670094B012200212270C3F856
:10EE88000011C3F800121A6003B0BDE8F08F4FF408
:10EE9800BA713C20F1F7CAFA540D002100E0004194
:10EEA80000F000410C000080101D020100800041AC
:10EEB8001A4A537870B563B3194B0124C3F80C157B
:10EEC800C3F8100592F825509470B5B91278E2B1DC
:10EED800C3F804514FF48055124AC2F80455D3F8C8
:10EEE800006116B15C60C2F808550B7803704B7866
:10EEF800043343708B78837070BD00211470C3F89D
:10EF08000411C3F800421C6070BD97213C20F1F742
:10EF18008DFA4FF4D5713C20F1F788FA540D002191
:10EF280000E0004100F0004108B5174B5A782AB3B9
:10EF3800164A4FF0010CC2F80C151978C2F81005E2
:10EF480083F802C0B1B10021C2F80411DB78023B9A
:10EF5800012B05D80E480323C0F85011C2F81C3500
:10EF68000A494FF480520B480B4BC1F88400C3F890
:10EF7800042508BDBA213C20F1F758FA4FF4DF7197
:10EF88003C20F1F753FA00BF540D002100E0004186
:10EF9800008000410500008000F00041104B1A7805
:10EFA800CAB100220F49104810B44FF48054C1F878
:10EFB8008420C0F80845A0F5E040C1F88021C1F8D8
:10EFC8008420C0F8D021C1F88C201A70002210BC0F
:10EFD8005A709A70704700225A709A70704700BF32
:10EFE800540D002100E0004100F00041F8B51B4B32
:10EFF8001B786BB31A4CD4F8043113BB194B02229B
:10F00800C4F804231F691A6907F0100742F01002B8
:10F018001A61D4F8043153B9134E4FF48045C6F839
:10F02800805107F0A8FCD4F80431002BF7D027B999
:10F038000C4A136923F010031361094B0222C3F829
:10F048000823074BD3F80004003818BF0120F8BD87
:10F058004FF4F2713C20F1F7E9F900BF540D00219B
:10F0680000E0004100ED00E000E100E0014B01227A
:10F078009A60704700E0004130B40023094D0A4C03
:10F088000A4805EBC3010133D1F80023224082422C
:10F0980004D1D1F80023D1F804131160202BF0D14A
:10F0A80030BC70470000FF0100F0FFFF0080004106
:10F0B800027A082A0DD80123934013F05A0F0DD174
:10F0C80013F4C27F05D00B4A0B4BD2F88420C3F847
:10F0D80088250A4B0022C3F800257047054A064BCD
:10F0E800D2F88020C3F888250022044BC3F80025F5
:10F0F800704700BF0000FF01008000410040004150
:10F10800027A082A14D80123934013F05A0F09D120
:10F1180013F4C27F0CD0074A074BD2F88420C3F8F7
:10F1280088257047034A044BD2F88020C3F8882505
:10F13800704700BF0000FF01008000412DE9F04F3B
:10F14800454C85B0054698460E46174600F00EF920
:10F1580023788146AB4202D16378B3423CD0082D74
:10F168001BD1BB464FF0040A8DF80F703046FEF7EE
:10F1780075FE00210346524600915846414600F06C
:10F18800ABF8B8F8003025706670A380A071A7703E
:10F1980084F8039005B0BDE8F08F05F1FF3ABAF1A5
:10F1A800060F50D8DFE80AF0044235284F0404005F
:10F1B8000DF10F033A463146002000F0DDF8002833
:10F1C80046D19DF90FB0BAF1060F3CD8DFE80AF036
:10F1D80011382B1E3B11110094F90230BB42BED1ED
:10F1E800E3788342BBD1A38894F90600A8F80030DD
:10F1F800D0E74FF0000AB9E70DF10F033A46314660
:10F20800032000F0B9F818BB9DF90FB04FF0030ABE
:10F21800ACE70DF10F033A463146022000F0ACF896
:10F22800B0B99DF90FB04FF0020A9FE70DF10F0337
:10F238003A463146012000F09FF848B99DF90FB0D1
:10F248004FF0010A92E740F289410620F1F7EEF803
:10F258004621A920F1F7EAF858000021014B18606F
:10F26800998070477C0D0021024BD86019745A822E
:10F27800704700BFA80D0021014B1B681B68184789
:10F28800A0000021014B1B685B681847A000002103
:10F29800014B1B689B681847A0000021014B1B68A5
:10F2A8001B691847A0000021014B1B685B691847C0
:10F2B800A0000021014B1B689B691847A000002192
:10F2C800014B1B68DB691847A0000021014B1B6834
:10F2D8009B6A1847A000002130B4044C9DF80850E0
:10F2E80024680295E468A44630BC6047A000002169
:10F2F80000220D49134610B540FA02F4E40744BF52
:10F30800CA545C1C02F1010248BFE3B2042AF3D1DB
:10F31800054AFF24D118032B01D9107110BD013300
:10F3280001F8014BDBB2F6E74C1500218F680101AB
:10F338009568010197680101BD6801019B68010199
:10F34800C7680101A1680101D1680101A76801012D
:10F35800DD680101B3680101B7680101A96801010D
:10F36800AF680101CD680101D7680101014B187D23
:10F37800704700BFD80D0021042810B511D883B1FB
:10F3880004280CBF10242824A1420AD2064C54F8A1
:10F39800200018B141568A42A8BF0A4600201A70B8
:10F3A80010BD6FF01500FBE7D80D002102280346B9
:10F3B80010DC10F1270F0FDB084A101890F828000E
:10F3C800024492F92C209A4207D0002918BF013034
:10F3D800C0B270470F207047002070471E1D020101
:10F3E800022808B506DCFFF7E1FF034B034493F955
:10F3F8002C0008BD0320FCE71E1D0201C0B208B5A1
:10F4080018B9044B01221A6008BD4D21B52002F03D
:10F41800D9FA00BF0050004110F0FF0008B507D12D
:10F42800054B01225A60C3F80001044B187008BD4F
:10F438007C21B52002F0C6FA00500041ED0D0021F4
:10F44800014B01221A707047ED0D002108B540B933
:10F45800064BD3F8003113B9054B187808BD0120C5
:10F46800FCE7C221B52002F0ADFA00BF0050004110
:10F47800ED0D0021024BD3F8080400F0010070479D
:10F4880000500041024BD3F8140400F0010070470B
:10F4980000500041024BD3F81C0400F003007047F1
:10F4A8000050004107490246D1F81804D1F8181451
:10F4B80010F4803005D0D0B201F003031B1A584273
:10F4C8005841704700500041F8B50F4E01270446D7
:10F4D8000D46375407F000FA58B92CB90B4BB770E2
:10F4E8007560C3F80473F8BD40F225116D2002F071
:10F4F80069FA002DF7D01CB92046A8477460F2E7D6
:10F508004FF4A071F2E700BFF00D00210050004158
:10F51800044B002219181A548A7003EB80014A60C0
:10F52800704700BFF00D0021014B9881704700BF64
:10F53800F00D0021014BD889704700BFF00D002164
:10F54800014B9889704700BFF00D002110B5EFF30B
:10F55800108472B6064B03441A7C0132D2B21A7474
:10F568001B7C012B01D1FFF749FF04B962B610BD1E
:10F57800F00D002108B507F0B2F907F0ADF9084A17
:10F58800084B30B10121116104229A740022DA7407
:10F5980008BD032199740121C2F80413F6E700BFDE
:10F5A80000500041F00D002110B5EFF3108472B641
:10F5B800094B03441A7C22B940F257216D2002F00E
:10F5C80001FA1A7C013AD2B21A741B7C0BB9FFF704
:10F5D80023FF04B962B610BDF00D0021024B987CE0
:10F5E800003818BF01207047F00D002137B5184CBE
:10F5F800637D63B9206A00F00300FFF753FF30B161
:10F60800EFF3108372B6A27C1AB103B962B603B0E5
:10F6180030BD0122A27403B962B680230D4DC5F82E
:10F6280008334FF42073ADF80630BDF806309BB2AE
:10F638005A1E92B2ADF80620002BF6D1C5F81C313F
:10F6480084F82430FFF796FF8023C5F80433DEE7FB
:10F65800F00D0021005000412DE9F347344C237D83
:10F66800002B62D00323ADF80430324BD3F800519D
:10F678003DBBD3F80481B8F1000F08D02D4B002210
:10F68800C3F804210222C3F80823FFF7AFFF94F858
:10F698002460284BF6B2D3F81C2135B1A17C03298C
:10F6A80001BF0421A1740121196182B30022C3F8AA
:10F6B8001C21A37C042B26D040F269316D2002F076
:10F6C80081F9002501220DF10409271DA61C8DF8DA
:10F6D8000450D3F80481C3F8082319F8010B032850
:10F6E8000AD0337843B14FF0000A3B6886F800A08F
:10F6F80013B19847C7F800A06B1C043701360125E1
:10F70800022BEAD1B7E70223A37407F0EBF866B13E
:10F71800002384F82430A37C022B01D1FFF72AFFB1
:10F7280002B0BDE8F04707F0DDB802B0BDE8F087E9
:10F73800F00D00210050004110B5054C206A00F082
:10F748000300FFF7AFFE0028F8D0002010BD00BF6F
:10F75800F00D0021F8B5054650B10278022A07D805
:10F76800437842B9013B1F2B02D88378212B07D954
:10F778006FF015006CE0002BFAD18378002BF7D1DD
:10F788005C4B2022C3F88020BFF34F8FBFF36F8FED
:10F79800594EC3F880218323584CC6F808330023F8
:10F7A800C6F80031C6F80431C6F81C3123746374F6
:10F7B800AB88E381FFF75EFE10B101232370237449
:10F7C800D6F80C24D6F80C34D70303D5DE0701D5B8
:10F7D800FFF736FE4FF4AF63AA78A3810123A27521
:10F7E800002223622B78E274012B637507D0022B69
:10F7F8002FD033B140F21E516D2002F0E3F80223FE
:10F808002362FFF73FFE002835D0FFF743FE236A47
:10F8180003F0030398422ED1AB793BBBFFF78CFF73
:10F82800A37D63B12B7853B907F056F8054602F06B
:10F838001BFA6FF00043002D58D0C4E906030123DA
:10F848002022002023752B4BA074C3F880211A6056
:10F85800F8BD07F044F8284BD3F80C14D3F80C245F
:10F86800C803F9D5D107F7D50323C9E7224B0222EC
:10F87800C3F80423D4E7204B01220021DA60C3F83F
:10F88800041194F82010C3F818159A600222C3F8DE
:10F898000423AA79002AC3D1D3F80423920702D4F7
:10F8A80040F2D141A8E7164A1769116907F0100715
:10F8B80041F010011161D3F804310BB907F05CF87D
:10F8C8000D4ED6F8043173B1FFF736FF27B90C4A4D
:10F8D800136923F0100313610223C6F808330023C9
:10F8E800C6F804319CE707F046F8EAE7C4E90630B1
:10F8F800A5E700BF00E100E000500041F00D002145
:10F9080000ED00E038B50C4B0C46197919B183218C
:10F918006F2002F057F860B95D790DB1002038BD4D
:10F9280001225A71FFF712FE21462846FFF7CCFD47
:10F93800F4E76FF01500F2E7180E002138B50B4D0B
:10F9480004462B791BB19A216F2002F03BF850B97D
:10F958006B790BB9002038BDFFF7DAFD20466C71D2
:10F96800FFF722FEF6E76FF01500F4E7180E002106
:10F9780010B501B3F0B14FF0FF33104A1C46E0FB5D
:10F988000134944203D9DB216F2002F01BF81A0DD1
:10F99800C3F30F100A4B42EA04324FF22444B2FB7D
:10F9A800F4F100EB024003FB1100B0FBF4F040EA75
:10F9B8000140013010BD0846FCE700BF3F420F0080
:10F9C800000024F4014B9B68184700BF180E002163
:10F9D800014BDB68184700BF180E0021014B1B695B
:10F9E800184700BF180E0021034B1A790AB9FFF710
:10F9F800A1BD988D704700BF180E0021034B1A79DE
:10FA08000AB9FFF79DBD988A704700BF180E0021FC
:10FA1800024B1B790BB9FFF7E9BD7047180E00219F
:10FA2800014B9B69184700BF180E002110B5144CF4
:10FA38002379A3B1636A9847002806DB94F82E302F
:10FA480023B10123002084F8303010BDFFF7E8FF10
:10FA58000028F6DA40F28D116F2001F0B3FF094B50
:10FA6800A361094BE361094B2362094BA360094B6E
:10FA7800E360094B2361FFF76DFE0028E1D0E4E75E
:10FA8800180E002141F70001F9680101E5F50001B0
:10FA9800E7680101ED680101F368010138B5084B19
:10FAA80004461D7925B140F2E1116F2001F08AFF6B
:10FAB80001F038F82046FFF737FD284638BD00BF6B
:10FAC800180E002108B5074801F01AF8054800F09B
:10FAD80021F801F023FA01F00BFA00F02BFB0120CA
:10FAE80008BD00BF4C0E002101F0AABB103001F088
:10FAF8003BB800BF01F050B801F078BC01F0B0BDD0
:10FB080001F0C2BD01F004BC2721032008B501F0B3
:10FB180059FF00BF024B186000221A719A607047A3
:10FB2800540E002170B582B01F4C2379012B11D0DF
:10FB3800DAB2022A0BD10DF10701A06800F020FB10
:10FB48000023A36023719DF8070002B070BD012057
:10FB580002B070BD0DF10701A06800F007FBA568B1
:10FB68006B7DDB07ECD5AB7F042BE9D001F058F8AF
:10FB780006460028E4D001F059F82A69B3682E68CF
:10FB88006D6896194FF0000245F100050A3342F1FD
:10FB980000021B1842EB0102B342AA41D0D3A0686D
:10FBA80000F092FCCCE700BF540E0021837F0BB11C
:10FBB800002070470A684B68D1F808C010B5CC68B7
:10FBC8000260C46001244360C0F808C00A694B6938
:10FBD800026184774361054B1A792AB998601C71D0
:10FBE80000F0B4FF204610BDFFF78EFF540E002131
:10FBF80070B5044682B00D4601F012F8A37F012BC0
:10FC080017D02A6806466B68A868E968A06020468D
:10FC1800E1600DF10701226063602A696B69226166
:10FC280001226361A27700F0A1FA2EB1012002B08F
:10FC380070BD002002B070BD024B0421186806F0A8
:10FC480069FEF3E7540E0021024B0621186806F0FE
:10FC580061BE00BF540E002110B5084B1A7952B985
:10FC68000446986002221A7100F070FFA07FB0FA73
:10FC780080F0400910BDFFF747FF00BF540E002178
:10FC880038B5837FC3B1044609E0A37F042B09D0AC
:10FC9800A37F012B11D006F06EFEA37F63B1A37F73
:10FCA800032BF2D1EFF3108572B6204600F0C6FAA6
:10FCB80005B962B6A37F2BB938BD4FF48271032012
:10FCC80001F080FEFF21032001F07CFE70B505469F
:10FCD80000F0A6FF00B3044600F0A8FF034628463C
:10FCE800A4680025E41841F100062246334600F0D6
:10FCF8007DFBA04271EB06030CD3001B6FF00103E0
:10FD080061EB0601834275EB010100D370BD4FF032
:10FD1800FF3070BD284670BD40F22911032001F064
:10FD280051FE00BF2DE9F04104460F4600F078FF70
:10FD380010B385680023064662195B4113B10020A1
:10FD4800BDE8F08100F072FF2A18384641F100033F
:10FD580014EB020843F1000500F048FB4045A941B7
:10FD6800EDD301F06DFA00F023FAB368012037757E
:10FD78002344B360BDE8F0814FF4A371032001F080
:10FD880021FE00BF00F052BF08B500F049FF08B1DE
:10FD9800007D08BD40F29B11032001F013FE00BF57
:10FDA800F8B50369002B51D1044601F049FA05461C
:10FDB8000E46FFF713FE90B36435D4E9000346F10D
:10FDC8000006A84273EB060221D3C4E90003EFF34F
:10FDD800108672B600F024FF054688B100F026FFB1
:10FDE800AB6800220B3342F100021B1842EB010101
:10FDF800D4E90002834271EB02050BD3C4E9003158
:10FE080006B962B62046BDE8F84000F085BB284632
:10FE18003346DAE703461146C4E90031F0E7FFF755
:10FE2800EDFD074600F010FF2168B842626838BF50
:10FE38003846963546F10006401946F100038842D7
:10FE480073EB0205C1D208461346BEE74FF4D171E1
:10FE5800032001F0B7FD00BF1B4B186898B3036877
:10FE680050E9061230B50A3150F8104CA0F11800CC
:10FE780042F1000C09194CF1000C1BB922E014D313
:10FE88001B68FBB153E906248A4274EB0C0519D2AE
:10FE980090F814E013F8045C7545F0D19D88B0F82B
:10FEA8001CE0A5EB0E052D04EAD553F8101C0A3208
:10FEB800A3F118001B6844F10004891844F1000CF0
:10FEC800002BDFD130BD7047600E0021F8B5254DFD
:10FED80000236B60EFF3108172B6AA68EB60AB6029
:10FEE8006A6009B962B66A686AB300261E4C9379DB
:10FEF800A2F11800032B27D013686BB39A79183B2B
:10FF08008646A446042A0FD19A8B818B521A120472
:10FF180002D50EF1180C18469A6942B19E46A2F114
:10FF280018039A7F042AEFD09B7F032B16D1DCF8A5
:10FF3800002012680221C368CCF800208677984711
:10FF48006A68002AD3D1F8BD1768012152F80C3C21
:10FF580096716F609847F3E7A446EAE763219F200C
:10FF680001F030FD600E0021640E00216F4B2DE979
:10FF7800F04F1B6883B082830646427D8946046839
:10FF880002F001024568002B00F0C980A3F1180CAB
:10FF9800002A6CD0654ADCE90001844275EB010750
:10FFA8002ED39CF81420337D9A421AD8DCF80830F6
:10FFB8001B1841F1000113F10A0E41F100077445C5
:10FFC80075EB070280F0A5803269121945F100002F
:10FFD800964577EB000801D2724638469A42884126
:10FFE8007FD3DCF818300CF11802002B00F08F805A
:08FFF800A3F1180CDCE9000183
:020000040101F8
:10000000844275EB0107D0D21F466346B16811EBFD
:10001000040E45F10008002B42D0CA46CDE9002766
:100020001EF10A071868596848F10002B84271EBDE
:10003000020243D21A7D377D974218D39A6812186C
:1000400041F1000112F10A0941F1000C4C4575EB38
:100050000C0044D23069001945F1000781457CEB62
:10006000070B01D24846674690428F413CD39B69BB
:1000700023B3183BD4E7DCE900012E4A844275EB38
:1000800001010CD3DCF818300CF118023BB1A3F1DC
:10009000180CDCE90001844275EB0101F2D21F4625
:1000A000334643F8187F1360FFF7DAFE864210D01C
:1000B000002389F8003003B0BDE8F08FDDE90027A8
:1000C0003346D14643F8187F1360FFF7C9FE8642D6
:1000D000EED1012389F8003003B0BDE8F08F20464F
:1000E0002F4690428F41C2D2D1460023042106F10F
:1000F000180233767376B376F3760E4BB1779B683E
:1001000073B10C4BDB681A600B4B0A491878CA6054
:1001100001F014FECCE71F4678E72246284661E747
:10012000044B9A60F0E712B91746024AB8E71F4637
:10013000004A6BE7600E0021A400002110B50A4CB4
:100140002378FF2B0AD1094801F0CEFD084B00228D
:1001500020701A609A60DA601A8210BD4FF48D71B7
:100160009F2001F033FC00BFA4000021D5FE000158
:10017000600E0021034B1A8A02F1010CA3F810C093
:10018000FFF7F8BE600E002138B504460D46FFF7B4
:1001900067FE034604F118010648E31AB3FA83F335
:1001A0005B092B7006F0E0FB10B100230120A37760
:1001B00038BD00BF600E00212DE9F0431F4E3468AA
:1001C0006CB34FF0000835464FF00409C64623468D
:1001D000246853F8187C53F8082CD21953F8147C6F
:1001E00047F1000C82427CEB010C1AD22A6812689B
:1001F0002A6083F80690B26883F800E083F801E093
:1002000083F802E083F803E07AB1F26813604FF0FC
:100210000108F360002CDAD1B8F1000F07D1BDE876
:10022000F0831D46002CD2D1F6E7B360EFE7044B14
:10023000BDE8F043187801F081BD00BF600E0021D9
:10024000A400002138B5164D044600F11801AB6832
:10025000A3B1AB6899421ED083B11A461B686BB13B
:100260009942FAD153B118681060A86881420BD046
:10027000EB6899420DD00023A37738BD094806F0FA
:1002800073FB0028F7D138BD1B68AB60EB6899425F
:10029000F1D1EA60EFE7002BF0D00022E5E700BFE4
:1002A000600E0021640E00212DE9F843484E3468A9
:1002B000002C00F086804FF000080F460546B1463E
:1002C0004FF0040E41462346246853F8180C53F8A7
:1002D000082C121853F8140C40F1000CAA427CEBC5
:1002E000070C65D2D9F800201268C9F8002083F8FD
:1002F00006E0B268197059709970D970002A5BD005
:10030000F26813604FF00108F360002CDBD1B8F104
:10031000000F03D02F4B187801F010FD3368002B2D
:100320004FD0A3F1180C53E90612A94272EB070053
:1003300044D353F8100C00241B680A3044F1000425
:10034000091842EB04021BB92CE016D81B684BB30A
:1003500053E90604884274EB020E23D29CF8148001
:1003600013F804ECF045F0D1B3F804E0BCF81C80BD
:10037000AEEB080E1EF4004FE8D0854229463A46FF
:10038000A3F1180C77EB040E01D20146224653F874
:10039000100C1B68091842F100020A3142F10002F8
:1003A000002BD5D10CF1180360467361BDE8F883CA
:1003B0009946002C87D1AAE7B360A3E729463A46BD
:1003C000B7E700239C4673616046BDE8F88300BF31
:1003D000600E0021A400002110B5054C6169204683
:1003E00006F0C2FA18B1606900231838636110BDC5
:1003F000600E00211C49096839B3A1F1180C9CF862
:10040000141081421DD870B512F10A05DCE90041D3
:1004100043F1000EAC4271EB0E0620D2DCF8106006
:10042000341941F10001AC4271EB0E0115D2DCF838
:10043000181071B1A1F1180C9CF814108142F6D873
:10044000E2E7DCF818100029D7D14FF0FF30014661
:1004500070474FF0FF30014670BD2C467146B4F135
:100460000A0041F1FF3170BD600E002110B5837F9D
:10047000022B06D0837F012B02D0837F042B1DD15A
:1004800010BD437D13F0020313D103240E4A00F183
:10049000180103768477946843768376C3765CB1DB
:1004A000D3681960094BD1601878BDE8104001F09D
:1004B00045BC0023837710BD9160F3E74FF4FF71D3
:1004C0009F2001F083FA00BF600E0021A4000021EC
:1004D00070B50446104D04F118062846314606F062
:1004E00043FA98B1002304222376A2776376A37699
:1004F000E376AB6843B1EB681E60084BEE6018789A
:10050000BDE8704001F01ABCAE60F6E74FF402712E
:100510009F2001F05BFA00BF600E0021A4000021C3
:100520002DE9F04F076983B0002F6ED1866890F8EF
:100530001480D0E90045EFF3108272B635490B689C
:10054000002B5BD00A36B1F81090A3F11803CDF858
:10055000049047F10007B14614EB090AD3E90016ED
:1005600045EB070E8A457EEB060C47D3A14276EB9E
:10057000050C27D3D3F810C01CEB010C46F1000B7F
:10058000D4457BEB0E0B34BF4FF0010C4FF0000C49
:10059000BCF1000F12D093F814C0C44525D034BF6D
:1005A0004FF0010C4FF0000CBCF1000F06D00A31E7
:1005B0009C6846F10005641845F100059B69EBB1A4
:1005C000183BC9E711F10A0CD3F808A046F1000E58
:1005D0001AEB0C0C4EF1000E644575EB0E0E34BF99
:1005E0004FF0010C4FF0000CD2E7B3F81CC0DDF85F
:1005F00004E0ACEB0E0CCCF3C03CD5E702B962B61C
:10060000C0E9004503B0BDE8F08F40F227219F20EC
:1006100001F0DCF9600E0021024B0521186806F09C
:100620007DB900BF780E0021054B586810B1C36832
:10063000052118474FF41B71B02010B501F0C6F921
:10064000780E00212DE9F0471646002B58D00C46B5
:10065000D3E90089804579EB010349D3B8EB000564
:100660004FF0000269EB0407484CA38A226164330F
:10067000AB42BA41C4E9028916DBA36903F2A313B2
:100680009D4277F100076CDA414A40464946C4F87A
:100690002880C4F82C9000F0F1FC05233D4A84F832
:1006A00030303260BDE8F087627F237F1AB19A074D
:1006B00021D40022627703F0010AA36903F2A31395
:1006C0009D4277F1000731DABAF1000FDCD0A08A41
:1006D0002F4AB8EB000069F10001C4E90A0100F0FB
:1006E000CDFC06232B4A84F830303260BDE8F08719
:1006F00080468946B2E7236A01209847237FD8E7DE
:10070000224C637F2BB1237F9B0702D5236A0120F4
:1007100098470025657701F02BF8FFF75DF91E4A31
:100720002B46326084F83030BDE8F08701F020F8C5
:10073000FFF752F9A08AA369984217D9BAF1000FBE
:1007400014D0B8EB0000124A69F10001C4E90A01B3
:1007500000F094FC01230F4A84F830303260BDE889
:10076000F08701F005F8FFF737F9A369B8EB03004C
:10077000074A69F10001C4E90A0100F07FFC022385
:10078000044A84F830303260BDE8F087780E0021EA
:1007900019060101E1080101D90A010102392DE917
:1007A000F04104292DD8DFE801F00309292C0C00C1
:1007B000164A137F003B18BF012353770020BDE882
:1007C000F081124D044600F02BFC00F03DFD0E467A
:1007D0000746FFF769FD80466868FFF747FE224637
:1007E0003846314600240026002743466C60C5E9A0
:1007F0000267FFF727FF0220BDE8F081FFF796F9B7
:10080000DCE740F21721B02001F0E0F8780E00217B
:100810002DE9F84F2E4C8046637FA76983BB94F87F
:100820001C9019F0010934D100F00EFD10EB070BFC
:1008300005460E4641F1000A58465146FFF734FD81
:10084000A0B3D0E900329B457AEB02011BD3002311
:10085000284631461F4AA562E6622361C4E902BA0E
:1008600000F00CFCB9F1000F02D0A38A9F4215D012
:100870000222194B84F83020C8F80030BDE8F88F08
:100880004FF00009D0E7DD1B9B46924662F100065F
:10089000DDE7A38A9F4238BF1F46C5E701220E4B02
:1008A00084F83020C8F80030BDE8F88F637F2BB1A2
:1008B000237F9B0702D5236A012098470021074B1D
:1008C0000A466177C8F8003084F83020BDE8F88F18
:1008D000780E002119060101E1080101D90A010180
:1008E000023970B50546032900F2EB80DFE801F01C
:1008F00006024508754B002283F83120002070BDA8
:10090000724C94F830301A1F012A40F29F8000F098
:100910009BFCA26A2369801A9842B8BF184694F8D3
:100920003030022B20617FD0237FD90740F1C48073
:10093000607F002840F0C080236A984701236377D6
:1009400094F83020022AD4E902034BD0012A70D057
:10095000256932385E4A43F1FF31281841EBE571D1
:10096000C4E90A0100F08AFB94F83030062B0CBF72
:100970000523042384F83030C0E7544C94F8303019
:10098000042B0FD8022B25D8013B012B00F28F80BE
:10099000FFF7CCF80028B1D000F044FC2846FFF760
:1009A00037FF15E0053B012B00F28180FFF7BEF811
:1009B0000028A3D000F036FC00F046FC06460C46AA
:1009C000FFF772FC2A46034621463046FFF73AFEFF
:1009D000022070BDFFF7AAF800288FD0012384F809
:1009E00031308BE7227FD2070ED5627F62B9A18AB0
:1009F000374A401A63F10001C4E90A0100F03EFBE6
:100A0000032384F8303079E721693238304A43F1E2
:100A1000FF33401843EBE171C4E90A0100F02EFBFB
:100A2000042384F8303069E700F09AFEFEF7CEFF29
:100A300086E7A169264A401A63F10001C4E90A0168
:100A400000F01CFB022384F8303057E7042B94F8A5
:100A5000316019D0002EAFD1FFF7BEFC0028ABD01B
:100A60006060C4E90D6600F0D3FA60680223314685
:100A70008377C3689847D4E90201FFF79DFB154BC4
:100A800084F830602B60A3E700F07AFE0028E1D103
:100A900000200021FFF708FC08B1FFF719FD00F066
:100AA00067FEFEF799FF2846FFF7B2FE90E74FF486
:100AB000CD71B02000F08AFF40F2B311B02000F0F9
:100AC00085FF40F2F111B02000F080FF780E002188
:100AD000190601019D070101032910B506D8012956
:100AE0000AD840F25D11B02000F070FF0429F8D15F
:100AF0000446FFF71BF808B9002010BD2046FFF799
:100B000087FE022010BD00BF064A002310B5064C28
:100B1000026084F8303023772060FEF773FF513095
:100B2000A06110BDD90A0101780E002108B5074B5C
:100B3000074A19680968914202D15130986108BD8D
:100B400040F25121B02000F041FF00BF780E00219B
:100B5000D90A010110B5EFF3108472B6034B0421DA
:100B6000186805F0DBFE04B962B610BD780E0021EE
:100B7000094B5A6810B54AB1084AD3E90241001935
:100B8000BDE8104041F1000100F078BA40F2722156
:100B9000B02000F01BFF00BF780E002129060101E4
:100BA00008B5064B5B681BB1BDE8084000F03ABBD6
:100BB0004FF41E71B02000F009FF00BF780E002135
:100BC00008B5054B5A680AB1586308BD40F27E214A
:100BD000B02000F0FBFE00BF780E002108B5054BE9
:100BE0005A680AB1986308BD4FF42171B02000F033
:100BF000EDFE00BF780E0021044B9B6B03B118473C
:100C000040F28A21B02010B500F0E0FE780E0021FD
:100C1000044B5B6B03B118474FF42471B02010B53F
:100C200000F0D4FE780E0021014B5868704700BFD9
:100C3000780E002108B5054B5A6812B1D3E90201BC
:100C400008BD40F29B21B02000F0C0FE780E0021CC
:100C5000034B187F10F0010018BF988A704700BF3F
:100C6000780E0021054B1B681BB11A6A0421586AD3
:100C700010477221452010B500F0A8FEB80E0021E3
:100C8000054B1B681BB11A6A0321586A10476C2177
:100C9000452010B500F09AFEB80E00212DE9F04174
:100CA00004460D4679B9154F3B681BBB14483C60A0
:100CB000FFF786FF1348FFF791FFFFF767F8637DA3
:100CC00006465B0705D4236A2946606ABDE8F04101
:100CD0001847FEF715FF2036361A7E6000F01CFB21
:100CE0000028FBD000230849084AC1F88031C2F827
:100CF0008030E8E78621452000F068FEB80E00212C
:100D0000810C0101650C01010010014100C000418E
:100D1000024B00221A601A81704700BFB80E0021F2
:100D200008B5074B1A683AB106480021D06019602F
:100D3000BDE80840FEF78CBFB921452000F046FE13
:100D4000B80E00219D0C010130B40D46144600215F
:100D50002022C0E9085430BC01F032B930B500227D
:100D600087B04B7A0C4605924FF000010092054681
:100D700001920492C3F3800282F0010262F38201C5
:100D8000227A8DF814202B4A8DF815100392616891
:100D900022780291002A3BD1D4E904209DF8154025
:100DA0006407CDE9002024D4C3F340039DF8152047
:100DB00021495B0022F0030243F0010313438DF845
:100DC00015304B68C3F308036BB1103B5BB2002BCB
:100DD00018DB1A4AD35C5B092BB969462846FEF733
:100DE0000BFF07B030BD69462846FEF7E3FE07B0AB
:100DF00030BD203A01F1200140F1FF300092029114
:100E00000190D1E703F00F0319440B7D5B09E3E781
:100E100023690493FEF76CFE9DF815305B07CDE95E
:100E2000000104D5029A637A20320292BCE7637A09
:100E3000BAE700BF9D0C010100ED00E000E400E016
:100E400010B5037886B0B3B904460393D0E9040122
:100E5000CDE90433CDE9000163686846217A029345
:100E60008DF81410FEF7A0FF0120DDE90023C4E98E
:100E7000042306B010BD4FF4AB71452000F0A6FD71
:100E800030B50C7887B07CBB4B7A4FF0000C0594E2
:100E9000C3F3800E0C7A4D688EF0010E8DF814406D
:100EA000144C6EF3820C029503941CF0040F8DF821
:100EB00015C0D1E90441CDE9004107D0203C05F13E
:100EC000200541F1FF310094029501919DF81540F4
:100ED000C3F340036946049263F341048DF815405F
:100EE000FEF768FE07B030BD40F21F21452000F03C
:100EF0006DFD00BF9D0C0101074A0023137213759D
:100F0000064A012106485160C2F84035C2F8403116
:100F1000C0F80815704700BFF00E002100C0004166
:100F200000F0004130B4344B0022344C01213448ED
:100F3000826159609960C3F80843C3F84843C469A3
:100F4000C3F80421C3F84021C3F84421C3F8482161
:100F5000002C4ED02B4A4FF00045C2F8C051C4F8C7
:100F60008050C3F88050284BC3F804150523C2F8FD
:100F700040351160D2F84031002BFBD00121224DC9
:100F80000023C5F808155160D1601B49C2F84031F3
:100F9000C2F84035C2F8C031C4F88030C1F88030A2
:100FA00090F8203003B390F821200121124B4FF428
:100FB00080249140144842F000424FF6FF75C0F87B
:100FC0000815C3F84443C3F84855C3F80443C3F8AD
:100FD00048219A60C0F804150C4B4FF4003230BC25
:100FE000C3F880211A607047034B0222C3F8042320
:100FF000F2E71960D4E700BF0010014102000700CA
:10100000F00E002100C0004100F0004100E100E0CE
:10101000024B0122C3F80027704700BF00000841BF
:1010200010B4114A002301244FF0FF300F49C1F8DA
:101030008031C2F8803054604FF48054C2F8080305
:101040000B480C4AC0F88041106838B14FF480302A
:10105000C1F808031372C1F840311360064B002237
:1010600010BCC3F80027704700C0004100100141C8
:1010700000E100E0F00E00210000084170B5604C76
:101080002368002B40F0B2805E4B2260994200F250
:10109000B280420F5C4DC0F34F3343F6095642EA2B
:1010A000C10103EB0143A5FB01125849920B01FB5F
:1010B00012335749A5FB035343F608559B0B43EAEC
:1010C000024201FB120048F237614FEA122C430B37
:1010D000120601FB03F34F491B0C06FB130000FB38
:1010E00001F1490D01EB432306FB0151B0EB512FF8
:1010F0004FF0000188BF0133D0184CF1000CEFF322
:10110000108572B694F82060434A96BBD2F8043535
:10111000D2F8041109BB05334FF00002A16942F176
:10112000000225B962B694F82050002D38D14FF056
:101130008075E1FB053298427CEB020242D3010E3E
:1011400020F07F4241EA0C21334B4FF48030616044
:10115000C3F84025C3F8040370BDA3690133A3613C
:10116000C2F80461D2F80435D2F804110029F4D190
:10117000D1E7D2F804354FF6FF76D2F84821B342D2
:1011800028D0161E47F6FE7E18BF0126734588BF7D
:101190000026053341F10002A1693144002DC1D080
:1011A0004FF48035E1FB053298427CEB020209D313
:1011B000010C4FF6FF7382B241EA0C41002A08BFCE
:1011C0001A46C1E7FF232372144B4FF40032C3F8D1
:1011D000002170BD22B9A1690523002DE0D1A1E74E
:1011E0000A460F4BA169002DDAD19BE740F2F921A5
:1011F000052000F0EBFB4FF49471052000F0E6FBB6
:10120000F00E0021FF7F841E83DE1B43000024F4C8
:101210000080841E6F0C01000010014100E100E01D
:1012200004000100064B1A684AB106494FF48032A7
:10123000C1F8082300221A72C1F840211A607047D1
:10124000F00E00210010014170B4EFF3108572B66A
:101250002C4C2D4A94F82000D2F8043540B3D2F833
:1012600048014FF6FF72A669934245D0003843F615
:101270000951C3F3080247F6FE7C18BF012001FBA9
:1012800002F263454FEA532388BF002002F58072C3
:1012900001FB03F30021064403EB52201DB962B6A3
:1012A00094F820301BB3194BE6FB030170BC704768
:1012B000D2F8041151B1A3690133A361C2F804014A
:1012C000D2F80435D2F804110029F4D143F60951BB
:1012D000C3F30802580AA66901FB02F301FB00F000
:1012E000002103F5807300EB5320002DD7D0084B6D
:1012F000E6FB030170BC704700B106480021002DD9
:10130000D1D1CCE7F00E00210010014180841E00F5
:101310000080841E61841E0030B5EFF3108572B624
:101320002F4A92F8204044B32E4B4FF6FF70D3F86B
:101330000415D3F84831814290694BD0003B43F605
:10134000095CC1F3080447F6FE7E18BF01230CFBBD
:1013500004F471454FEA512188BF002304F58074DD
:101360000CFB01F1184401EB542300211DB962B6B6
:1013700092F820401CB31C4C22E01A49D1F80435E5
:10138000D1F8040150B1936901339361C1F804416C
:10139000D1F80435D1F804010028F4D1C3F30801D1
:1013A00043F609545B0A906904FB01F104FB03F363
:1013B00001F5807103EB51230021002DD7D00B4C98
:1013C000E0FB0431D2E90A02834291412CBF0120A3
:1013D000002030BD03B1064B0021002DCBD1C6E764
:1013E000F00E00210010014180841E000080841E48
:1013F00061841E002DE9F84F0020954E0125954C83
:101400007560C6F84005C6F84001C4F80855D6F81E
:10141000043523F00303C6F80435D6F8083543F045
:101420000303C6F80835102393FAA3F3B3FA83F342
:10143000092B00F30881C6F810354FF48052864B13
:101440004FF6FF7CF56047F6FE7EC3F880211A60F8
:101450004FF00042814B7560F560C3F88021C6F8FB
:1014600080207F4A41E06745D3F8481100F0C680EC
:101470000039D2F8188018BF0121774588BF0021B4
:1014800041444FF00008B9F1000F00F0BF804FF465
:101490008039E1FB0978C4F80455EFF3108972B67E
:1014A00092F82010D3F804A5002900F08F80E245BF
:1014B000D3F848113AD00039D2F818B018BF01213A
:1014C000F24588BF002159444FF0000BB9F1000FDD
:1014D00034D04FF48039E1FB09ABC34508BFBA45AE
:1014E0003CD0C4F808557560F560EFF3108972B60A
:1014F00092F82010D3F804750029B4D1D3F8041160
:1015000041B991694FF00008B9F1000F7ED04FF05A
:101510008079BEE7916901319161C3F80401D3F884
:101520000475D3F804110029F4D1EAE7002978D131
:101530008A469169D346B9F1000FCAD162B692F8D2
:101540002090B9F1000F0CBF4FF080794FF4803933
:10155000E1FB09ABC34508BFBA45C2D1013743F629
:101560000951C7F3080348F100083C0EC7F34E27A2
:1015700001FB03F344EA082401FB07F04FEA186873
:1015800003F58073650100EB53204FEA48132D1BD0
:1015900043EAD46363EB0806AB01B1015B1B41EA8C
:1015A000956161EB0601C90041EA5371DB001B192B
:1015B00048EB0108DC034FEAC831001941EA534106
:1015C000906241F10001D162BDE8F88FD3F80411B7
:1015D00041B991694FF0000BB9F1000FAED04FF057
:1015E000807978E7916901319161C3F80401D3F8FA
:1015F00004A5D3F804110029F4D1EAE7D1B90F46C4
:101600009169B846B9F1000F7FF441AF62B692F824
:101610002090B9F1000F0CBF4FF080794FF4803962
:1016200037E79169E2464FF0000BB9F1000F7FF404
:1016300050AF83E7916967464FF00008B9F1000F9A
:101640007FF425AFE2E740F29F31064800F0B4F99D
:1016500000C0004100F0004100E100E00010014145
:10166000F00E0021D81E020110B5029C201841F195
:101670000001801A61EB0301B0F1004F71F100012C
:1016800000DA10BD40F2A931052000F09FF900BF3B
:1016900070B4EFF3108572B62C4C2D4A94F82000EC
:1016A000D2F8043540B3D2F848014FF6FF72A6696C
:1016B000934245D0003843F60951C3F3080247F678
:1016C000FE7C18BF012001FB02F263454FEA532361
:1016D00088BF002002F5807201FB03F3002106445D
:1016E00003EB52201DB962B694F820301BB3194B9E
:1016F000E6FB030170BC7047D2F8041151B1A36935
:101700000133A361C2F80401D2F80435D2F8041100
:101710000029F4D143F60951C3F30802580AA66917
:1017200001FB02F301FB00F0002103F5807300EBE5
:101730005320002DD7D0084BE6FB030170BC704747
:1017400000B106480021002DD1D1CCE7F00E0021D8
:101750000010014180841E000080841E61841E00F0
:10176000024B0122C3F84423704700BF001001411F
:10177000024B0122C3F84823704700BF001001410B
:1017800008B5FEF72FF930B9074A136B0133312B37
:10179000136304D808BD044B00221A6308BD40F24D
:1017A000F531052000F012F9F00E002110B53F4C84
:1017B00082B094F82030002B55D03D4BD3F8042351
:1017C00052035BD43A4B6168D3F80423D00334D579
:1017D000D3F84031002B30D0A36999425DD8002363
:1017E0002372334A4FF48031C2F84031C2F80813F3
:1017F0002268002A55D0236090472D4B2169D3F8E9
:101800000423920324D5D3F844310BB3A3698B424C
:101810003FD300222275264B4FF40030E168C3F815
:101820004421C3F8080300293BD08847204BD3F854
:1018300040310193019B02B010BDA269237A002BB5
:10184000CDD19142D9D91A4B0022C3F84021D4E717
:10185000A269237D002BDCD18A42E7D2144B0022FF
:10186000C3F84421E2E7124AD2F804110029A9D0B2
:10187000C2F80431A3690133A361A3E7D3F8482177
:10188000002A9FD00022C3F84821A3690133A36135
:1018900098E7237D002BE1D0BBE7237A002BD2D041
:1018A0009DE740F23741052000F090F8F00E00214E
:1018B00000100141014B1879704700BF280F00212B
:1018C000044B1A79824283BF1B68602202FB0030FE
:1018D00000207047280F0021BFF34F8F0549064BAA
:1018E000CA6802F4E0621343CB60BFF34F8F00BFBE
:1018F000FDE700BF00ED00E00400FA05094B0122FE
:101900005A604FF0FF32C3F808234FF40052064BE1
:10191000C3F88020BFF34F8FBFF36F8FC3F88021D0
:10192000704700BF00D0004100E100E0094B0122F8
:101930005A604FF0FF32C3F808234FF48032064B51
:10194000C3F88020BFF34F8FBFF36F8FC3F88021A0
:10195000704700BF0000014100E100E010B51349ED
:1019600000230122124CC1F8FC3FC1F8FC2FDA0021
:10197000013302F1FF7202F58032D2F800032040F9
:10198000884202BFD2F80003D2F804230260202B61
:10199000EDD1084B4FF48072C3F88020BFF34F8F16
:1019A000BFF36F8FC3F8802110BD00BF00800041DE
:1019B00000F0FFFF00E100E008B572B6024B5B6883
:1019C00003B19847FFF788FF300F00211FB572B6AB
:1019D000144B5C6894B9FFF77FFFB2FBF6F22B461D
:1019E0005D1C002AF9D1DBB203F110056D4405F846
:1019F0000C2C0A2233B901A8A047ECE702460023C9
:101A00000A26EDE7013BDBB203F110050DEB0506FD
:101A1000B0FBF2F502FB1500303006F80C0C28463E
:101A2000E8E700BF300F0021F8B51E4E05460C4612
:101A30001746337893BB04F052FF77603472FFF798
:101A40008DFFFFF773FFFFF759FF174B002D14BFF2
:101A500028461846FDF7EEFF0546E8B9FFF758F9A6
:101A6000FDF7DAFF04F049FFFEF730F818B9B821A6
:101A70001120FFF7ABFF002C0CDB04F01F02640900
:101A80000123A400934004F1604404F56144C4F8C8
:101A900080312360012333702846F8BD4FF0FF35B5
:101AA000FAE700BF300F00215A1D0201074B93F9DE
:101AB0000830002B09DB5A09012103F01F0399406C
:101AC00002F14003024A42F823107047300F002110
:101AD00000E100E0014B1878704700BF300F002193
:101AE00050B1074B03F1140253F8041B934240F822
:101AF000041BF9D1002070476FF01500704700BF3C
:101B0000503E0201F0B5284D83B0284C284F2E7866
:101B10000136F6B2D5E84F3F0133DBB2C5E8423FAC
:101B2000002AF7D101236360C4F80021C4F804211E
:101B3000EFF3108272B6C4F80405236052B962B69E
:101B400008E0D4F804314BB92B789E4206D13B69AA
:101B5000DB0613D4D4F80031002BF2D0D4F80431D2
:101B6000002BD4D12A78B242D1D10322C4F800315B
:101B7000C4F80431C4F8082303B0F0BD0D4B0321B1
:101B80004FF40052C4F80413C3F88021D4F8003194
:101B9000002BDFD1D4F80431002BDBD1019004F00D
:101BA000EEFE0198D6E700BF390F002100D00041BA
:101BB00000ED00E000E100E070B51446DA078CB0FB
:101BC0001D4686468C4633D5C3686E4642681BBAAE
:101BD00012BA0093CB6802921BBA4A68049312BAF5
:101BE000836806921BBA019303681BBA03938B6840
:101BF0001BBA05930B681BBA07933046FFF782FFA9
:101C0000AB070DD5DDE90A10DDE9083200BA09BAE3
:101C100012BA1BBA20606160A260E3600CB070BDB4
:101C200008AD0FCD20606160A260E3600CB070BDB4
:101C3000DEF804106E46DEF80820DEF80C30EE46C2
:101C40000068AEE80F00DCF80000DCF80410DCF8F7
:101C50000820DCF80C30AEE80F00CEE710B5002409
:101C600082B0CDE90044FFF7A7FF02B010BD00BF6E
:101C70001A4B4FF4803270B5C3F88020BFF34F8FFA
:101C8000BFF36F8F164C0021164DC4F80011C3F836
:101C900080212E692B6906F0100643F010032B619A
:101CA0000123C4F804332360D4F800319BB11EB97A
:101CB0002B6923F010032B610123D4F808054FF49E
:101CC00080326360C4F808330023C4F80031034B4A
:101CD000C3F8802170BD04F052FEE5E700E100E0AA
:101CE0000000014100ED00E038B50B49042301EB91
:101CF000C302157905F0FF042DB1013BF7D2402155
:101D00006920FFF763FE41F8330001215471D8B216
:101D10009471117138BD00BF3C0F0021042808B533
:101D200003D947216920FFF751FE034B002203EB43
:101D3000C0031A7108BD00BF3C0F0021042808B57C
:101D400003D950216920FFF741FE094B03EBC00086
:101D50000379012B01D05121F4E7437982790133D2
:101D6000DBB29A4218BF4371BDE80840FFF79EBE40
:101D70003C0F002138B505240F4D95F8281005EBD0
:101D8000C1031A79012A09D158799A79904205D06C
:101D90005A79D2B29A7155F83130984795F828306F
:101DA000013C0133DBB2052B28BF002314F0FF04F4
:101DB00085F82830E1D138BD3C0F0021914270B543
:101DC0003ED2B2FA82F33BB1C3F1200499409A406B
:101DD00020FA04F498402143160C1FFA82FE030CEB
:101DE00085B2B1FBF6FC06FB1C14240404EB104086
:101DF0000CFB0EF4844206D9241A944294BF0124A9
:101E00000224ACEB040C03EB01430CFB12334FEA4E
:101E10000C4CB3FBF6F006FB103300FB0EFE05EB9B
:101E20000345AE4509D9AEEB050E964594BF4FF07C
:101E3000010E4FF0020EA0EB0E0040EA0C0070BD48
:101E400073219620FFF7C2FD70B5044616461D4665
:101E5000FFF7B4FF049B00FB164428601C6070BDB4
:101E60002DE9F8431C4652EA040346D08046154645
:101E70000E4684B9914204D2FFF7A0FF2146BDE887
:101E8000F88321463046FFF799FF04462A4640462C
:101E900004FB1561F0E70127B4FA84F907FA09F2A7
:101EA000F840A2FB05C340EAC170F94002FB0432CE
:101EB000FFF784FFC9F11F034FF0000C30FA03F362
:101EC00008D138461946A845A641D8D218466146D9
:101ED000BDE8F8835A1E614618466CEB0C0C13469D
:101EE00005FB0CF702FB0477A5FB022EB8EB020200
:101EF0007744904666EB0706E5E7A6219620FFF7B4
:101F000065FD00BF8AB1013A16D000EB020C10B596
:101F100001E060450BD08E46044611F8012B10F805
:101F2000013B9342F5D0981A10BD10467047637874
:101F30009EF80120981A10BD03780A78981A704705
:101F4000431A934228D382B370B5541E052C2DD961
:101F50005C1E84460B46022C28D922F00305960805
:101F60004C1953F804EBA3424CF804EBF9D1AA4204
:101F700000EB050CA2EB05040DD011F82620012C76
:101F800000F8262007D05A78022C8CF8012002D0C5
:101F90009B788CF8023070BD8B18024413F801CD89
:101FA000994202F801CDF9D17047704701390244D6
:101FB000034611F8014F03F8014B9342F9D170BD6C
:101FC00010F0030FC9B2034607D0BAB303F8011BE0
:101FD00013F0030F02F1FF32F7D170B5032A01EBC2
:101FE000012404EB04441ED9161FB508032E05F185
:101FF000010521D94FEA550E9C4603EBCE0ECCE9E4
:1020000000440CF1080CF445F9D115F0010F04D08F
:1020100025F0010503EB85052C6026F0030604334B
:1020200002F00302334432B1012A197003D0022AAC
:10203000597018BF997070BD1D46EDE7704700BF1D
:1020400010F0030FC9B2034607D0CAB303F8011B4F
:1020500013F0030F02F1FF32F7D170B5032A01EB41
:10206000012404EB044420D9161FB508032E05F102
:10207000010523D94FEA550E9C4603EBCE0ECCE961
:1020800000440CF1080CE645F9D115F0010F06D01B
:1020900025F00105C5EB8575A3EB85052C6026F0C1
:1020A0000306043302F00302334432B1012A1970EB
:1020B00003D0022A597018BF997070BD1D46EDE714
:1020C000704700BF094B0A4AC3F880210132C3F8A8
:1020D00084210132C3F88C210132C3F890210132EE
:1020E000C3F8EC210132C3F8902070470080004112
:1020F00004000080074B0022C3F88021C3F884212C
:10210000C3F88C21C3F89021C3F8EC21C3F89020C8
:10211000704700BF00800041844641EA000313F08D
:10212000030359D1403A33D3F0B4F0C9F0C0F0C939
:10213000F0C0F0C9F0C0F0C9F0C0403AF5D2F0BC30
:1021400026E0403A24D300BF0B6803604B6843602D
:102150008B688360CB68C3600B6903614B69436123
:102160008B698361CB69C3610B6A03624B6A43620B
:102170008B6A8362CB6AC3620B6B03634B6B4363F3
:102180008B6B8363CB6BC36340304031403ADBD20F
:1021900030320BD30B6803604B6843608B688360FD
:1021A000CB68C36010301031103AF3D20C3205D333
:1021B00051F8043B40F8043B043AF9D2043208D009
:1021C000D2071CBF11F8013B00F8013B01D30B887B
:1021D00003806046704700BF082A13D38B07B0D036
:1021E00010F00303ADD0C3F10403D21ADB071CBF08
:1021F00011F8013B00F8013BA3D331F8023B20F872
:10220000023B9EE7043AD9D3013A11F8013B00F8AA
:10221000013BF9D20B7803704B7843708B78837055
:1022200060467047014B1B681B681847A8000021D7
:10223000014B1B685B681847A8000021014B1B6815
:102240009B681847A8000021014B1B681B691847B1
:10225000A8000021034B1868034BC01A18BF0120C7
:10226000704700BFA80000216C22010185690101AF
:1022700091690101956901019D690101A16901014E
:1022800008B5EEF7C3FAF4F74FFEEEF70FF90020AA
:1022900008BDFFF725BC01F02ABC01F02BBC01F002
:1022A0002CBC01F02CBC01F01FBC10B586B004465C
:1022B00001A8FFF715FC02230020237003236070A0
:1022C000A3709DF80430E0706371BDF80530207193
:1022D000E380DDF80730A36006B010BD01F087B8D9
:1022E00070B50446FBF70AFB012805461AD1601CAD
:1022F000FBF70CFBB0B1A3790020E61D63F03F03B0
:10230000A371F5F7B9F838B1102200213046FFF774
:1023100057FE0020257070BD3046FBF70FFB0028EC
:10232000F2D0F6E70025F4E710B5044610220021AC
:10233000FFF746FE04F11003102200211846FFF7B4
:102340003FFEFBF719FB0020F5F796F820B1204679
:10235000FBF7F4FA002010BDFBF7D0FA0028F6D006
:10236000F8E710B50446FFF783FCB0F5007F09DA03
:1023700010F5007F08DD031EB8BF03339B1000205B
:10238000237010BD7F23FAE76FF07E03F7E78178B3
:10239000008801F04DBB0078003818BF012001F023
:1023A00003B837B505460C4600880DF1060101F06B
:1023B000F0F82B882380BDF80630638003B030BD71
:1023C00038B505460C46EEF735FA30B13E2D04D14E
:1023D0002046BDE83840EEF771BA38BD37B504463F
:1023E0002046F5F761FD022805460FD004280DD1DF
:1023F00023788A2B0DD0942B21D0204600F038F87A
:10240000A1782078FFF7DCFF0028E9D0284603B048
:1024100030BD05213E20FFF7D3FF0028EDD1E37842
:1024200001A92279684643EA0223ADF8003001F0A1
:102430007DFA0028D4D053210820EDF7FBFF1A21A4
:102440003E20FFF7BDFF0028D7D163796946A27906
:1024500001A843EA0223ADF8043011238DF80630B9
:10246000F4F7DEFC0028BBD06521E5E702F085BB70
:1024700010B503780446813B1A2B35D8DFE803F00A
:10248000353B474B556D730E6741818761777B8D77
:102490009BB5C0CEE0E6ECF234DAD4002920EEF7AA
:1024A0000DFA30B13E232370222363702923A370D9
:1024B0001AE00A20EEF702FA3E23237018B11F2318
:1024C00063700A23F3E70123A37013236370E37996
:1024D00003F00103E371D4F81A30C4F80E30E38B33
:1024E000638294F82030237510BD3E2303700423CB
:1024F00043701423DBE73E2303700A234370032356
:10250000D5E73E2303700D2343700523CFE7052352
:102510002370042307E05A20EEF78CF908230028E3
:10252000F6D05A2222706370DEE75B20EEF782F964
:1025300018B15B2323700623F5E7302323700323B0
:10254000F1E73E2303700B2343700723AFE73E23DD
:102550000370062343700C23A9E7132303708378C9
:102560009B000133DFE7572303700223DBE73E23A1
:1025700003700D239BE73E23037001234370112357
:1025800095E73E2303700623437012238FE73E2313
:10259000037009234370132389E73E23037024202B
:1025A000EEF78CF918B12423A3701423BBE70E2394
:1025B000A3701023B7E73E2303702520EEF77EF9C2
:1025C000227B20B125230B32A37062708CE70F238E
:1025D00004F10B0104F10800A37002F108030232B8
:1025E0006370BDE81040FFF7ABBC3E2303702620AC
:1025F000EEF764F918230028D6D02622A27092E7BD
:102600003E2303702A20EEF759F918B12B2363708B
:102610002A234CE71D236370192348E73E230370E8
:10262000072343701A2342E7FF2303700D234370EF
:1026300080233CE7FF23037029234370812336E77F
:102640003E2303700C234370232330E73E230370A3
:102650000E23437037232AE73E2303700A23437077
:10266000352324E73E230370FE2343702B231EE70C
:1026700008B510B96FF0150008BDFFF7F7FE002888
:10268000F8D00020F8E710B50C4648B141B1FFF78B
:10269000A5FE002820700CBF6FF02200002010BDA6
:1026A0006FF01500FBE7F8B5941C0E46054617467B
:1026B0000C446343B3F5004FA8BF4FF0FF3310F055
:1026C00003019CB203D0B0211420EDF7B3FEB4F5A2
:1026D000004F01D9B121F7E714220430FFF770FC55
:1026E000EF746C802E80F8BD38B50388C4888B42A7
:1026F0000589C4F30E0203D2D1211420EDF79AFE0E
:1027000084EA0503C3F30E030BB9AC4206D102F110
:1027100018030122C1528274184438BD1846FCE7E0
:10272000023101444A43B2F5004FA8BF4FF0FF32D7
:1027300090B21B3020F00300B0F5004F34BF00B260
:102740004FF0FF30704740881B3020F00300B0F599
:10275000004F34BF00B24FF0FF3080B2704738B541
:1027600003888B4203D2F7211420EDF763FE857CAA
:1027700065B1C388C3F30E031833C25A8A4207D324
:10278000C152811DEEF7AAF800238374284638BD94
:102790000025FBE703461830F0B59E88DD88B4B20B
:1027A000C6F30E06A54214D05F89DD7C845B3D44F0
:1027B000E41B0235A4B2354428440D88A54284BFE9
:1027C0000C8025465989B1FA81F149091170DD81E2
:1027D000F0BD00252846FAE7F8B582880026C389AF
:1027E00004460D4692B20E60CBB14189C2F30E028F
:1027F0000B4418329BB28718825A4381934204D902
:102800004FF4A2711420EDF715FE04D1011DEEF76F
:1028100065F846812F6000230120E381F8BD18464A
:10282000FCE78388014602899BB29A4202D00831B4
:10283000EEF754B870478388C0889BB2C31A5842D9
:1028400058417047828873B595B2C488C2F30E02AE
:10285000AC4202F1180212D04189C689835A314430
:1028600099420EDB0DF10601ADF80650EEF736F891
:10287000BDF80600001B18BF012002B070BD00208B
:10288000FBE70120F9E770B5C488034606891830D4
:10289000C4F30E0584EA0602C2F30E020AB9B4427A
:1028A0000FD19C891A880CB1465B921B914207DCC0
:1028B000DA7C2C440232224410440A461A8270BD4B
:1028C00000221046FAE7F8B5038A002B38D08B4275
:1028D00036D3C48800F118038589C4F30E041E1989
:1028E00095B91D55757085891E5B0D443144ADB297
:1028F00085811953D2B1811DEDF7F0FF002383814B
:10290000002303820120F8BD1E5BAE4204D04FF4C9
:10291000F6711420EDF78EFDC57C2644878A0235BA
:1029200035445E195F53857DB570DCE7C27C254474
:1029300002322A4499189B5A83828B788375DFE789
:102940000020E0E78388C2889BB29A4206D0428981
:1029500022B9C3F30E0318331844704700207047A0
:10296000C37C0233C8187047C37C0233C81A70474F
:102970000230704738B58388C2889BB29A4207D02C
:1029800045892DB9011DEDF7A9FFC581012038BD8D
:102990000020FCE703881380C388C3F30E031833B9
:1029A000034480890B6070470368002223B9C0E9A3
:1029B0000132031D0360704759681B680A44F5E73C
:1029C0000729034670B504D84FF4EC711520EDF7D4
:1029D00031FD0068C0B1446806461A688C4210D0C8
:1029E000106860B901F10805AC420DD3546850502D
:1029F0001868651A541800686560505002E0134664
:102A0000E9E7146830461C6070BD0023C1E900325C
:102A100003680B600160704730B590B18478B1FBFA
:102A2000F4F304FB131300EB430252898A4201D1F1
:102A3000D8B230BDC27822B900F10803D0B28442C6
:102A400001D8FF20F5E733F8025F01328D42F5D15E
:102A5000EFE78278038805324B4303EB42031844C7
:102A6000704737B500240546CDE900448DF80600CF
:102A70006846ADF80440EEF711F9BDF8044008B11E
:102A800003B030BD29462046EEF7E4F80028EFD029
:102A900040F235211720EDF7CDFC70B51E460D46EE
:102AA0000921FFF73DFE0446324609212846FFF77B
:102AB00037FE40EA04031B0454BF00194FF0FF30F7
:102AC00070BDD31D23F0070370B5083390B110F02B
:102AD000070403D058212220EDF7ACFC04604FF628
:102AE000FF75C28000F108040A468180013A92B263
:102AF000AA4203D103FB01F0083070BD06682660CE
:102B000004601C44F2E718B1C2888188FFF7D9BF7E
:102B100070470346EFF3108272B6006830B1016867
:102B200019600023037043708370C37002B962B6EA
:102B30007047EFF3108372B602680A60016003B950
:102B400062B67047012303707047F8B50C4605461E
:102B500011461E4684F001046400E4B2FF23837032
:102B600003191B7D012B05D00134E4B203191B7D31
:102B7000012B0AD105EB44073B8B3A8C9819904204
:102B800005DD00232C443B8323750020F8BD05EBB5
:102B90008404324660681844FFF7BEFA3B8B1E443B
:102BA0003E830023AB700120F0E781F00101490072
:102BB00010B5C9B2FF23837043181C7D012C07D1C7
:102BC0000C3120F8112002221A750023837010BDE9
:102BD0000131C9B243181C7D012CF1D04FF4997119
:102BE0000920EDF727FC024630B5837803F0FF009B
:102BF000F3B9137D022B19D0537D022B15D1034657
:102C0000012089B10024D5180C332C7522F813400B
:102C1000131803241C7502EB80035B680B6000F142
:102C20000C0332F813308B80012030BD0123E8E71C
:102C30000020FAE7034630B5827802F0FF00E2B9DF
:102C40009A7D022A17D0DC7D022C13D1032281B198
:102C50001D1900200C34287523F81400981803243B
:102C6000047503EB82000C32406833F812300860C0
:102C70008B80012030BD0324E9E70020FAE7037DC3
:102C8000012B01D1008B7047437D012B0CBF408B82
:102C900000207047837D012B01D1808B7047C37D5D
:102CA000012B0CBFC08B00207047838B23B9C08BD6
:102CB000003818BF0120704701207047027D022AAA
:102CC00001D1008B7047437D022B01D1408B7047AF
:102CD000032AF6D0032BF9D000207047827D022A08
:102CE00001D1808B7047C37D022B01D1C08B70470F
:102CF000032AF6D0032BF9D0002070472DE9F041CC
:102D00000646069898460D46430711469DF81C70E6
:102D100002D010F0030003D025214C20EDF78AFBF0
:102D20004FF48B72FFF7CDFE002F06AB044600FB7D
:102D300008F114BF00201846EDF7F2FD17B9069B05
:102D400033602C60BDE8F081EEF778B900EA40000E
:102D500000EA400000EA400000EA400000EA4000CB
:102D600000EA4000B0FA80F04009704708B5034619
:102D700010468B4209D03AB183EA010002F0BCF858
:102D800001288CBF0020012008BD0120FCE737B5D9
:102D9000002304460D46CDE900336846EDF77EFF7B
:102DA00030B10023CDE9003302238DF8063014E062
:102DB000009B2A462046D3F8CC10FFF7D7FF002807
:102DC000EBD0012003B030BD009B2A462046D3F84B
:102DD000CC10FFF7CBFF0028F3D16846EDF75EFF7C
:102DE0000028F1D00023CDE9003304238DF806300C
:102DF00007E0009B2A4620461968FFF7B7FF002826
:102E0000DFD16846EDF74AFF0028F2D00023CDE974
:102E1000003305238DF8063007E0009B2A46204644
:102E20001968FFF7A3FF0028CBD16846EDF736FFFE
:102E30000028F2D00023CDE9003309238DF80630B5
:102E400008E0009B2A462046D3F8BC11FFF78EFF0E
:102E50000028B6D16846EDF721FF0028F1D0002305
:102E6000CDE900330B238DF8063008E0009B2A469D
:102E70002046D3F8E410FFF779FF0028A1D1684677
:102E8000EDF70CFF0028F1D000224FF44023CDE9EC
:102E900000236846EDF702FF58B10023CDE9003367
:102EA0000A238DF806306846EDF7F8FE58B1002089
:102EB00088E7009B2A462046D3F8E410FFF756FF28
:102EC0000028E6D07DE7009B2A462046D3F83C1137
:102ED000FFF74CFF0028E6D074E770B523260025E5
:102EE000F5F732F90446F2F749FC20B100212046FB
:102EF000FFF74DFF50B10020013E01D00028EFD078
:102F00004DB940F215210F20EDF794FA20462546E1
:102F1000F2F76AFCF0E7284670BD00F0FD000038CB
:102F200018BF012070478207034607D410F0010044
:102F300005D113F0040018BF03207047022070472A
:102F40008207034607D410F0010005D113F00400F6
:102F500018BF03207047022070476FF45063C318F6
:102F6000062B8EBF40F2E243A0F550604FF47A7317
:102F70005843704713B501210020EDF755FE044674
:102F800088B901210846EDF74FFE0446C0B9002379
:102F9000CDE9003303238DF806306846EDF77EFE59
:102FA000C8B100200AE0A830F1F734FF0028E8D0CB
:102FB0002046F0F79FFC0028E3D0012002B010BDAE
:102FC000A830F1F727FF0028E1D02046F0F792FC67
:102FD0000028DCD0F1E7009C204602F086FD0028A6
:102FE000DBD0204602F024FF0028D6D0E5E70023FE
:102FF00007B5CDE9003303238DF806306846EDF7B9
:103000004DFE08B1002004E0009802F06EFD00289B
:10301000F4D003B05DF804FB13B501210020EDF7F7
:1030200003FEC0B901210846EDF7FEFDF8B9FFF730
:10303000DEFFA0B906236C46019000908DF80630A3
:103040002046EDF72BFEC0B10023009363600723F9
:103050008DF806301FE0A830F1F7DCFE10B101203A
:1030600002B010BDF0F7D8FC0028DBD0F7E7A8309D
:10307000F1F7D0FE0028DAD0F1E70098403002F0F6
:1030800094FB0028DCD0EAE7009B586F503002F038
:103090008CFB0028E4D12046EDF700FE0028F3D099
:1030A0000020DDE71FB5002240F6881303A9009237
:1030B000FCF716F905B05DF804FB10B5044638B10D
:1030C000F3F7A0FF24EA0000B0FA80F0400910BD39
:1030D0000120FCE738B5044602F07CFED8B120465A
:1030E00002F003FD08B9002038BD204602F016FCAE
:1030F0000546204602F015FC78B9002DF3D00221D8
:10310000B5F8AA00EDF7A6FD0028ECD041F6D621CF
:103110003920EDF78FF94220E6E70C20E4E710B5FF
:103120000446FFF764FF58B901210020EDF77CFD4C
:10313000D0B901210846EDF777FDD8B9012009E0A3
:10314000F3F718FF68B1F2F7D1FD044602F07BFFF8
:1031500008B1002010BD204602F071FF0028E3D026
:10316000F7E7002CE0D1F4E7A830F1F753FE002890
:10317000DFD0EEE7A830F1F74DFE80F00100C0B2DD
:10318000E8E7006890F8A8303BB190F8E23123B14D
:10319000002380F8E231F6F743BD704710B50446CE
:1031A000F5F712FE2070002010BD10B5FFF7E2FE0B
:1031B000044630B9F5F702FE2046F4F7D1FA20466E
:1031C00010BD0C20FCE710B503780446012B01D993
:1031D000122010BDFFF720FF60B92078FFF79DFE99
:1031E00001280DD004F11703E21D611CBDE8104059
:1031F000F4F7E0BAF4F770FB0028EED00C20E8E713
:10320000A37903F0C003C02BE2D1EBE710B503783C
:103210000446012B0AD8FFF7FFFE48B9214611F8F2
:10322000010BFFF77AFE00F08FFF38B9122010BDB6
:10323000F4F752FB0028F1D00C20F8E70020F6E765
:1032400010B50446FFF796FE90B92078012803D9FF
:10325000FF2809D0122010BD611CFFF75EFEF5F7B4
:10326000B9FD38B10020F6E70120F4F779FAF9E763
:103270000C20F0E70720EEE710B50446FFF77AFED2
:1032800098B92378012B03D9FF2B0BD0122008E02B
:103290001846611CFFF741FEF5F7C8FD0028F5D080
:1032A000002010BDF4F75CFAFAE70C20F9E708B546
:1032B0000088F4F717FB00280CBF3020002008BD61
:1032C00038B50546FFF7A8FE044638B92878003817
:1032D00018BF0120F4F7FAFA204638BD0C20FCE7AD
:1032E00008B5FFF799FE18B9F4F7E0FA002008BD19
:1032F000F4F7F2FA0028F7D00C20F8E7082303705F
:1033000000207047112242F239030270C270592224
:10331000A0F801308280C38000207047082108B5E2
:10332000EDF7C2FE002008BD73B5064600880C46C6
:10333000088001A980B201F00BF8054640B9B378C6
:103340004BB9019B93F92801A070FAF76FF9A070AF
:10335000284602B070BD7F20FFF7A4FEF4E710B549
:1033600004466FF07F00FFF79DFEFAF75FF92070CB
:103370007F20FFF797FEFAF759F96070002010BD23
:1033800010B50446F2F7B2FC02F056FEFAF74EF919
:103390002070002010BD0A4600F1100108B5072377
:1033A000FEF75CFC002008BD012138B50546084643
:1033B000EDF73AFC20B940F2EF713920EDF73AF819
:1033C000A830F1F727FD044620B92846F2F7B8F9EE
:1033D000204638BD0C20FCE710B50146044600200D
:1033E000F4F730F808B92060A080002010BD10B5B7
:1033F0000446F3F793FD28B900202146F4F70AF8B4
:10340000002010BD0020FFF78AFE0028F4D10C2018
:10341000F7E710B504460120FFF781FE28B101202F
:103420002146F3F7F7FF002010BD0C20FCE737B56D
:1034300000880C460D4601A924F8020B80B200F06A
:1034400087FF70B9019B03F1180283F84B001168E4
:1034500021601179217193F84B100029F5D103B047
:1034600030BD0023C5F802302371F8E710B50446DB
:10347000FFF7D2FD58B92078611CFFF74EFDE279C5
:10348000F4F790FB80F001004000C0B210BDF4F7EB
:1034900023FA0028EFD00C20F8E773B500880D461A
:1034A000088001A980B200F053FF044680B9019E54
:1034B00086F8224196F82001F2F74CFAA87096F8A7
:1034C0002101F2F747FAE87096F82231002BEFD18C
:1034D000204602B070BD1FB5044603A9008800F065
:1034E00037FF38B9A388022B14D8E078FFF7E5FD41
:1034F00010B9112004B010BDA078FFF7DEFD002840
:10350000F7D0012303A80093A388E278A178F3F70A
:10351000A7FDEFE71220EDE737B58378C17803F018
:103520000104027903F0020351EA04051DD052EAB6
:1035300003051AD0002C18BF0021002B037818BFF8
:1035400000228DF802108DF80320427843EA02230E
:10355000ADF8003043798279684643EA0223ADF83A
:103560000430FFF7B8FF03B030BD1120FBE707B50B
:1035700003788DF80030437868468DF801300023D9
:10358000ADF80230ADF80430F2F74EFF03B05DF84D
:1035900004FB13B50C4601A900F0DAFE28B9019B23
:1035A00093F8A820DB8812B9238002B010BD013344
:1035B000FAE72DE9FF41044603A9008800F0EAFE7E
:1035C000064620B9039D95F8A83023B11126304650
:1035D00004B0BDE8F081A28805F1A8061046FFF707
:1035E000BCFCD5F8C830A189984260890CBFB5F8F9
:1035F000DE300123884201D91226E8E701933046E4
:1036000023890093E3886188F2F70EFA8046002848
:103610003CD095F8523203F0FF06002B38D1A08839
:10362000FFF79BFC074605F1E80001F03DFB2A305F
:103630008742CBD3A3886FF450621344062B8ABF12
:1036400040F2E2436423B046BB42D5D2B8F1000F4A
:1036500005D0B5F8201140F2022291421AD1A5F806
:103660003E32C5F84472E279A37943EA0223A5F811
:103670004832237A627A43EA0223A5F84A320023C9
:1036800085F85032FF2385F85232A0E730269EE7B6
:103690003A269CE70C269AE713B5044600F077FD1E
:1036A00000284DD02046FF24F4F7F6FA0023CDE998
:1036B00000336846EDF7F2FA48B300244FF4403384
:1036C000CDE90043FF246846EDF7E8FA18B300207F
:1036D0004FF48023FF24CDE900036846EDF7DEFABE
:1036E000E8B100214FF4C023FF24CDE90013684660
:1036F000EDF7D4FAB8B100224FF42023CDE900232E
:103700006846EDF7CBFA90B1002002B010BD009BE7
:1037100083F83542CDE7009B83F88A40D3E7009BCE
:1037200083F83440D9E7009B83F83440DFE7009BFF
:1037300093F83820032AE3D1FF2283F82220DFE721
:103740001220E2E707B5008801A900F023FE30B996
:10375000019B93F83F2112B9FF2283F83F2103B068
:103760005DF804FB10B50446F3F742FC206000202E
:10377000616010BD73B5054601A9008800F00AFE1E
:10378000064620B9019C94F8A8301BB10C2630469F
:1037900002B070BD94F8823203F0FF0633BB94F898
:1037A0006230DB0724D5D4F8A430002BEED1D5F855
:1037B000023004F51A72C4F87832D5F80630C4F82D
:1037C0007C326B89A4F8803205F10C031C3553F868
:1037D000041BAB4242F8041BF9D10C2104F515700F
:1037E000EDF762FCFF2384F88232D0E73A26CEE779
:1037F0001A26CCE730B589B0034600F118056A46B1
:103800001868083353F8041C1446AB4203C422461C
:10381000F6D11868022320606846ADF81C30FFF727
:10382000A9FF04461E2200216846FEF709FC204637
:1038300009B030BD37B50446F2F758FA054623788B
:103840001F2B18D8C16C04226846EDF73FFB2246B7
:103850000021E86C12F8013BFFF777F968B1EC6CD6
:103860002046FFF717FA002102462046FFF79DF990
:10387000002003B030BD1220FBE70720F9E737B581
:103880000446F2F733FA054623781F2B18D8C16C8B
:1038900000226846EDF71AFB22460121E86C12F877
:1038A000013BFFF752F968B1EC6C2046FFF7E7F9EE
:1038B000012102462046FFF778F9002003B030BD11
:1038C0001220FBE70720F9E773B505460026F2F75B
:1038D0000DFA04468DF8046002F0B9FB2B78C001A4
:1038E0008DF80760012BADF8050005D101A9204630
:1038F000F2F7FEFA02B070BD2BB9204602B0BDE867
:103900007040FFF7E7BB1220F4E710B5044634F827
:10391000020B0880022180B2EDF786F920B1214622
:10392000BDE8104002F0AFBD022010BD008808B510
:103930000880022180B2EDF777F920B10021BDE8BF
:10394000084002F0A0BD022008BD37B5044600883B
:103950000D460880092180B2EDF766F910B10C2000
:1039600003B030BD0B212088EDF75EF90028F6D1B9
:103970000C212088EDF758F90028F0D101A9208802
:1039800000F0E6FC0028EBD1019B9B8F6B80E7E702
:1039900037B5044600880880092180B2EDF744F964
:1039A00010B10C2003B030BD0B212088EDF73CF99D
:1039B0000028F6D10C212088EDF736F90028F0D147
:1039C00063880BB91220EDE701A9208800F0C0FC44
:1039D0000028E7D1658842F21072019BA9B2D3F8A2
:1039E000C8405143B3F8DE206243B3F8D04004FB33
:1039F00002229142E6D3D3F8C820D3F8C8409442BB
:103A0000F9D100229D875A63621E0A44B2FBF4F288
:103A10009A63C7E713B500880C46088001A980B2F5
:103A200000F096FC10B9019BDB7AA37002B010BDC8
:103A300010B50C460221EDF7F7F890B1022C12D820
:103A400004F00102C4F3400480F8E42180F8E3416B
:103A500012B190F8E2310BB9002010BDF6F7E0F892
:103A6000FAE70220F9E71220F7E710B504460078DC
:103A7000FF280AD00321EDF7D7F858B16378A27870
:103A800043EA0223C384002010BDB4F80100F6F716
:103A9000E9F9F8E74220F7E710B504460078003866
:103AA00018BF0120F8F766FC2078003818BF012005
:103AB000F6F7A2F8002010BD10B50446F3F75AFA45
:103AC00050B1F2F713F96178C1F3400201F001013E
:103AD00002F005FB002010BD03212078EDF7A4F8CB
:103AE0000028F0D14220F6E70620F3F749BA082073
:103AF000F3F746BA0B20F3F743BA02F025BE02F003
:103B0000F2BC10B5044604B910BD23689847646838
:103B1000F9E703680BB9016070471A465B6813B197
:103B20008A42FAD170478A4218BF5160704708B57F
:103B300002F0EAFCF2F7BAFAEFF7A8FCBDE8084099
:103B4000F5F79AB908B5F5F791F9F8F70BFCF2F724
:103B5000ADFABDE80840EFF7F3BC08B5F6F70EF88C
:103B6000F6F712FF20B140F263119320ECF762FCEC
:103B70000320BDE80840FEF774BF08B50220FEF739
:103B800070FF0020FEF76DFFEDF712F9F3F7FCFB75
:103B9000EEF7B8F820B140F243119320ECF74AFC5D
:103BA00008BDFFF7EABF08B5FFF7D7FFF7F732FC0C
:103BB00020B14FF4BC719320ECF73CFC08BD08B574
:103BC000FFF7B5FF02F0BCFD20B14FF4E871932080
:103BD000ECF730FC08BDFFF7D0BF08B5F6F7FCFEE8
:103BE000F5F7FEFFBDE80840F6F7DEBE08B500F0C9
:103BF0007DFAEEF767F80220FEF733FF0020BDE8FC
:103C00000840FEF72EBF08B5EFF7DAFCFFF79AFF82
:103C1000FFF7ECFF02F096FDBDE80840F4F734B979
:103C20000123038040F2011343807047FBF7E0BE9D
:103C30000B46892203F8032BD0F80920C1F8032092
:103C4000427B1A717047012804D1012914BF00205A
:103C500001207047022801D10229F7E7042908BF93
:103C600004280CBF01200020704738B50D460446DB
:103C7000F3F7C8F92B78002B08BF034684F874309B
:103C80006B78002B08BF034684F875306B88A4F866
:103C9000763038BD37B58B780546046803F00703E6
:103CA00084F819314B7803F0070384F81831262380
:103CB000E37394F8393113BB94F83831012B1ED0DB
:103CC00094F8213194F81821D91E012998BF0423B2
:103CD0009A42B4F81E3118D194F8202194F81901B1
:103CE000D11E0129B4F81C1198BF042290420CD1B6
:103CF0000222A4F83A11A4F83C3184F8382128466D
:103D000003B0BDE8304001F094B9022094F81D21C1
:103D100094F81C1100902846F3F7A2F90028EED081
:103D20004FF46671AE20ECF785FB38B503680446A6
:103D30000D4693F83831012B02D11E21F3F70AFA10
:103D40002368002083F8380165B1182283F8992090
:103D500009229A7393F84A3093B940F25B41AE203E
:103D6000ECF768FBDA7B243A072A03D82046DD7398
:103D700001F071F920461821BDE8384001F09BB9E7
:103D800038BD08B503689A7B22B14FF4E671AE20C6
:103D9000ECF750FB24229A7308BD034610F0010093
:103DA00007D19A0704D413F0040018BF032070470A
:103DB000022070472DE9F34B1646054610461F4674
:103DC00046EA0104FFF7E9FF83460846FFF7E5FFEF
:103DD00089464BEA0404DDF8288001900443E4B2EC
:103DE000003C18BF0124F3F70DF9064018BF5E46EA
:103DF000F3F708F995F8202110EA0901019B18BF93
:103E00001946B24214BF3346002388F8003095F8B3
:103E100021218A4208BF00210B4388F801100AD1F2
:103E2000EB88013FFF1A47F6FD73BFB29F428CBF7C
:103E3000002404F00104C6B995F82001F1F79AFDB9
:103E400003280ED195F83831012B0AD1B5F83C2161
:103E500095F82031012A0AD1042B0AD0042388F8CE
:103E60000030204602B0BDE8F08B032EE9E7032BBB
:103E7000F7D00323F3E7032906D101280AD104214F
:103E80000120518013807047042903D1012801D0FB
:103E90000321F5E700207047012807D0022805D04C
:103EA000033801288CBF00200120800070477FB5B7
:103EB0000B460468CDE9002118461146F3F768F96E
:103EC00094F8206194F82151C3B2C0F30720B342A3
:103ED00008BF0023854208BF002084F83A3284F8E6
:103EE0003B0204B070BD2DE9F0410C6805460F4659
:103EF00094F83A22D31E012B2DD894F82031D91EE4
:103F0000012928D8D31A18BF012394F83B02FFF7E0
:103F1000C3FF06460BBB1046FFF7BEFF804694F872
:103F20009F306BB948EA060313F0FF0306D0204622
:103F300001F0E1F83B68DB8803449BB2A4F8383217
:103F4000B4F838320520AE70EB701B0A85F801809A
:103F50002B71BDE8F0810023D7E74FF00008DEE7C2
:103F6000F7B504680E4605461746E17B71BBA37B97
:103F7000283B022B2CD901A8F3F728FA014628B1D7
:103F8000019B0DF10301DB788DF80330A07B162235
:103F9000F4F70CF9044630B102461621284601F028
:103FA0006EF8044609E073785A0709D0B3785B07C6
:103FB00006D031462846FFF76DFE204603B0F0BD1F
:103FC0003A463146284601F087F8EAE70124F4E74B
:103FD0002024F2E770B5056802460B46EC7BA4F19D
:103FE0002406072E15D994B9AD7B292D11D04D7813
:103FF0006E0706D08D786D0703D0FFF74BFE204685
:1040000070BD19781046BDE8704001F054B8012425
:10401000F5E72024F3E737B50468A37B242B21D1EF
:104020004B7813F0070519D08B7813F0070215D0E1
:1040300000238DF804508DF80520ADF80630019A64
:10404000D4F83A11FFF733FF0123002084F84A30F7
:104050002823A4F84600A37303B030BD0023A4F8BE
:104060003A32F1E70120F7E738B503680546DA7B15
:10407000B3F83A42262A14D184B9DC7393F8383164
:10408000012B02D12146F3F765F82B68002283F853
:1040900038212846BDE8384000F0DDBF2922DA7318
:1040A000F7E79A7B282A0ED154B99C732146F3F77F
:1040B00051F82B6883F83841002283F84A2038BD34
:1040C00029229A73F8E740F2CC51AE20ECF7B2F90E
:1040D00008B50368DA7B262A05D022B140F2D35115
:1040E000AE20ECF7A7F92722DA7308BDF3F74CB935
:1040F000704730B542401C7808785D7860404C7855
:104100006C409D7820448C786C40DD782044CC78DD
:104110006C401D795B7920440C7949796C404B40A7
:10412000204418441044B0FA80F0400930BD0246E3
:1041300000200139C9B2FF2900D17047535C83F0D8
:1041400001030344D8B2F4E708B5F3F7A1F908284E
:1041500007D0F3F7BFF9082803D0F3F7CFF9012010
:1041600008BD0020FCE708B5F3F792F9082803D052
:10417000BDE80840F3F7AEB908BD08B5F9F71EFB76
:1041800018B1BDE80840F9F74BBB082008BD70B571
:1041900003791F2B0FD8461E051D002416F8010FAA
:1041A00000F0DFFE0444AE42E4B2F7D1012C94BF2C
:1041B0000020012070BD0020FCE70144002388425C
:1041C00003D1B3FA83F04009704710F8012B134371
:1041D000F5E7F8B505460C46D0E90476FCF730FE65
:1041E00018B952212920ECF725F9E4B1D5E90423C7
:1041F000D21B63EB0603012A73F100014FF00001AB
:1042000013DB6FF001009042994101DA5C21E9E78C
:10421000631E1344B3FBF4F35C43E41946F1000658
:10422000C5E904461C462046F8BD0C46FBE7F8B538
:104230000C460546D0E90076FBF7B6FDF4B1D5E9AA
:104240000023D21B63EB0603012A73F100014FF038
:10425000000115DB6FF001009042994103DA7621ED
:104260002920ECF7E7F8631E1344B3FBF4F35C4337
:10427000E41946F10006C5E900461C462046F8BD93
:104280000C46FBE7022905D13C281AD980100F38CB
:1042900080B27047CB1E012B0ED804290BBF96238A
:1042A0004FF416731022402203F5BC73984208D9CC
:1042B000C01A90FBF2F0EBE7702802D9C0100E385C
:1042C000E6E700207047022908B5034614D005D858
:1042D000012909D0E7212920ECF7ACF8033901299D
:1042E000F8D840F6A66008BD40F6C41040F2E2429D
:1042F000002B08BF1046F6E740F6C410F3E7801A1B
:10430000A03810B58842029C94BF091A491A226845
:10431000012902EB510294BF0020012022601A689B
:10432000A2EB51021A6010BD69B1A0F57A7241F298
:1043300070739A4207D84FF47A73B0FBF3F000F52C
:10434000506080B2704740F2E243B0FBF3F0F8E710
:1043500038B50C4600210546ECF766FC206048B9EC
:1043600002212846ECF760FC2060B0FA80F040099A
:10437000400038BD0020FCE70368587BC0B293F8CA
:1043800030302BB900F0FB00003818BF0120704717
:104390000020704710B50C46FFF7DAFF38B9204609
:1043A000FFF7EAFF80F001004000C0B210BD02201C
:1043B000FCE738B54FF424720D4600210446FDF7A2
:1043C000FFFD0123A4F8AA50E3756FF0360384F8CB
:1043D0006330042384F864306FF03B0384F8653065
:1043E0006F2384F86630032384F86730002384F851
:1043F00068306FF07F0384F869302B2384F86230D3
:10440000FE2384F89E307F23E37238BD40F6B83334
:1044100007B5B0F8D220D0F8C8100190838701A862
:10442000F3F7FEFB03B05DF804FB38B54FF44272BE
:104430000D4600210446FDF7C3FD6FF0360201234F
:10444000A4F8AA5084F863200422E37584F8642059
:104450006FF03B0284F8A83084F865206F2284F85E
:104460006620032284F86720002284F868206FF019
:104470007F0284F869202B2284F86220FE2284F8CF
:104480009E207F22E27238BD40F6B83307B5B0F8FF
:10449000D220D0F8C8100190838701A8F3F7C0FBA1
:1044A00003B05DF804FBC2B292FAA2F2030A93FAD7
:1044B000A3F31B0E100E40EA0320704701310530B4
:1044C0000022C9B270B510F8013F8B4216D310F824
:1044D000054C0023012505FA03F626421CBF01F115
:1044E000FF31C9B269B10133082BF4D10132D2B224
:1044F000052AE8D19B214620EBF79CFFC91AC9B2D7
:10450000F4E703EBC200C0B270BD0B6870B5C0F831
:10451000013004460B790546461D03F01F03437125
:104520000023C37215F8010F00F01BFD6871B5423E
:10453000E37A1844E072F5D170BD81EA114170B59B
:104540008CB20546C17A032682EA0400FFF7ABFF6E
:10455000013E00EB001016F0FF0604EB000290B2E3
:10456000F4D144402522B4FBF2F302FB1343C3F31E
:10457000C402D8B203F007032A445678012202FA93
:1045800003F31E4207D161432846C1F30741BDE84A
:104590007040FFF793BF70BDF8B590F82250044605
:1045A0006B1E242B03D9E1214620EBF743FFDAB140
:1045B000C07D002843D194F8243094F8231002FBE6
:1045C00001322523B2FBF3F103FB1123DBB204EB31
:1045D000D30203F0070684F82430117E0122B24092
:1045E000114202D084F82530F8BDB3FBF5F205FB8B
:1045F000123304F11C01013303F0FF0311F8012F02
:104600009A4219D311F8055C0022012606FA02F736
:104610002F4208D0013B13F0FF0304D102EBC0028C
:1046200084F82520E0E70132082AEFD10130C0B23A
:104630000528E3D1D721B7E79B1ADBB2F6E7E2887A
:1046400004F11700496AFFF778FF84F82500CBE7EB
:10465000D0F803300B60B0F807308B8070470378D8
:10466000890123F0400301F040010B4303707047C0
:10467000037803F07F0343EAC113037070470078A7
:10468000C00970471F2A38B50546144603D9A8212A
:104690002A20EBF7CFFE06340930FDF73DFD6C70A4
:1046A00038BD1F2A38B50546144603D9CA212A2029
:1046B000EBF7C0FE06340930FDF72EFD6C7038BDF7
:1046C0000378024603F00F03032B3ED0052B42D1A3
:1046D000C37F90F82000034392F82100034392F82F
:1046E0002200034392F8230000F01F00184333D048
:1046F0005378222B2FD1B2F81930B1B1B3F5506FE6
:1047000013D940F607518B4225D8B2F81B30B3F5C8
:10471000FA7F20D2B2F81D0040F676430A3880B204
:1047200098428CBF002001207047991F40F67A40C4
:1047300089B281420FD8917D481E07280BD8994233
:1047400009D2B2F817109942DEE74078A0F10C03C5
:1047500058425841704700207047C37813F03F0318
:104760005DD007295BD8DFE801F0040B1E29343F38
:104770004A55037913F0010F0CBF00200520704744
:10478000027912F002004BD0052002F00102072945
:1047900002EB420200EB4200C0B241D1021F9A423A
:1047A000C8BF00207047027912F0040038D00520FD
:1047B00012F0020F1CBF0630C0B2E6E7027912F019
:1047C00008002DD0052012F0040F1CBF0130C0B22C
:1047D000EEE7027912F0100022D0052012F0080F47
:1047E0001CBF0230C0B2EEE7027912F0200017D0F1
:1047F000084612F0100F1CBF0330C0B2EEE702797A
:1048000012F040000CD0052012F0200F1CBF123017
:10481000C0B2EEE702795006F5D50620F4E7002095
:10482000704770B50C46064611461D4624B94FF434
:104830001F712A20EBF7FEFDFFF78FFF10B940F242
:104840007D21F6E7031F2B443F2B02DD40F27E2142
:10485000EFE72A4621463044BDE87040FDF75CBCD6
:1048600010B50446FFF779FF00B1204410BD30B504
:10487000C1F38003C1F38014C1F340052344C1F3A5
:10488000001404EB44042344C1F3401404EBC404B7
:1048900003EB4403C1F300042C44C1F3C0051344EB
:1048A00004EB44042C4403EB440313F0FF031CBF4C
:1048B00001330171C17818BFDBB221F03F0103F071
:1048C0003F042143C170591C41701AB104339B1A33
:1048D000013AC25430BD4378C278013B02F03F0236
:1048E000981AC0B27047F8B50D46194617460646E5
:1048F000FFF7F1FF441AE4B2BC4228BF3C464DB179
:10490000F278284602F03F02043211442246314434
:10491000FDF702FC2046F8BDC378024613F03F00C5
:1049200022D0137913F0200FC3F3C001C3F340006A
:1049300014BF0922002213F0100F114403F00102EA
:104940000244C3F3800002EB42020A44C3F3801125
:1049500014BF032300230844184400EB420010F066
:10496000FF001CBF0130C0B2704738B5C57804469F
:10497000AB09032B1ED005F03F054378AB4219D994
:10498000FFF7CAFFA84215D895B12379DB060FD5EA
:1049900004212046FFF764FF48B1037803F03F038A
:1049A000242B07D880785F288CBF0020012038BDD9
:1049B0000120FCE70020FAE70278437802F00F02BA
:1049C000072A12D8DFE802F0080408111111080EB6
:1049D0000C3B584258417047063B1F2B8CBF0020B0
:1049E000012070470BB1FFF7C0BF0020704702786D
:1049F00002F00F02072A0AD0082A0AD0042A0ED190
:104A0000407806381F288CBF002001207047FFF730
:104A1000ACBF4078A0F10E035842584170470020C7
:104A200070471B2A08B504D940F299312A20EBF7C8
:104A300001FDBDE80840FDF76FBB8388A1B1B3F568
:104A4000506F11D940F6075293421BD8C388B3F573
:104A5000FA7F17D2008940F676430A3880B298422E
:104A60008CBF0020012070479A420BD8B3F5486FE5
:104A700008D84278511E072904D89A4202D24288A7
:104A80009A42E2E700207047013001F1200351F81B
:104A9000042B994240F8042BF9D10B88038070470E
:104AA00038B515460446FFF7EFFF2B68C4F82330EE
:104AB0006B68C4F8273038BD2DE9F04F85B08846C3
:104AC000154603A99DF838400193FFF741FC814644
:104AD00018B9039E2DB901237375012005B0BDE8F7
:104AE000F08FD6F8C0A029465046FDF7FDFD0746D9
:104AF00008B90020F2E7F1F713F98542F9D83946F1
:104B00005046FDF72DFF727D8346A0F80190002AE4
:104B100018BF4FF0020880F800803846FDF728FFE4
:104B20000746DCB1B6F8E640C4B1FAF7E1FF40F25F
:104B300071225443241841F1000179602A460199F9
:104B40000BF103003C60FDF7E7FA29465046FDF7FC
:104B500006FE28B983212B20EBF76CFC2146ECE7FD
:104B6000039B93F8A83033B103A8FEF70AFB039B1D
:104B70000022A3F8DA210023AEE7437837B5C3F368
:104B800001120446032A03D8DFE802F0050E1D05D2
:104B9000002003B030BD057803F00F000023009320
:104BA0000221231D628807E0057803F00F0000232F
:104BB00001210093231D628845EA0020FFF77CFF56
:104BC00060B10120E5E7F2F719FA03685B05DFD56C
:104BD00060780123257800F00F00E0E7F3F74CFA46
:104BE000EFE71A230B7001234B708B707047F3F7BC
:104BF000FBB810B521B940F2A9211020EBF71AFC3F
:104C00004A600B72EFF3108472B6031D0B604268AA
:104C10001AB1127A012A08BF0360036819600160A3
:104C200004B962B6BDE81040F3F728B90222F3F7E1
:104C300011BA0322F3F70EBA0422F3F70BBA0222D9
:104C4000F3F74CBA0322F3F749BA8D230B7030F80F
:104C5000AF3CA1F8033030F8653CA1F8053030F8DE
:104C6000613CA1F8073030F8633CA1F8093030F816
:104C70005F3CA1F80B30704708B5CB1E012B04D860
:104C8000800100F5747080B208BD012902D10E3098
:104C9000C000F8E7022902D10F308000F3E74FF49B
:104CA0000C710620EBF7C6FB4068704703390129F9
:104CB0008CBFC08A4FF42960704770B590F8786057
:104CC0008D88033E0C89012E04D943B11678033E2A
:104CD000012E04D8B5F5296F38BF4FF4296590F837
:104CE0007960033E012E04D943B15378033B012B75
:104CF00004D8B4F5296F38BF4FF42964CB884A88AB
:104D0000A0F86430A0F86020A0F86250A0F86640D7
:104D100070BD1B2200294FF01B110CBF4FF4A47370
:104D20004FF4296382840284028502F1A472C16077
:104D3000C3844384C383838343820382C0E9052100
:104D400070470346B3F85810B3F86420F0B59142A9
:104D500093F87940B3F85C5028BF1146033CB3F890
:104D60006620E4B2B0F84E70AA42B0F85200A3F840
:104D70004E1028BF2A46012CB3F8544087BFB3F821
:104D8000566015464FF429664FF429658C42A3F806
:104D9000525038BF0C46B24238BF32468F42A3F859
:104DA0005440A3F8562026D1401B18BF0120B3F869
:104DB0006020B3F85A10B3F84C509142B3F8504009
:104DC00028BF114693F87820033A012A15D9B3F881
:104DD0005E20B3F86260B24228BF32468D42A3F82B
:104DE0004C10A3F850200BD1944218BF40F00100A2
:104DF00000F00100F0BD0120D9E74FF42962EDE792
:104E00000120F5E738B5CB1E0446012B10D9C58B20
:104E1000438C9D4228BF1D46207AFFF72DFF6389F2
:104E2000AB4228BF2B46984238BF184680B238BDE7
:104E30004FF42965F0E72DE9F843994607460D46FA
:104E4000808919461446FFF717FF06469DF8208013
:104E500049463846FFF7D6FF86424146A8F1030887
:104E600028BF0646B88AFFF707FFB8F1010F0346CF
:104E7000B6B28CBFFA8A4FF42962904204F1060060
:104E800028BF134628449BB233441844BDE8F88336
:104E90000346828F13B5403049B9598F93F8794052
:104EA000009493F87830FFF7C6FF02B010BD198F59
:104EB000F4E770B50C46154619464BB9068FFFF757
:104EC000E7FF28443044A04294BF201A002070BD60
:104ED000468FF4E738B50D4611460446FFF7D8FF74
:104EE0002844606438BD01F19C0383423DBF9C3877
:104EF000401A40080020704700F05533400800F089
:104F00005530034403F033329B0803F033331A4423
:104F100002F00F33120902F00F32134403F0FF10B6
:104F20001B0A03F0FF13184400EB1040C0B2704797
:104F300045F2555200EA020302EA5002981843F281
:104F4000333300EA030203EA90031A4440F60F7376
:104F500002EA030003EA1213184400EB1020C0B267
:104F6000704700F05503400800F05500034403F07B
:104F700033009B0803F03303034403F00F0000EBFE
:104F80001310704780EA6000FFF7B6BF40F34E038E
:104F90009BB25840FFF7CCBF32280CD006D8162859
:104FA00018BF012894BF012000207047A0F13E03E4
:104FB0005842584170470120704708B50246FFF734
:104FC000EBFF40B10846FFF7E7FF20B18A420CBF74
:104FD00023202A2008BD8A420CD1A2F13003DBB283
:104FE0000B2B07D840F6210020FA03F3DB070CD582
:104FF0002320EFE73E2901D1262A0ED03E2A04D1F4
:1050000026290CBF2A200020E4E73B2901D11F2AD2
:10501000F7E73B2A03D11F29F3E72A20DAE700202C
:10502000D8E7036800229A7383F84A20A3F8462041
:105030007047026892F8A8302BB9A2F84E300123CD
:1050400082F8503070470023A2F84E3092F850306A
:1050500001335BB2F4E7026808B592F8A83013B9DF
:1050600082F8503008BD92F85030013B5BB2002B03
:1050700082F85030F6DA52214A20EBF7DBF908B516
:10508000036883F89B1083F89A203522DA73FFF7C0
:10509000D0FF002008BDA0F10A03042B09D9A0F11C
:1050A0004703012B05D9243807288CBF0020012095
:1050B0007047012070470268136810B513F00804A8
:1050C00008D143F0080382F898101360FFF7B1FF8E
:1050D000204610BD0120FCE7036810B5DC7B44B915
:1050E0000A7883F898200322DA73FFF7A2FF20469C
:1050F00010BD0124FBE7D0F8C82041F64B539A427B
:1051000096BF4AF6C8730623B3FBF2F3B0F8D0207B
:10511000B0F8DE001344584380B2704703680020A3
:105120001A7C073A012A81BF4A785A7407221A74F6
:1051300070470268137C073B012B84BF082313745C
:105140007047026870B5D57BE5B9CB88D688A2F8E0
:10515000D032013B9B1B47F6FD769BB2B34206D98A
:10516000282382F83130F3F73FFB284670BDD1F891
:105170000130C2F8D2324B7982F8D6320A22036863
:10518000DA73F2E70125F0E708B503689A7B1AB1F4
:105190003B215520EBF74EF90B229A7308BD2DE900
:1051A000F74F0646894690460193FFF7A4FFD6F8CD
:1051B000F471044657B90023C8F80030F38823443B
:1051C0009CB2019B1C8003B0BDE8F08FF3F760FE3A
:1051D0000028F0D1D6F8C8C0D6E976320CFB04FE20
:1051E0001EEB030ED7E9021342F100020B44D7E98C
:1051F00000155B1845F10005734575EB020114D2EB
:10520000BEEB03016FF0010B62EB050A8B4570EBFF
:105210000A0A03D23D215620EBF70CF93869471EE4
:105220003944B1FBF0F1E0FB0135B3EB0E0365EB64
:1052300002056FF001029A424FF00002AA4101D22A
:105240004821E8E7B3FBF9F209FB1233B3FBFCF2A8
:1052500091B20CFB1133C8F80030F3881C4414449D
:10526000A4B2AEE70B46822203F8032BD0F8092044
:10527000C1F80320D0F80D205A60427C1A72002336
:10528000CB707047036870B5DD7B06460C46002D79
:105290005AD193F8291106222046FFF7CEFB01468A
:1052A00028B921783046BDE87040FFF704BF326866
:1052B0006389D088A2F8D032013B1B1A47F6FD70F3
:1052C0009BB2834207D92823304682F83130F3F766
:1052D0008BFA284670BDA3886FF450601818062812
:1052E00095BFA3F5506340F2E2414FF47A704B430F
:1052F0008CBF29464343C2F8D8326378C1B103EB6F
:10530000830303EB83039B00A2F8D2326388C1B10D
:1053100064214B43C2F8D432E388A2F8DC322389FB
:10532000A2F8DE32002382F8E4320D23D373D0E7F3
:10533000C3EB431003EB800303EB83035B009BB2DF
:10534000E2E740F2E241E4E70125C2E708B503687D
:105350009A7B1AB1A2215620EBF76CF80D229A73B2
:1053600008BDF8B50D6804460F46D5F8440295F817
:105370002911FEF7D9FF6FF45062B5F83E3282185A
:105380002071000A92B26071062A8BBF40F2E2429D
:105390006422002601268CBFB3FBF2F3B3FBF2F3C9
:1053A0006370B5F84832A3711B0AE371B5F84A324D
:1053B00023721B0A6372386890F89F303BB905F579
:1053C0000F7305F51072D5F84412FFF7E8FEB5F833
:1053D0003C32A3721B0AE372D5F8403246B1642214
:1053E0000C20B3FBF2F3A370C3F30723E370F8BD03
:1053F00040F2E242F4E70B46842203F8022BD0F895
:105400000920C1F80220D0F80D205A6070470B46E1
:10541000852203F8022BD0F80920C1F80220B0F849
:105420000D209A80704710B504460068837B1A2BC4
:1054300012D100F1800200F51671052300F51A70F3
:10544000FCF70CFC2368012200200021DA741D22E5
:10545000C3E91C019A7310BD0220FCE703689A7B24
:10546000142A10D1D1F80120C3F86022D1F8052008
:10547000C3F8642203680020D1F80920C3F89420FF
:105480001A229A7370470220704703689A7B102A89
:1054900005BF002013220220D87408BF9A737047FA
:1054A00008B503689A7B132A04D040F277111F20B5
:1054B000EAF7C0FF012283F8522012229A7308BD36
:1054C00038B503680546DC7B34B1113C0F2C8CBF2A
:1054D00001240824204638BD1A7D002AFAD0D3F8CA
:1054E000A4302BB9FFF7A5FD2B681122DA73F1E781
:1054F0000C220A21BDE83840FFF7C1BD08B503689A
:10550000DA7B162A04D040F253211F20EAF792FFDB
:10551000012283F851201822DA7308BD0368DA7B70
:10552000122A05BF132200200220DA737047036895
:1055300010B5DB7B04461C2B06D1FFF78CFD2368DE
:1055400020220020DA7310BD0220FCE708B50368B2
:10555000DA7B112A04D040F27E211F20EAF76AFF8D
:10556000012283F851201222DA7308BD08B50368BE
:10557000DA7B182A04D040F28A211F20EAF75AFF6A
:105580001C22DA7308BD08B503689A7B1D2A04D073
:1055900040F2FE211F20EAF74DFF1F229A7308BD3B
:1055A00008B503689A7B22B14FF441711F20EAF7D6
:1055B00041FF012283F8512010229A7308BD08B5DB
:1055C00003689A7B3AB193F8522022B940F20B312A
:1055D0001F20EAF72FFF012283F8512014229A732B
:1055E000002283F8B82108BD3E230B700C234B70BA
:1055F00004238B70D0F80930C1F80330D0F80D3097
:10560000C1F80730B0F81130A1F80B30C37C4B73F0
:10561000704708B503689A7B1AB1CF211C20EAF7BE
:1056200009FF04229A7308BD08B5036893F8A820FF
:1056300032B9DA73A3F84E20BDE80840FFF70BBD7E
:105640001A68D10703D4DD211C20EAF7F3FE22F00B
:1056500001021A60F0E787230B7030F8A63C4B80FC
:105660007047036893F8A8109A7B59B9052A08BFB8
:1056700000224FF0000002BF83F83E2083F84A204A
:105680009A7370470F2AF2E738B5046894F8A85067
:1056900045B9E37B4BB9FFF7CCFC45B90223E37373
:1056A000002038BD23685B07F5D50120F9E72368A2
:1056B00043F004032360F3E7036893F8A8201AB1CA
:1056C0001A6822F004021A60FFF7C5BC08B5036827
:1056D0009A7B1AB172214B20EAF7ACFE93F8A8200E
:1056E000002A14BF0F2205229A7308BD10B5D0E915
:1056F0000D42A24206D30B8D121BC98E05334B43BC
:10570000934202D3012380F83E3010BD0C230B706E
:1057100008234B7000238B70B0F85630A1F803308B
:10572000437A4B714389CB8083890B81704710B5D5
:10573000046894F853309A070CD4A37B1BB17721EB
:105740004020EAF777FE0122A4F84630A27384F8DD
:105750004A2010BD94F8A8303BB9E37B0BB9FFF7A2
:105760007AFC002384F83E31F3E723689B07F8D5E1
:10577000FFF771FC236823F002032360F1E710B503
:105780000B7901284C790A6843EA0421104608BFC6
:1057900041F4803110BD07B5FFF7F1FF0DF10702AD
:1057A000F3F7B8FA03B05DF804FB90F838300BB9A2
:1057B0000020704790F83830012BF9D090F838006D
:1057C000073818BF0120704790F83830012BDAB243
:1057D00001D0FFF7EABF1046704730B585B01546D7
:1057E000089BC01A099B61EB0304002C214602DAD6
:1057F000404264EB440103AB2A46009302ABFCF742
:1058000023FB002C039801DA00B1281A05B030BD43
:10581000002307B501A80193F9F732FD019810F0B4
:10582000030018BF012003B05DF804FB10B5FFF7BB
:10583000EFFF002814BF14240024FCF70BFD4042A6
:1058400000F01400204410BD38B50546F9F7F6F90C
:1058500000F55F434FF47A72033D4133B3FBF2F43A
:10586000FFF7E4FF012D00F1FC038CBF002028208E
:105870002344184438BD10B5044690F87900FFF76A
:10588000E3FF012201462046BDE81040FFF722BB9E
:10589000002313B51A464373A0F8883219460093C3
:1058A0000446F3F777FC20B140F2E7113020EAF725
:1058B000C1FD0123C4F81002C4F808026373A4F800
:1058C0002602A4F8240284F82902E388A4F88A02B4
:1058D000013BE38002B010BDF8B50D460023D0F8BF
:1058E0001011044680F81431D0E9506781F8E521A1
:1058F00080F85031D0F81001FEF7C6FDD4F8100141
:10590000C0E99C67C0F88C52C0E9A067FFF7C0FFF0
:10591000F8F79EFDBDE8F840FBF702BAD0F8100199
:10592000704738B5044690F850319BB1FF2380F89A
:105930005831012100F0D0FB94F8503153B104F1FB
:10594000E8052846FAF78CF92846FAF79DF900236E
:1059500084F85031002038BD08B590F8582142B97C
:1059600090F8142142B1D0E94631994202D9F5F7B5
:1059700009FA0022104608BD0122FBE710B50446D3
:10598000FFF754FF00F5E571226A236C9A4228BFA5
:105990001A461046FFF7A7FAB0F5296F28BF4FF453
:1059A000296080B210BD012A70B506460D46144626
:1059B0000BD0022A0ED08AB9F8F762FA22460146C5
:1059C0002846BDE87040FFF787BFF8F759FAC6F8D8
:1059D0008C0270BD0122D0F88C12F1E740F2C37145
:1059E0003020EAF727FD70B5044621B1012978D0AF
:1059F00040F2D37172E000F018FA94F85131054684
:105A00000E46DBB150EA010318D0D4E94832D4E99C
:105A10005001C01A334661EB02012A46FCF720FA16
:105A200005FB01F300FB0633A5FB00021344D4E998
:105A30004821121843EB0103C4E94823E08C30B13C
:105A4000F2F76AFBE38CB0FBF3F202FB1300D4E93C
:105A50004832ED184FF0000346EB02062D1840F2D5
:105A6000024284F8303146F1000684F85131A4F83E
:105A70003821C4E94856C4E9505694F8583103F027
:105A8000FF01DBB96FF00043D4E952029A4208BF2C
:105A9000B0F1FF3F18D02046D4E9505600F09FF9EE
:105AA000F630D4E952325B1B62EB06021B1A62F13C
:105AB0000002002A08DA2046F5F764F9F8F7C8FC76
:105AC000BDE87040FBF72CB904F5987104F1E800CB
:105AD000FBF744F90028F1D14FF4E0613020EAF7F8
:105AE000A9FC002380F81431E8E790F85001003851
:105AF00018BF012070470B46812203F8032BB0F832
:105B00000920A1F80320C27A9A7070470B468C22B4
:105B100003F8032BD0F80920C1F80320D0F80D209A
:105B20005A6070478B88F7B513F0180506460C4687
:105B30001FD1086820B940F2EA312D20EAF77AFC3B
:105B400000F056FB217CF4F79FF9677CA38801469F
:105B50003A46304600932B46F4F7B4F9CC30D4E9FA
:105B60000223824273F100032CBF0120002003B006
:105B7000F0BD0120FBE738B588220B460C4603F840
:105B8000032B00F10902293052F8041B824243F82A
:105B9000041BF9D1127802211A700123A588A37180
:105BA0002846EBF741F858B1E3784BB1022128467B
:105BB000EBF750F820B140F233212D20EAF73AFC00
:105BC00038BD70B504460D46173019461646FEF727
:105BD0009CFC84F8205184F82151FF2384F8223161
:105BE000E91E04F1E80001298CBF00210121FFF723
:105BF00090F8314604F1A800F1F7FAFF94F82A3141
:105C0000002B14BF4D239623A4F8E230A4F8E03013
:105C10000023A4F8E43070BD70B50D46044691F839
:105C200029111646D5F8C800FEF77EFBB5F8D0302E
:105C3000A4F8AC0004F1A002A4F8AE30B5F8D2305C
:105C4000A4F8B03095F82B3184F8B230237F73B3C9
:105C500094F86830012B2AD194F86E3003F0C00319
:105C6000402B24D1D4F86930C4F8A030B4F86D309A
:105C70009380082E236A04F1A60193F8AC2003F167
:105C8000AD0084F8992004F19A02D3F8AD3019D010
:105C9000C4F8A630838830468B8004F19901F1F76F
:105CA00035FE40B940F6E2312D20EAF7C3FB002370
:105CB000C4F8A030DCE794F8993043F0020384F88C
:105CC000993070BDC4F89A30838893800023C4F85B
:105CD000A6308B80F5E70B468B2210B503F8032B1B
:105CE000D0F80920C1F80320427B1A71CB78A3B108
:105CF00030F8B43C1B0710D4B1F80540022120460F
:105D0000EAF792FF48B102212046EAF7A3FF20B14B
:105D100040F276212D20EAF78DFB10BD0121F4F72A
:105D200031BDFFF7FBBF08B590F894300BB10120EF
:105D300008BD90F8CC30002BF9D190F8BE3003F0BC
:105D4000FF00002BF4D0F1F715F980F00100C0B28C
:105D5000EEE730B54FF4B07285B00D460021044631
:105D6000FCF72EF9FF2323701323638042F2107394
:105D7000E384EBF765F800220146E0646846EBF740
:105D8000A5F800220121E06CFCF70FFF0422E16C72
:105D90006846EBF79BF80022E06C1146FCF705FF24
:105DA00004F13000A57400F0D3F902A8F1F764FF04
:105DB00020B94FF449712D20EAF73CFB02A904F108
:105DC0003600FEF7A2FB05B030BDFF23C86C0B7098
:105DD000FCF7B8BE0078FF3818BF01207047F7B550
:105DE000044630300E4600F003FA61880746CA06C2
:105DF00005D52822F5F704F8933003B0F0BD8B07E2
:105E0000E06C0FD5FCF76AFF217905463846F4F7B8
:105E10003BF8638801462846009333466279F4F7DD
:105E200051F8E9E7FCF74AFFEEE7D0E902017047D5
:105E3000C07C003818BF012070472DE9F04F07469D
:105E40009DB00C46054610AE0DF120080FCF0FC6D1
:105E50000FCF0FC697E80F0086E80F0040466E7917
:105E600000F076F9A37A277D039323787A1E0493B2
:105E7000022A637803F07F0AD14600F28380D906B4
:105E800003D4A67D731E022B7CD8637E03F0FD0332
:105E9000012B02D1032F08BF0427A37E03F0FD03CB
:105EA000012B02D1032E08BF0426617A404600F080
:105EB00056F9237D227F4046022B02F101020CBFDE
:105EC000617D0121D2B204BF0131C9B200F049F9AC
:105ED0001AF0080F6CD1404600F08AF963788346C7
:105EE000DA0654D4EAF7DAFF824639465846F3F721
:105EF000CBFF0123014632465046CDF80090F3F720
:105F0000E1FF40F27122217900F29A20E378B0FBA0
:105F1000F2F043EA01236179504343EA01435343DA
:105F2000984239D84FF0000B94F818A00793A37C3F
:105F3000E86C05930AF1FF33D3F1000A4AEB030A38
:105F4000FCF7BCFE0690E86CFCF7C8FE0699079BC0
:105F5000814238BF014688B268B308A90C93069302
:105F60000A910AA9ADF82C90CDF834B08DF83870AC
:105F70008DF83960FFF7D6FD069BE0B945201DB0CE
:105F8000BDE8F08F40F212310620EAF753FA2822DA
:105F90004946F4F735FFB4E7E179A37943EA0123F1
:105FA000217A43EA01435343834228BF0346B9E7BA
:105FB00000239B46B8E7CDE9123B059B049A8DF878
:105FC00053308DF8447010AF039B8DF845602E461A
:105FD0008DF850A08DF854308DF84020ADF84290E7
:105FE0000FCF0FC60FCF0FC697E80F0086E80F0040
:105FF00098E8030028630020A986E37A03F0FD03F4
:10600000003B18BF012385F86F30E3682B67238AB4
:10601000A5F8743095F84630E27D62F3071385F8F1
:106020004630ACE74FF40043A0F8483043881D2BBE
:1060300008BF00214174704790F9120070474088F2
:1060400000F0010070478078C0F34000704780780E
:10605000C0F3C000704710B54488C06CE30654BF5D
:10606000C4F340040024FCF720FE84F00104204324
:10607000C0B210BD4079C31E012B05D8B1F81E3146
:10608000012B14BF03200420704710B50446F2F71B
:1060900043F8C0F30B00A042F9D010BD10B5044680
:1060A000F4F7AAFD00212046F4F76CFB2046BDE87A
:1060B0001040F4F78FB890F86830016281F8B3307F
:1060C000D0F86930C1F8B430B0F86D30A1F8B8300C
:1060D00070477047F4F75AB980F88810704780F815
:1060E000241080F8252070478278034612F00100C2
:1060F00002D0D978C90710D5900702D5D978890779
:106100000AD512F0040008D0D878C0F3800080F0DF
:1061100001008000C0B2704702207047C0F3400207
:10612000C0F3800300F001001344184470470228B4
:1061300008B507D0042807D0012807D039212E2020
:10614000EAF778F9262008BD2720FCE72520FAE7A2
:106150000023C0F802300123437003707047817040
:10616000704710B54270144601708078FFF7D6FF73
:10617000484304FB00F2FE2A03DD5C212E20EAF7EF
:1061800059F910BD0023C37043710371704710B5F6
:106190000446FFF7A9FF637962780133DBB29A42C4
:1061A00063710CD1E3780022A17803436271DBB202
:1061B0009942E37001BF2379E27001332371BDE896
:1061C0001040FFF7B4BF38B504468078FFF7A6FF4C
:1061D0000146E078FFF7A2FF2378227965789B1AC1
:1061E0006B4359436379C91A00FB1510C0B238BD1F
:1061F000014608B58078FFF791FF4A780B78534342
:106200005843C0B208BD40F2EF20704740F25A3305
:106210005843704708B50368DA7B182A04D040F267
:106220007E513120EAF706F91E22DA7308BD08B55F
:1062300090F89E30FE2B04D040F66F113120EAF723
:10624000F9F8002380F89E1080F89F3012B9A0F86A
:106250004E2008BDA0F84630012380F84A30F8E708
:1062600008B50368DA7B352A05D10022DA73BDE868
:106270000840FEF7F0BE182A02D11E22DA7308BDCC
:1062800040F293513120EAF7D5F8037D63B9C37B1F
:10629000A3F11002032A07D990F8520028B1202B4D
:1062A0008CBF00200120704701207047037D63B937
:1062B000837BA3F11002032A07D990F8520028B17A
:1062C000202B8CBF002001207047012070470368FD
:1062D00010B59A7B93F8A010092A08D193F8992059
:1062E0008A4204D100229A7383F84A2010BD1A68AA
:1062F00012F0080406D022F00802BDE810401A602F
:10630000FEF7A9BEFF2904D1372283F8C4429A734D
:10631000ECE74FF4AF613120EAF78CF838B50E386E
:10632000136814460D469A7B09283ED8DFE800F032
:10633000053D3D3D0F3D183D3D27042A05D1204632
:10634000FEF76FFE2046F2F711FC002038BD0F2A41
:10635000FBD1002220461146BDE83840FFF781B945
:10636000212AF2D12046FEF75CFE002DEDD02268F6
:1063700092F8623023F0200382F86230E5E7DA7B9E
:10638000272AE2D100252046DD73FEF764FE23684C
:1063900093F83831012B03D129462046F0F7DAFE75
:1063A0002368002283F83821CFE740F262213120B0
:1063B000EAF740F8024600684978837B212B15D024
:1063C0000CD8042B14D00F2B14D0C07B272815D049
:1063D000332B0CBF2620FE20F4F7CCBE2B2B03D092
:1063E0002D2B09D0252BF0D11620F5E71420F3E74B
:1063F0000E20F1E71220EFE72320EDE71720EBE76F
:10640000024600680B4690F8621041F0040180F8E3
:10641000621099785878F4F7ADBE38B50C46054649
:10642000D1E93001EAF7B0FC637B3BB104F50C74B1
:106430002046F9F715FC2046F9F726FC0D212846E1
:10644000EAF708FC0E212846EAF704FC102128464A
:10645000EAF700FC0F212846EAF7FCFB1121284649
:10646000EAF7F8FB28461221BDE83840EAF7F2BB0C
:106470000022C281827490F84C3013B10221F3F7EC
:1064800045BC0321FBE738B504460846E37B162BE1
:1064900009D0A3F118025342534194F8C02222B10B
:1064A0000C25284638BD0123F7E7002BF8D094F8D7
:1064B000F03203F0FF05002BF2D190B194F8FE31D9
:1064C00023B940F66C313120E9F7B4FF052304F11C
:1064D000800204F5F771FBF7C1FB012384F8C03299
:1064E000DFE70223FAE7F1F759BF10B5044690F849
:1064F000791090F87800F5F773FD002201462046E8
:10650000BDE81040FEF7E6BCF5F76ABEC0F8E01142
:10651000704710B50446FFF789F900F28F11226A1F
:10652000236C9A4228BF1A461046FEF7DCFCB0F5F1
:10653000296F28BF4FF4296080B210BD08B520B97B
:1065400040F277113520E9F775FF437B03F0FF0137
:1065500013B14FF4BC71F5E7202200F50070BDE8DF
:106560000840FBF72DBD10B5044686B020B94FF4A6
:10657000BF713520E9F75EFF427B02F0FF0312B1E5
:1065800040F27F11F5E7014601226846F5F746FD26
:10659000694604F50070F9F72FFB10B940F283113A
:1065A000E7E706B010BD036893F8A02022B10022EF
:1065B0009A7383F84A207047DA73FEF74CBD03687C
:1065C0009A7B032A04D1002283F84A209A737047E9
:1065D000FEF741BDA1F11203012B0AD910B9192907
:1065E00002D87047122906D91F298CBF002001202C
:1065F0007047012070470020704738B51428136891
:106600000D4614469B7B0CD016281AD0122835D183
:10661000052B14D1002220461146BDE83840FFF773
:1066200020B8213B022B0AD81046FEF7FAFC35B100
:10663000226892F8623023F0200382F86230002052
:1066400038BD242BFBD11046FEF7EBFC6DB1226860
:1066500092F8633023F0010382F86330226892F8E5
:10666000633023F0080382F863301A212046F0F7E4
:1066700071FD2368002283F83821E0E740F2AE4143
:106680003620E9F7D7FE0368024649789B7BA3F1E1
:10669000100010280BD92D2B0BD0212B0BD0052B44
:1066A0000BD0242B0CBF1620FE20F6F799B8032040
:1066B000FBE72320F9E71420F7E71220F5E702466D
:1066C00000680B4690F8621041F0040180F86210F7
:1066D00099785878F6F784B870B50C460546D1E934
:1066E0003001EAF751FB637B3BB104F5007630469D
:1066F000F9F7B6FA3046F9F7C7FA04F5EC74204614
:10670000F2F7DEFB10B12046F2F7E8FB0D21284638
:10671000EAF7A0FA0E212846EAF79CFA102128464B
:10672000EAF798FA0F212846EAF794FA1121284649
:10673000EAF790FA28461221BDE87040EAF78ABAD3
:1067400000207047F1F752BDF1F710BE70B5B0F8F8
:10675000DE600146827CB600B0F840300ABBC3F16F
:1067600006039D1B91F83E3013B18B7B052B1DD189
:106770000846FFF79BFDD8B1D1E90D34E41AA41BFC
:10678000AC42B1F8AA00A8BF2C4600F043F820B1F3
:10679000C389043B9C42B8BF1C4624EAE47080B223
:1067A00070BDB0F84250ED1AAD1BDBE70024E7E7FF
:1067B0002C46E5E770B50D4604210646EAF734FAA3
:1067C000044648B906213046EAF72EFA20B115B141
:1067D00090F8E53003B90446204670BD1D2310B57E
:1067E00004460370F0F734FC6070022010BD1E23D5
:1067F00010B504460370F0F72BFC6070022010BD4A
:1068000001234380038000238380C3804FF44863C7
:10681000038170470E21EAF707BA73B501A905464F
:10682000FDF796FD044618B121215420E9F702FE38
:106830002846019EFFF7EEFF30B10123A6F8DE30B7
:10684000848144810482C48102B070BD3C230380F2
:106850004FF4FA4343800123C380838000230381E4
:1068600043814FF448638381704700F038B8801A41
:1068700000F3070038B50D46144659B240B2F8F798
:10688000B3FD0023287020446B7040B238BD002354
:10689000036070477047002070474FF0FF3070472B
:1068A0004FF0FF30704770474FF0FF3070470020C7
:1068B0007047002070470023037070479DF8003038
:1068C0000022FFF7D4BF4FF0FF3070470020704721
:1068D0004FF0FF3070474FF0FF3070477047704700
:1068E0000020F8F7B7BD0020F8F734BE0020F8F715
:1068F0005FBE0020F8F7AEBD704770B50024FAF710
:10690000D9FF05462646E0B2854200D870BDFAF7A9
:10691000D7FF0134068580F82A60F4E7F8B50379DB
:1069200004461BB11B219D20FBF750F846790171ED
:1069300026B901234371217909B96171F8BD27682E
:1069400020462671B84702280546F4D10321204687
:10695000B84708B12F21E6E7236829462046984723
:106960000028E8D03021DEE70346006800B9704710
:106970008842F9D102681A607047FBF7FBB970478B
:1069800020BF704700280CBF6FF015000020704733
:1069900000207047072303700020704700207047D5
:1069A0000020704710F8012B11F8013B012A28BF85
:1069B0009A42F7D0D01A704713B5CDE900010146CD
:1069C0000D4809F011FA0022002369460B480AF02D
:1069D0000BFD044668B1E323094A0A490A4809F055
:1069E00054F92146094809F050F9E321044809F017
:1069F00043F902B010BD00BFF85D00210C02002178
:106A0000FF1E0201371F0201401F02015D1F02012C
:106A1000014806F023BB00BF3802002110B54FF03B
:106A2000FF324FF0FF33064806F08CFA044602F0BE
:106A30002FFA10B1204601F0A7FF07F075FDEEE731
:106A40005C0200217FB54FF0FF324FF0FF333A4830
:106A500002A905F019FF044668B1F023374A384906
:106A6000384809F012F92146374809F00EF9F021AB
:106A7000324809F001F9029E039D334613F8010BD9
:106A8000691E022803912BD005283CD001281CD177
:106A9000022919D9F278043D954215D10322CDE996
:106AA00000324FF0FF324FF0FF3302F0BBF90446E3
:106AB000311D228A638A66699B1AE268921B9B1ABF
:106AC0009D4232D901F060FF002402991F4809F06D
:106AD000A5F9002CB7D021461D480AF0A7FCB2E763
:106AE0000329F1D9B6F80320053D9542ECD10420E5
:106AF0004FF0FF32CDE900304FF0FF3302F092F952
:106B0000711D0446D5E70329DED9B6F80320053DFB
:106B1000C2F30D029542D7D104221020CDE90032F4
:106B20004FF0FF324FF0FF33E8E72A4604F10C0044
:106B300009F0D6FBC9E700BF0C020021FF1E0201CD
:106B4000371F0201401F0201811F0201F85D002171
:106B50005C02002108B50A4802F0A6F970B909489C
:106B600009F007F9002802DA10F1780F06D1BDE824
:106B70000840054A0549034809F009B908BD00BFA6
:106B800048020021B0180201B0000021F85D002188
:106B900010B54FF0FF324FF0FF330C4806F0DAFA31
:106BA0004FF0FF324FF0FF33094806F0CBF90446AF
:106BB000228AE168074809F0FEF8002803DB204636
:106BC00001F0E2FEECE707F0AFFCF1E7380200214C
:106BD00048020021F85D0021B2F5802F2DE9F8432D
:106BE0000ED33E494FF437733D4A3E4809F04DF805
:106BF0003D4809F04AF84FF43771394809F03CF83C
:106C0000042A0CD8394940F2E323354A354809F0C3
:106C10003CF8374809F039F840F2E321EDE7043A4F
:106C2000CD1D114425F0070521F00706A6EB050848
:106C3000B8F1170F4FEAD8070CD82E494FF43B7321
:106C4000274A284809F021F8294809F01EF84FF48E
:106C50003B71D2E7B7FA87F44FF00009C4F1200284
:106C6000C4F12404A4000734E408631CBB4205609B
:106C7000AF60C5F80C900CD91F4940F20233184A96
:106C8000184809F002F81A4808F0FFFF40F20231F4
:106C9000B3E74946920005F110000AF0E5FCA2B204
:106CA000530043F001036B803B1B9BB205EBC40117
:106CB0005800A5F80090488025F83420A6F80290E6
:106CC00025F8083005EBC7035A88214642F0010237
:106CD0005A802846BDE8F84308F05DBE282002012E
:106CE000CD1F0201401F02013E200201552002017A
:106CF000762002018F200201B8200201014B1B689F
:106D0000184700BFCC00002130B5044685B00D46C1
:106D10001022002168460AF0A7FC02238DF80230F9
:106D2000044B2A4621466846019308F097FB05B0BC
:106D300030BD00BFFD6C010180B505460E4617460B
:106D4000984607F093FD034601F044FADFF83C90C3
:106D5000044649F80030424639463046A8470C4BB5
:106D60001B7873B90B4940F246330B4A0B4808F0C5
:106D70008CFF0B4808F089FF40F24631064808F0C6
:106D80007BFF54F8090001F0C1F900BF08000000C2
:106D90000A6100210E210201E3200201401F0201CD
:106DA000212102012DE9F84F0546AB8B0846190752
:106DB000904616D501280CBF43F0100343F0200382
:106DC000AB831435284607F0DDFF002840F0B18181
:106DD000AE494FF49973AE4AAE4808F056FF2946C3
:106DE0009DE0022803F0070140F07D81284608F06D
:106DF00059FF052800F2FA8001A353F820F000BFE4
:106E0000C36D0101E7700101ED6F0101916E010198
:106E10002B6F01018B6F010102F00702531F012B41
:106E20001AD80023062A2E68A4B2C5E9003309D176
:106E3000334603E0EA8B0132EA831B68002BF9D169
:106E400044F002042846AC8308F02CFF002800F030
:106E50005A8144F0200455E1042A0DD1A4B22846F9
:106E6000AC8308F01FFF0646002800F04C8144F078
:106E700020040026AC8346E1874940F21B13874A71
:106E8000844808F002FF40F21B11844808F0F4FE29
:106E900049B183494FF4AB73804A7E4808F0F5FE50
:106EA0004FF4AB71F1E72B684BB97E4940F25713B1
:106EB0007A4A784808F0E9FE40F25711E5E72B6975
:106EC0001F684FB978494FF4AD73744A714808F0A0
:106ED000DCFE4FF4AD71D8E70E468A464FF0060946
:106EE000AC8B24F0070444F00604A4B2AC83AB6876
:106EF000002B00F00F814FF0010B44F00804AC832D
:106F000005F11404204607F03DFF002878D15F49C1
:106F10004FF499735E4A5F4808F0B7FE2146634814
:106F200008F0B3FE4FF499718EE0022909D0604950
:106F300040F25D13594A574808F0A7FE40F25D1130
:106F4000A3E7EE8B4EB15B494FF4AF73534A514800
:106F500008F09BFE4FF4AF7197E72B695F684FB95C
:106F6000514940F261134D4A4A4808F08EFE40F202
:106F700061118AE7AC8BB24624F0070444F00404A4
:106F8000A4B24FF00409AC83B1E7012909D04A4902
:106F90004FF4B273414A3F4808F077FE4FF4B271A4
:106FA00073E72B684BB93F4940F265133B4A3948B8
:106FB00008F06BFE40F2651167E72B699F684FB9D7
:106FC00039494FF4B473354A324808F05EFE4FF445
:106FD000B4715AE70026AC8BB24624F0070444F0A3
:106FE0000504A4B24FF00509AC8380E72A4940F2BA
:106FF0006B132A4A274808F048FE40F26B1144E719
:1070000088F31188BFF36F8FBBF1000F1ED1002EE4
:1070100033D117B128462949B847EFF311884023E7
:1070200083F31288BFF36F8F204607F09DFE002880
:107030004AD18423164A2249164808F026FE2146E2
:10704000204808F022FE842111481FE7A968002982
:10705000DDD0D1F800800029D9D053464A462846D1
:10706000D1F804B0D847B8F1000F04D0D8F80030F8
:1070700041469846EFE74346FAE7314653464A46CB
:107080002846366808F03AFEC1E700BF1622020122
:10709000E9210201401F02015F3302014321020185
:1070A0006821020174210201972102012D220201AF
:1070B000AE210201C4210201D3210201417101016B
:1070C0004222020157220201204607F071FEAC8BDA
:1070D00024F00804A4B2AC83E20621D524F0100306
:1070E000AB8304F00701D5F818A0AA8BBAF1000F02
:1070F00022F00704BFF690AE00232E68C5E90033E6
:1071000044F00104AC8304F0070989454FF00007FF
:107110007FF4EDAE0EB9002FDED04FF0000BECE6A1
:10712000A3067FF54EAE24F02003AB8304F00701E5
:107130005CE688F31188BFF36F8FBDE8F88F00BF5E
:10714000F8B504460D4600F11406EFF3118740230D
:1071500083F31288BFF36F8F304607F005FE68B9DE
:1071600084230C4A0C490D4808F08FFD31460C4829
:1071700008F08BFD8421074808F07EFD304607F0BB
:1071800017FEA5613A462046BDE8F8400121FFF709
:1071900009BE00BFE921020142220201401F020193
:1071A000572202012DE9F04704460E4608F096FDED
:1071B000051E66DB04F11409EFF3118A402383F303
:1071C0001288BFF36F8F484607F0CEFD804660B946
:1071D0008423374A3749384808F057FD494637482D
:1071E00008F053FD8421324843E0484607F0E0FDB3
:1071F0004FF6FF72E38BA78B934207F0070743D04C
:10720000062F2CD8DFE807F01F43092B1F041F00AF
:107210006FF085054FF0000802E002250133E3839B
:10722000484607F0AFFD002834D14FF49973204A47
:107230002349214808F029FD4946224808F025FD48
:107240004FF49971CFE700233360636823B9C4E931
:10725000006687B13D46DDE71E606660F9E71A49C2
:1072600015484FF4E473194A08F00FFD4FF4E47128
:10727000164808F001FD524602212046FFF792FD14
:107280003D462846BDE8F0876FF00A05C2E76FF07B
:107290000405BFE78AF31188BFF36F8FB8F1000FC1
:1072A000EFD000233A463146204608F027FDE8E7B4
:1072B000E921020142220201401F0201572202017C
:1072C000162202012D220201D321020143210201D3
:1072D00008B54268034602F00302032A81600AD01F
:1072E0006AB9084908484523084A08F0CEFC4521F8
:1072F000064808F0C1FC006800225A6008BD002062
:10730000FAE700BF5F330201401F02016D22020154
:1073100030B50C460E4985B00291D0F8CC11054627
:10732000CDE9003100F1F0014FF0FF33204604F0C9
:107330007BFB50B9012384F86C30D5F8C83123B1F8
:10734000204605B0BDE83040184705B030BD00BF4D
:1073500057FF01012DE9F04F012381460569466879
:1073600089B005F55B77D7E8EF2F002A03D1C7E88E
:10737000E13F0029F7D10CBF1A46002240F0B1804E
:10738000B368B16A05F5F4781C1F104608F033FEA7
:1073900084426FD8013A00F09E80B2FA82F24FF038
:1073A0000044D44072682046073222F00302C5F838
:1073B0003422B16A08F01FFEC5F83802B36A4046AD
:1073C0006343033323F0030302EB4302230103EB84
:1073D0004403093323F0030303EBC403C5F82C2251
:1073E0001A440832C5F828227368C5F83042C5F837
:1073F00024323D4BC5E9AB63316800F029FA0446FD
:10740000002835D1D9F810B0D9F804A0D9F8003047
:107410000BF53279CDE9060005934846DAE90734E1
:10742000012B08BF103C06F0EDF9DAF824002F49D3
:1074300005AB01EB80214FF4806248460093234660
:1074400006F0FAF92A490BF52E7006F06DF8DAE924
:10745000050183685C684CB15B46264AA047044638
:1074600030B9DAE9050183681B692BB96FF057045D
:10747000002129E0013288E70122984704460028CC
:10748000F6D11D4B2846C5F8C8311C4BC5F8CC3188
:107490001B4B0393D5F838320293D5F83432CDE93B
:1074A000008305F50F73B26AD5F8681300F098F9F8
:1074B00004460028DCD105F1F00004F05BFB002855
:1074C000C5F870030ADB0221384608F07CFD20462F
:1074D00009B0BDE8F08F6FF00B04C9E76FF0150439
:1074E000C6E76FF07704F2E7B1FF010110690021F0
:1074F00097FF01018BFF010181750101CD000201A0
:10750000057501012DE9F04190460C4699B30B78C1
:107510008BB3D0F8BC50A5F5DE7614354FF0FF32B2
:107520004FF0FF33284605F097FA2146304608F021
:1075300014FD0746A0B93046104908F00EFD064676
:1075400020B92846BDE8F04108F03BBD1F22214686
:1075500048300AF0A3F886F86770C6F86880F0E74C
:10756000284608F02EFD4346224639463046BDE8FF
:10757000F041FFF7CDBEBDE8F08100BFED34020160
:1075800013B5044640B100230122CDE90032074B78
:10759000D0E9091204F01CFA236F1B6823B1606F55
:1075A00002B0BDE81040184702B010BDED34020132
:1075B00013B504460846216901F55B71D1E8AF1F98
:1075C000022910D193B1A0B10121CDE900311346B8
:1075D000D0E9091204F0FCF9074B984208BF6FF09C
:1075E0000B0002B010BD6FF00F00FAE76FF04C0017
:1075F000F7E76FF00100F4E72EF8FFFF2DE9F843FD
:1076000089461546066906F55B73D3E8AF3F022B42
:1076100066D11368EBB11B78DBB1D6F86873002F25
:107620003FD106F5E8784FF0FF324FF0FF33404688
:1076300005F012FA3046296808F08FFC044660B95C
:107640003046294908F089FC044638B9404608F01C
:10765000B8FC6FF01500BDE8F883012705F10803B9
:107660002367AB6964646367002384F86C3067B197
:10767000404608F0A6FC21463046A36E2A68FFF774
:1076800047FE0020C9F80040E5E71F22296804F101
:1076900048000AF003F8404684F8677008F091FC4F
:1076A000EFE73046104908F058FC04460028D0D0D7
:1076B000002705F108030367AB6980F86C70436726
:1076C00040641F222968483009F0E8FF2246012162
:1076D000304684F8677000F065F80028D1D0B8E72C
:1076E0006FF00F00B7E700BFED34020110B50C4694
:1076F000006900F55B73D3E8AF3F022B0FD189B16E
:107700000A4900F52E7005F0EFFF204609F07FFCD6
:1077100078220021204609F0A7FF002010BD6FF05D
:107720000F00FBE76FF00100F8E700BF005E0021EB
:107730002DE9F04F05460E4690460027D0F8BCA034
:1077400085B0AAF5BA7421463046FFF72BF9E0B9A7
:10775000134BA4F1480B0293DAF810303246CDE90E
:10776000008329464FF0FF335846AAF5DE7904F02E
:107770005BF988B97823012203FB079383F86C2017
:10778000DAF80C300BB1584698477B1C022B4FF0AF
:10779000010704F17804D6D105B0BDE8F08F00BF31
:1077A000FB0002011FB5144690B18AB1012912D124
:1077B0000A4B00F1F0010293D0F8CC31483201932A
:1077C0004FF0FF332046009304F02EF904B010BDB3
:1077D0006FF01500FAE70020F8E700BFFB00020198
:1077E0002DE9F04387B00E46DDE90E811446DDE950
:1077F00010251F4630B329B3DFF850C000F1F0095F
:10780000002D08BF65469EB9CDE9034400F5DE743E
:107810002046059609F08EFD03ABCDE900432A46CC
:107820003B464146484604F065FB07B0BDE8F0839F
:10783000002241460E9248462A4607B0BDE8F04372
:1078400004F0ACBC6FF01500EFE700BF3177010129
:10785000F0B5044687B02B4A04AB0E4692E803000D
:1078600083E80300002C49D0184603F0B5FF054615
:10787000B0B94FF0FF33E16C04F15407A163CDE9D7
:10788000010000933846236D04F1380209F080F8B6
:10789000A06C08F061FCC4F8BC0020B96FF00B05C7
:1078A000284607B0F0BDA06C08F056FCC4F8C00034
:1078B0000028F3D0236CD4F8BC10C4F89030042313
:1078C000C4F89430C4F8AC300223E3620E4BB4F831
:1078D0004820C4F88C10616C236204F18C03C4F856
:1078E000A070A4F89820C4F8B870C4F8A810A4F840
:1078F000B020C4F8A400A6612363D1E76FF015059A
:10790000CEE700BF7C1A0201941D0201014B036007
:1079100000207047C01D020108B5044808F09FF917
:10792000034808F09CF9002008BD00BF982202011E
:10793000CD22020108B50348034A0021121A08F0BB
:1079400043FC08BDF80200210C610021074808B57E
:10795000074A0849121A08F039FCBDE808400648F1
:10796000064A0749121A08F031BC00BF0000002186
:10797000F4020021883E02010000002100000021E5
:10798000883E020138B505460C4699B1D1E901237C
:107990000F48096808F063F9D4E90423E1680D4849
:1079A00008F05DF9E1690C4808F059F9A1690B4844
:1079B00008F055F9012D05D1EFF30581084810397C
:1079C00008F04DF921462846BDE8384004F02CBCAB
:1079D000FA2202012A2302015A2302016A23020128
:1079E0009923020130BFFFF7FDBF00BF2DE9F04131
:1079F00005460B4EDFF82C80324606EB0807CC1B01
:107A00002046094909F023FEA01942460021083CFE
:107A100009F02AFE2C6707F10800BDE8F08100BFDD
:107A200000000000040000007C1A020110B5204C88
:107A3000204808F014F9A36A990137D51E4808F0C8
:107A40000EF91E20A36ADA0103D51C4808F007F9D5
:107A50001F20174CA36ADB0203D5194808F0FFF872
:107A60000220A36A1C0303D5164808F0F8F8212069
:107A70000F4CA36A590303D5134808F0F0F82220ED
:107A8000A36A9A0303D5114808F0E9F82320084CAB
:107A9000A36ADB0303D50E4808F0E1F82420A36AAB
:107AA0006FEA03436FEA1343A36210BD1D20C9E7C9
:107AB00000ED00E0AD230201C6230201DA2302013A
:107AC000F5230201202402013F2402016524020162
:107AD0008024020170B5204C064620480D4608F06F
:107AE000BEF8A36AD90435D51D4808F0B8F81720A8
:107AF000A36A1A0503D51B4808F0B1F81820164CE4
:107B0000A36A9B050FD5184808F0A9F8A16BA36AD2
:107B1000180407D5154808F0A2F81EB1A36A23F48B
:107B20000043A36219200C4CA36A5A0503D51048E0
:107B300008F095F81A20A36ADB0503D50D4808F074
:107B40008EF81B20044A936A43F47F439362002318
:107B50002B7070BD1620CBE700ED00E0AC240201D5
:107B6000C3240201D5240201E924020103250201F4
:107B7000192502013525020170B5294C0646294810
:107B80000D4608F06CF8A36AD8063FD5264808F0E1
:107B900066F81120A36A190703D5244808F05FF896
:107BA00012201F4CA36A9A070FD5214808F057F8F6
:107BB000616BA36A1B0607D51E4808F050F81EB17A
:107BC000A36A23F08003A3621320154CA36ADE0787
:107BD00003D5194808F043F81420A36AD90602D443
:107BE000A36A9A0714D50E4B9B6ADB0610D513497E
:107BF00040F22D13124A134808F047F8124808F0D3
:107C000044F840F22D110E4808F036F81020C1E774
:107C1000034A936A43F0FF03936200232B7070BD05
:107C200000ED00E04E25020165250201D524020188
:107C300099250201B2250201C92502011B26020174
:107C4000E9250201401F020165260201F0B5704BD3
:107C50000446586800258BB0C0F3080385F31188EB
:107C6000BFF36F8F02F07F46B6F17F4F06D102F06F
:107C70000C06082E11D1674807F0F1FF664940F263
:107C80001B43664A664808F000F8664807F0FDFFA7
:107C900040F21B41614807F0EFFF16074CBF0C464E
:107CA0000125002CEAD00026DA1E8DF80760092A8B
:107CB00000F29F80DFE802F0059397769D9D9D9DE1
:107CC0009D9B594807F0CBFF8DF80760504EF36A33
:107CD0009A0704D5554807F0C2FF00232AE0F36A4B
:107CE000002B01DA5248F6E7F36A5B006AD5514887
:107CF00007F0B5FF7369A26943F480737361BFF342
:107D00004F8FBFF36F8F32F8023C726922F480729A
:107D10007261BFF34F8FBFF36F8F03F47F42B2F5F1
:107D20005F4F26D1DBB2022B23D12168424807F0F6
:107D300096FF23689DF80720CAB902AE04F1200718
:107D4000324620686168083403C2BC421646F7D147
:107D5000099A002D59D0C2F3080121B96FEA5222C5
:107D60006FEA42220992184602A9FFF70BFE0BB0F8
:107D7000F0BD274B9A6AD2B232B101200DF1070152
:107D8000FFF7FAFE0346D5E79A6A12F47F4F05D053
:107D900001200DF10701FFF79DFEF3E79B6AB3F5A4
:107DA000803F02D3FFF742FEECE7244940F2ED2387
:107DB0001A4A1B4807F069FF214807F066FF40F2A6
:107DC000ED2167E71D494FF43C73144A144807F04E
:107DD0005CFF1C4807F059FF4FF43C715AE7002044
:107DE0000DF10701CCE700200DF10701D3E716489C
:107DF00071E7A3F11002154B10F4F87F14491548F0
:107E000008BF194607F02BFF67E76FF30802A9E7E1
:107E100000ED00E0F726020123270201E925020117
:107E2000401F020136270201742702018C2702013C
:107E3000AE270201BD270201DD2702015F330201E7
:107E4000FA2702011E2802014E280201C92602015A
:107E5000DE26020173280201064B5A6942F0100225
:107E60005A615A6942F480625A615A6922F00802E2
:107E70005A61704700ED00E0EFF30880EFF30981ED
:107E800001B57246FFF7E2FE01BD00BF002080F39E
:107E90001488BFF36F8F002080F30A8880F30B886B
:107EA0000F4880F3088802F0F7FD00200D490860B4
:107EB000BFF34F8F00F02CF8402080F311880A4860
:107EC0004FF40061401880F30988EFF31480022119
:107ED000084380F31488BFF36F8F08F088F900001F
:107EE0001082002194ED00E010710021002318465B
:107EF0000649D1F89020C2F30722934200DB704775
:107F0000C1F89830C1F8A0000133F6E700ED00E0B9
:107F100010B572B6002484F31388FFF7E7FF2346F9
:107F20004FF0FF300C4A03F120010133102B42F8CF
:107F30002100F8D100234FF0FF30074A03F1600120
:107F40000133102B42F82100F8D162B6BFF34F8FF6
:107F5000BFF36F8F10BD00BF00E100E01EF0040F03
:107F60000CBFEFF30880EFF30980816911F8021C60
:107F70000229FFD001B5724608F02AF901BD00BF01
:107F800040B2002807DB01234109034A00F01F002B
:107F9000834042F82130704700E100E040B2002801
:107FA0000CDB01220649430900F01F008240203308
:107FB00041F82320BFF34F8FBFF36F8F704700BF8F
:107FC00000E100E0054B420953F82220012300F0B4
:107FD0001F0003FA00F01040704700BF00E100E00E
:107FE00038B5D30704460D4612D48B1C072B10D985
:107FF0006B23114A1149124807F047FE29461148E0
:108000000623224607F041FE6B210B4807F034FEA1
:10801000002360B20028ACBF00F160400A4A4FEA7A
:108020004313DBB2ABBF00F5614000F00F0080F8F6
:108030000033135438BD00BF87280201BE28020157
:10804000401F0201D928020114ED00E0044B054A4B
:1080500023F07F039360BFF34F8FBFF36F8F7047A1
:108060000000000100ED00E042F8203C009B0B49BD
:1080700042F81C3C019B21F0010142F8183C029B94
:1080800042F8081C42F8143C4FF0807342F8043C5C
:108090000023203A02654367704700BF396D010134
:1080A00000B50D4B15469860026F0C4B0E461A60DA
:1080B000036E83F30B882C4686F309880020044B5B
:1080C00098472046002100220023024C2047000050
:1080D00013020201396D010128600021205E002198
:1080E0001022014B1A61704700ED00E0054B5A6900
:1080F0009B689A421FBF044A536843F08053536001
:10810000704700BF2860002100ED00E0084B9B682D
:1081100083420BD1EFF3058343B1064B5A6842F01B
:1081200080525A605A6A22F400425A6206F0A4BB96
:108130002860002100ED00E014498A684FF030000B
:108140001044EFF3098C80E8F01F402080F3128880
:10815000BFF36F8F0E4F4FF000664A698A603E6032
:10816000106F0C4C2060506F0023536780F3118810
:1081700002F1300090E8F01F8CF3098802F1000052
:1081800004B508F03FF8BDE80440704728600021BE
:1081900004ED00E0205E0021002340210348C218C6
:1081A00001331E2B82F80013F9D1704700E100E083
:1081B00008B5EFF30583064A103B02EBC30152F802
:1081C000330049688847BDE80840FFF78FBF00BF0C
:1081D000CC1802010148006870470000205E0021B1
:1081E0001FB50121094B0A4A0A4800F0F7F800239D
:1081F000064A0393084B0121019301A8D31A029365
:1082000000F010F905B05DF804FB00BF000001218B
:1082100000000021C01D0201F80200210A7A0B684B
:1082200010B562F304031C46CB68520923F01F0308
:1082300043EA4203044A43F00103C2F89800C2F83B
:108240009C40C2F8A03010BD00ED00E010B5074B17
:10825000D3F89030C3F30723013B984202D8FFF7CD
:10826000DDFF10BD6FF01500FBE700BF00ED00E083
:108270002DE9F04F0F46144606464FF000084B4DCF
:1082800085B0B84580F28E80D6F80490B9F1000F21
:1082900035D0B9F11F0F40F2838019F01F0F7FD145
:1082A000D6F800A01AF01F0F7AD1504607F0F1FF60
:1082B000834609EB0A00013807F0EBFF83456FD1D5
:1082C0001BF1160F6CD05C456ADDC5F898B0D5F887
:1082D0009C10C5F898B0D5F8A03021F01F0143F0EC
:1082E0001F0AD6E900321A44994202F1FF391BD124
:1082F000CA4508D131465FFA8BF007F0D3FF08F189
:1083000001080C36BDE73146C5F898B0D5F89C3069
:10831000E0B263F30402C5F89C2007F0C3FF10F13C
:10832000160F3DD0441CEAE7C5F898B0D5F8A02058
:10833000013B23F01F0302F01F021343CA453146DD
:10834000E0B2C5F8A030E8D007F0ACFF10F1160F8E
:1083500026D0C5F898B0D5F89C209DF808300AF1D1
:10836000FF3A62F304038DF80830D5F8A0309DF889
:1083700008205B0863F347128DF80820D6E9003225
:108380001344009323F01F035344A3EB090301306C
:1083900023F01F036946C0B20393FFF757FFBEE700
:1083A0006FF01504204605B0BDE8F08F00ED00E049
:1083B0000522044BC3F89420BFF34F8FBFF36F8F98
:1083C000704700BF00ED00E0BFF35F8F0022024B5B
:1083D000C3F89420704700BF00ED00E038B50C4DA5
:1083E0000C462A78FFF744FF287016300FD140F270
:1083F0008913084A0849094807F047FC21460848FC
:1084000007F043FC40F28911024807F035FC38BD03
:1084100074600021192902015F330201401F02012B
:10842000482902012DE9F74F314D894606464FF0A4
:108430000008AB462F4FC84502DB03B0BDE8F08F04
:10844000D6F804A0BAF1000F4CD03168084601916B
:1084500007F01FFF019904460AEB0100013807F0FD
:1084600018FF84424FF01402234B15D002FB08F38F
:108470006FF015024BF8032040F299131F4A204970
:10848000204807F002FC49461F4807F0FEFB40F277
:1084900099111A4807F0F0FB14F1160F2C60EBD07D
:1084A0001978A142E8DD02FB08B0C7F89840C7F888
:1084B0009840D7F89C4000F10801007B64F3040069
:1084C0000871D7F8A0000C79400860F347140C71CC
:1084D000D7F89C1021F01F016960D7F8A01021F097
:1084E0001F01296108F1010814350C36A3E700BF0C
:1084F000245E002100ED00E07460002119290201D2
:108500005F330201401F0201742902012DE9F0418D
:108510006B4D6C4ED5F890303468C3F307239C4202
:1085200086B013D940F20223674A6849684807F0C9
:10853000ACFBD5F8902021466648C2F3072207F02D
:10854000A4FB40F20221604807F096FB0020FFF7F1
:108550003BFF614BC5F8C03084421BD15F4D01A881
:108560002C70FFF7D3F9002607464FF061085C4CEA
:10857000B74216D100202B785149D1F89020C2F390
:1085800007229342C0F295800020FFF711FF06B04A
:10859000BDE8F081716801EB0011FFF73FFE01308B
:1085A000DAE7019A300102EB0613D3F80CC00CEAAB
:1085B0000401B1F1807F57D00AD8B1F5001F29D04E
:1085C000B1F5800F43D0B1F5801F14D00136CFE74D
:1085D000B1F1006F48D0B1F1805FF7D159689B6865
:1085E0001258013B21F01F000344CDE9021223F091
:1085F0001F0301220BE0596812589B68CDE9021253
:108600002122013B21F01F00034423F01F038DF8BA
:10861000102036E0596812589B68CDE902124122B9
:10862000013B21F01F00034423F01F031CF0010F46
:108630008DF81020059325D02A498423224A244806
:1086400007F023FB284807F020FB84217BE75968CB
:108650009B681258013B21F01F000344CDE9021230
:1086600023F01F030622D2E7596812589B6821F0B5
:108670001F00013BCDE90212034423F01F038DF8D4
:1086800010800593287802A9FFF7E0FD00280CDA96
:108690000E4940F235230C4A0D4807F0F6FA13480C
:1086A00007F0F3FA40F235214DE72B7801332B70B8
:1086B0008CE7C1F89830C1F8A00001335DE700BF36
:1086C00000ED00E0CC1D0201192902015F33020117
:1086D000401F0201A3290201AAFF44007460002187
:1086E0000000F0FFD7290201FD2902012C2A020116
:1086F00008B50649064821F00701C1F1045202F508
:108700008032FEF769FA002008BD00BFA7B500213E
:10871000385E002170B541690446867A0A4D59B128
:10872000437ADB0706D42C2303FB06535B6A1B68E2
:108730009B689847002363612C20214600FB06506C
:10874000BDE8704008F07DBE700200212C22024B73
:1087500002FB0030704700BF700200212C21827A9A
:10876000054B01FB02339A6A1B7F801A1B3323F0EF
:108770000303B0FBF3F070477002002138B52C24DE
:10878000827A064B04FB02335B6AD3E901240C6056
:108790001568FFF7E3FF04FB005038BD70020021AD
:1087A00008B543684BB1074907485A23074A07F001
:1087B0006CFA5A21054807F05FFA03824369C360E7
:1087C00008BD00BF8A2A0201401F0201652A02017A
:1087D0002DE9FF470546684617461C46039108F0F9
:1087E000E8FEDDE9008955B95C4940F201135C4AB5
:1087F0005C4807F04AFA40F20111594818E005F1C7
:108800001406EFF3118A402383F31288BFF36F8FAE
:10881000304606F0A9FA68B98423534A53495148AF
:1088200007F033FA3146524807F02FFA84214E48B8
:1088300007F022FA304606F0BBFA6B8B002B5AD0B9
:108840002A8B9A4239D900220023284604F07AFB69
:108850000446002831D0304606F094FA68B94FF447
:108860009973414A43493F4807F00FFA314642485D
:1088700007F00BFA4FF49971D9E78AF31188BFF327
:108880006F8F039D002D59D042464B46684608F035
:10889000B5FE2C21A27A394B204601FB02335B6ADC
:1088A00003A91B681E68DDE90023B047606100284A
:1088B00037D12046FFF72EFF2EE06C8B3046631E2B
:1088C0006B8306F05FFA0028C9D08AF31188BFF3E2
:1088D0006F8F2B7F2A8B1B33121BAC6A23F0030391
:1088E00002FB0344254B264AEB1A9B105343A37209
:1088F0002B7FE372C5E7304606F044FA0028AED07D
:108900008AF31188BFF36F8F23463A46284604F056
:1089100019FB04460028B4D10024204604B0BDE869
:10892000F087039B9D420BD916494FF4AB730C4A59
:108930000C4807F0AAF94FF4AB715EE72B4665616E
:1089400000210122616022816382E27A04F1180031
:1089500008F08AFE2046FFF723FFDEE7A42A020183
:10896000652A0201401F0201E9210201422202019F
:1089700057220201162202012D220201700200215B
:10898000A38B2EBAA92A0201F8B5054698B12C2767
:10899000184E2C46237A6D68CBB940F2C113164AA3
:1089A0001649174807F071F92146164807F06DF986
:1089B00040F2C11108E0144940F2BB130E4A1048BE
:1089C00007F063F940F2BB110B4807F055F9013B82
:1089D000DBB2237253B9E3606360A37A204607FBDE
:1089E00003631B6A1BB19847002DD2D1F8BDFFF776
:1089F00091FEF9E770020021652A0201C32A0201F3
:108A0000401F0201CC2A0201BF2A0201034670B5B1
:108A100005688288DC889E68A818A41AAD1B641BB0
:108A2000A14209D9064907483E23074A07F02DF914
:108A30003E21054807F020F90A449A8070BD00BF26
:108A40001C2B0201401F0201E12A020108B58288A5
:108A500003468A420BD20949094840F2C313094A26
:108A600007F013F940F2C311064807F005F9521A4E
:108A7000828000680844186008BD00BF402B0201D6
:108A8000401F0201E12A0201064AD2F8AC3123F06C
:108A90000043C2F8AC310022034BC3F84C21D3F899
:108AA0004C317047002001410060014173B5354BE6
:108AB000D3E84F3F00233449CDE90033334BD3F89B
:108AC0000445BFF35F8FD1F80465BFF35F8FD3F820
:108AD00004259442F3D16B46224601212B4807F02E
:108AE0001AFC324605460F21274801AB07F013FC5C
:108AF000E0B1019B0DB9009302E0009A9A42FAD8C6
:108B0000009B22481C44013CD0F84C3524F07F44A3
:108B10009C421F4932D0FFF7B7FFC0F84C451D4BB0
:108B2000009A9A4218D901230B7001E0002DE7D179
:108B3000194AD2F8AC3143F00043C2F8AC31134BC0
:108B4000D3F84C2132B90121144A5160D3F84C3189
:108B500003B1116001230DE0BFF35F8FD0F804353E
:108B6000E41A24F07F440E4B033C9C42DBD90023E3
:108B70000B7000230B4A137002B070BD0B78002BF2
:108B8000F7D0D5E779600021001001410060014174
:108B900077600021FEFF7F000020014100B000410E
:108BA000FBFF7F0078600021F8B51E490023C1E873
:108BB000423F52BB1C4B1D783DB305231B4E1C4F3F
:108BC00034780134B4FBF3F303EB8303E41A07F0C6
:108BD000BDFC184A137823B157F82430C01A07286F
:108BE00013D9154BD3F8141141B10021C3F8141156
:108BF000D3F8143134700CB901231370347807F0B2
:108C0000A5FC47F824002846F8BD0C4A0025D2F8F8
:108C1000AC3123F00043C2F8AC310122084B5A605A
:108C2000F1E700BF796000217860002176600021C3
:108C3000445E002175600021005000410020014188
:108C400000B000410122024BC3F84025704700BF2D
:108C500000000841502307B5244A0021C2F80C3512
:108C60001422234B0846C3F820214FF40062214B05
:108C7000C3F8BC254FF48062C3F838250DF1070214
:108C800001F06CFF00280BDA1B491C4840F2472317
:108C90001B4A06F0FAFF40F24721194806F0ECFFA4
:108CA0009DF80710174807F058FD9DF80710164863
:108CB00007F053FD9DF80710144807F04EFD9DF88E
:108CC00007100A4807F049FD9DF8070001F066FF0C
:108CD0004FF400220E4BC3F844230022C3F84C216A
:108CE000D3F84C3103B05DF804FB00BF00B0004185
:108CF0000030204100200141371F0201401F0201C6
:108D0000502B02014C610141282001412C210141DD
:108D10000060014108B5054A054B104613603F232A
:108D2000536001F015FF002008BD00BF585E002110
:108D300000E0FFFF70B50446807AFFF707FD616928
:108D4000054649B1637ADB0704D4436A20461B68B1
:108D50009B689847002363612146284608F071FB11
:108D6000034B1B681BB1BDE870402A20184770BD3B
:108D7000605E002108B5034B186808F057FB00201F
:108D800008BD00BF645E0021082808B50BD870B18B
:108D9000431E072B0BD8DFE803F005040A140A0A68
:108DA0000A14042008BD10280DD020280BD0074934
:108DB00007485223074A06F068FF5221054806F08B
:108DC0005BFF0220EEE70520ECE700BF5F33020106
:108DD000401F02017A2B0201811EC9B21E2938B53B
:108DE000054613D80A4CCC4014F001040CD00948B5
:108DF00007F072FA044638B12846FFF7C5FF01466E
:108E000004F10C0007F078FA204638BD0024FBE797
:108E100041000040C8020021014B1860704700BFAC
:108E2000605E0021F8B501280546DDE9067609D027
:108E3000042804D1144807F04FFA044620B900244E
:108E40002046F8BD1148F6E72846FFF79DFF04F1DC
:108E50000C050146284607F04FFA002FF0D0002EEF
:108E6000EED0228A638A61699B1AE268521A9B1AC1
:108E70009E4203D92046FFF787FDE0E73246394698
:108E8000284607F02DFADBE7700200219C02002142
:108E9000038A014623B1034B186883689B6818470F
:108EA000122070478C01002110B5084B084C186047
:108EB000206808F079FA30B1206806498368BDE877
:108EC00010401B6818476FF0120010BD645E00214F
:108ED0008C010021758D010137B540230C460A49EC
:108EE0000093411A491105462346084A084807F0ED
:108EF0004AFA014628B12846234603B0BDE830406F
:108F0000184703B030BD00BF7C5E0021F5030201AD
:108F100008180201C9B2012908B509D90849094848
:108F20007E23094A06F0B1FE7E21074806F0A4FE22
:108F30000C22036901FB0233986C00F0070008BDA6
:108F4000E92B0201401F0201AC2B020170B5C9B22E
:108F50000129034600690BD9174918484FF4E873F3
:108F6000174A06F092FE4FF4E871154806F084FEA9
:108F7000EFF31186402484F31288BFF36F8F0C2522
:108F800005FB0104A46C14F0C00401D0A24210D16E
:108F9000012205FB01008264002086F31188BFF3E3
:108FA0006F8F28B95B6803EBC1035B6898470020AB
:108FB00070BD4FF0FF30F0E7E92B0201401F0201C6
:108FC000AC2B020170B50D4606490446411A491101
:108FD00040220548FFF7BAFF2B4601462046BDE870
:108FE000704018477C5E002108180201F8B5002285
:108FF000012105460520FEF7F3FF104801F046FD6C
:109000000446B8B907F070FB2F690D49384606F0E1
:109010008BFE031E09DB0126BE642D69084905F19C
:10902000200006F081FE031E02DA1C462046F8BD31
:109030006E65FBE76FF00404F8E700BFF5900101EF
:109040003C1E02011FB5002201236C46CDE902231C
:109050006B46074ACDE9004407F0C5F928B94FF43B
:1090600080420023684604F075F804B010BD00BFCC
:109070000104020110B5EFF31184402383F3128839
:10908000BFF36F8F074A136823F00201DB071160FB
:1090900002D4012001F0DAFC84F31188BFF36F8F52
:1090A00010BD00BFD45E00210C22104B014602FB14
:1090B0000033002030B4D3E910521864EFF311806C
:1090C000402484F31288BFF36F8F9C6C04F0C004BB
:1090D00044F002049C6480F31188BFF36F8F1DB1CC
:1090E0002B4630BC0248184730BC70477C5E0021DC
:1090F00008180201012808B506D0072808D098B939
:109100000F4B9B6C5B0719D1BDE80840FFF7CCBF44
:109110000C4940F2FA230C4A0C4806F0B6FD40F226
:10912000FA21094806F0A8FD06494FF44173064AA2
:10913000064806F0AAFD4FF44171F2E708BD00BFF2
:109140007C5E00215F330201AC2B0201401F020153
:1091500010B4EFF31180402282F31288BFF36F8FB7
:1091600017490B6843F0020413F001030C6019D097
:10917000144BD3F80C14D3F80C3413F0010311D0B2
:10918000EFF3118182F31288BFF36F8F0E4A936C55
:1091900003F0C00343F00203936481F31188BFF32B
:1091A0006F8F012380F31188BFF36F8F1BB10020F5
:1091B00010BCFFF779BF012010BC01F01DBC00BF3F
:1091C000D45E0021005000417C5E00212DE9F04179
:1091D000012206464149D1E8EF3FC1E8E02F0028CF
:1091E000F9D1A3B93E493F484B60CB608A60FDF797
:1091F000D9FF00280BDA3C4940F2A3233B4A3C4804
:1092000006F043FD40F2A321384806F035FD002E5C
:109210004DD0731E012B56D8012E06D1354BD3F8F5
:109220001C3403F00303022B41D008F043F9054638
:1092300050B1EFF31188402383F31288BFF36F8F8F
:1092400001252C4C2C4F21E02C4B1B78002BF0D00F
:109250000222284B8046C3F80823F2E74DB340466C
:1092600006F0F9FFD4F81835DBB2012B0ED1D4F893
:1092700004215AB10022C4F80421D4F804210222A6
:10928000C4F818252022C7F88021A360D4F8182438
:10929000D4F81834D203E1D503F00303022B01D034
:1092A000012EDBD155B188F31188BFF36F8FBDE874
:1092B000F0810021212005F04FFAD3E702220D4B67
:1092C000C3F80423F3E70E4940F2B523074A0848E0
:1092D00006F0DBFC40F2B52196E700BF785E002186
:1092E000685E00219C5E00210D2C0201AC2B020166
:1092F000401F02010050004100E100E00A6100212E
:109300005F330201EFF31182402383F31288BFF32E
:109310006F8F0A4BD3F8001161B10021D3F8080513
:10932000C3F80011D3F80031C0B282F31188BFF343
:109330006F8F70476FF00A00F7E700BF00900041A1
:10934000F0B503468478C678EFF3118E402080F3A1
:109350001288BFF36F8F1D7893F801C0641B3440EF
:10936000A24288BFA2B2AF18374028461F708EF3C2
:109370001188BFF36F8F8F188F4217D165450CD1BD
:10938000EFF31181402080F31288BFF36F8F1878BC
:10939000587081F31188BFF36F8F1B79A41AA34211
:1093A00090B222BF0122064B1A60F0BD03EB000E03
:1093B0009EF805E0013001F801EB3040DCE700BF2A
:1093C000009000412DE9F0472F4D00690E46A8425C
:1093D00014460BD02D492E4840F203132D4A06F0B7
:1093E00054FC40F203112B4806F046FCDB4313F01B
:1093F000010504D02030FFF7A3FFBDE8F087B2B32A
:10940000EFF31187402383F31288BFF36F8F092096
:10941000FEF7D8FD80460920FEF7C0FD87F31188CE
:10942000BFF36F8FDFF870A04FF40079CAF80051D6
:10943000DAF8003101232546184FCAF80030C7F882
:109440008091DAF80031A3B1FFF75CFF031EA4BFDF
:1094500005F1FF35ADB2C7F88091A8BF7355002D57
:10946000EFD1B8F1000F02D00920FEF789FD2046A8
:10947000C3E7EFF31180402383F31288BFF36F8FAC
:1094800006F0E9FEDDE700BFD85E0021572C02019F
:10949000401F0201252C02010090004100E100E084
:1094A000F8B5184B07690D469F42144625D016495A
:1094B0001648E523164A06F0E8FBE521144806F0B5
:1094C000DBFB4FF0FF334FF0FF32384603F042FE34
:1094D000224629460F48FFF733FF0646384603F079
:1094E000BDFD3EB94FF0FF324FF0FF330A4803F0A5
:1094F00031FEE6E7A41BA4B23544002CE1D120469E
:10950000F8BD00BFD85E0021572C0201401F0201A8
:10951000252C02010D5F0021E85E002138B5204BAB
:1095200004699C420BD01F491F4840F247131F4A51
:1095300006F0ABFB40F247111C4806F09DFB0122F0
:109540002046114607F087FF0122002104F1100098
:1095500007F081FF40F2074323874FF070632362D7
:109560000C230025012184F82430114B84F8355058
:10957000E586D3F80425092022F00102C3F804256A
:10958000C3F80051D3F80021C3F804132A46196028
:10959000FEF726FD0920FEF7F3FC284638BD00BF84
:1095A000D85E0021572C0201401F0201252C020128
:1095B0000090004110B5FFF7A5FE002820DB174BF7
:1095C000C0B293F8222093F8214093F82310141B83
:1095D00031EA04040DD193F8372093F8364093F81C
:1095E0003810141B31EA04040BD101220C4B5A60D1
:1095F0000EE09C180132114084F8250083F82210F7
:1096000010BD9C180132114084F83A0083F83710DD
:109610000448BDE8104003F021BD00BFD85E002122
:1096200000900041E85E002138B5036961B9214925
:109630006423214A214806F028FB214806F025FB37
:1096400064211D4806F018FB486850B91D49652380
:10965000194A1A4806F019FB1B4806F016FB65214B
:10966000EFE7586800B30024884219D108688CB924
:109670009C685860A14200D19860002008602AB11F
:109680005A680A609A68596002B9996000200FE030
:109690002846E9E720609868814208BF9C60ECE7B3
:1096A00005680446002DF3D1002AE9D16FF01500BA
:1096B00038BD00BFC32C0201872C0201401F0201EC
:1096C000CC2C0201DB2C0201ED2C020108B5036851
:1096D000590914D0012906D14FF6FF7203F01F0378
:1096E000DA40D2070ED40B490B484FF482630B4A81
:1096F00006F0CBFA4FF48261084806F0BDFA4FF04D
:10970000FF32EBE70360064B0648012908BF184605
:1097100008BD00BF372D0201401F0201042D0201C8
:1097200000088C4100058C4170B5446801F01F05AC
:10973000207C86B045EA4015A068002872D0B2F5BA
:10974000001F04D1294601F0E3FD00204EE06068CF
:10975000667CB2F5800F46624FF0000601A80196C4
:10976000466032D1B3F1007F14BF052304238DF886
:1097700004300023CDE904030393E3686E46CB4035
:1097800013F0010F34D1B2F1A07F31D168460095BA
:10979000FFF79CFF009B803350F82330DB0727D472
:1097A0006A462946A06801F059FC163018D0029686
:1097B0002946A06803AA01F0F1FA002816DB01226D
:1097C0002946A06801F022FDBFE7B3F1C06F05D0C4
:1097D000B3F1007F14BF01230223C8E70323C6E7C8
:1097E0006946A06801F0F2FC0028E0DA06B070BD1E
:1097F00032462946A06801F031FC0028D8D19DF8F6
:109800000010A06801F0C6FC0028D1D00749084824
:1098100040F2F113074A06F038FA40F2F111054818
:1098200006F02AFA6FF08500E0E700BF371F02015B
:10983000401F02015A2D02012DE9F043466840F213
:109840000635337CD00601F01F0747EA431748BFAF
:10985000032302EA050558BFC2F3401387B0B5F5EC
:10986000837F14468DF8033043D00DD8062D16D0D3
:1098700005D8A5B1022D3ED06FF0150036E0B5F544
:10988000807FF9D101250AE040F20222954234D0CE
:10989000B5F5407F33D0B5F5007FEDD10225220329
:1098A0002FD5012372688B409360B06880BB03A8FA
:1098B0000397FFF70BFF039B00EB8300C4F3004308
:1098C00083F00103C4F34044D0F8002244EA430487
:1098D0009DF8033022F4706244EA830422F00F0200
:1098E00044EA05231343C0F80032002007B0BDE866
:1098F000F0830725D3E70425D1E70525CFE7032526
:10990000CDE7630341BF012372688B40D360CCE78E
:1099100039460DF1020201F0A1FB14F4403F8046EC
:1099200017D13946B06801F01DFCB8F1000FDCD149
:109930009DF80210B06801F02DFC0028D5D01E491A
:109940001E48FC231E4A06F0A0F9FC211C4806F024
:1099500093F94FF0000901ABCDE90199CDE9043944
:10996000CDF80C903946B06803AA01F017FA4845C3
:10997000BBDB14F4003314D09DF80330C4F300446F
:1099800084F001048DF80E308DF80C508DF80D40E8
:109990004B463946B06803AA01F0C2FA0028C4DA7F
:1099A000A3E7CDE904330DF1030303933946B0680F
:1099B00003AA01F0F3F9F1E7371F0201401F02018A
:1099C0005A2D02014209034670B502D0012A1ED069
:1099D00070BD144E326951680029F9D0012503F099
:1099E0001F030C689D400029F2D08A682A4012D0DB
:1099F0004B6873B90C4989230C4A0D4806F045F9A8
:109A00000C4806F042F98921084806F035F90A4E5B
:109A1000E0E7304698471CB1236821461C46E2E740
:109A20002346FAE740180201862D0201872C020125
:109A3000401F0201ED2C02012418020138B54568CF
:109A4000A86890B101F074FB014670B9A86801F0F4
:109A500039FB044658B902460649A86801F0E6FAFF
:109A6000224605210A20FEF7BBFA002038BD6FF020
:109A70000400FBE7C599010110B504460269A2B0D4
:109A80001749C2F88000002001F04EFD002201219C
:109A90001220FEF7A5FA8422002101A8646807F0CD
:109AA000E3FD0023012001AA61680432D940C907FF
:109AB00044BF00FA03F142F8041C2168D940C907E9
:109AC00048BF00FA03F103F1010348BFD163102B33
:109AD000EAD101A801F04EFD002022B010BD00BF68
:109AE0006704020138B5114922F07F45D1E9003001
:109AF000D41AE31840F10000C1E90030A5F50013C5
:109B0000B3F5400F09D20A4B1B681A0A1B065819F5
:109B1000084B42F10001C3E9000105F05FFB01467B
:109B20002046BDE8384005F0C1BA00BFE019002169
:109B3000C45F0021E81900210D4B1868010A0006D6
:109B4000BFF35F8F0B4BD3F80435181841F10001B8
:109B5000B3F5801F0AD2084BD3E90023904271EB82
:109B6000030303D210F1807041F10001704700BF80
:109B7000C45F002100600141E81900212DE9F7438D
:109B800006F0FCFB294BD3F8042391070BD5D3F83F
:109B9000042142B10022C3F80421254AD3F804313C
:109BA000136801331360214CD4F80433DA031FD552
:109BB000204BD3E8EF2F22F00101C3E8E01F00287B
:109BC000F7D1D30702D4D4F840318BB10025C4F8C3
:109BD0004051D4F84031FFF7AFFFEFF3108272B677
:109BE000154BD3E90267B042B94104D282F3108821
:109BF00003B0BDE8F0834FF0FF38D3E900104FF019
:109C0000FF391D60C3E902894FF48033C4F848333B
:109C1000C4F84051D4F8403182F310880029E7D0CD
:109C2000009032463B4628468847E1E70060014104
:109C3000C45F0021BC5F0021D01900212DE9F84F3D
:109C400006460F46434DD5E8EF8F28F00103C5E8DF
:109C5000E23F002AF7D14FF480393F4CC4F8089313
:109C6000BFF35F8FBFF36F8FFFF766FFB04271EBFB
:109C7000070308F0010840D2384B301A67EB0101A6
:109C8000984271F1000148D2354BD3E902239F423B
:109C900008BF96423AD04FF0000C26F07F40834632
:109CA00003216FF0020EC4F84893C4F840C1D4F801
:109CB0004031DFF8B0A02BF07F43C4F84035C4F842
:109CC0004493D4F80425AEEB02035B4423F07F43B6
:109CD00053451BD9D4F840315BB1D4F80425131A8D
:109CE00023F07F43B3F5000F10D9C4F840C1D4F876
:109CF000403101EB020B0131DDE71B4BD3E8EF1FD5
:109D000041F00101C3E8E21F002AF7D1144B174AC2
:109D1000C3E902671A6000225A60B8F1000F16D03A
:109D2000D5E8EF3F43F00103C5E8E23F002AF7D151
:109D30004FF48032084BC3F804230B4BD3E8AF3FFA
:109D4000DB0742BF4FF48002094BC3F80021BDE896
:109D5000F88F00BFC05F002100600141010080005A
:109D6000D0190021FDFF7F00BC5F0021E59A0101B1
:109D700000E100E070B54FF0FF3000254FF0FF31FB
:109D8000164C174B0226C4F80833C4F84833154B59
:109D9000C4F80855C3E902014FF480334FF4800240
:109DA000C4F80433104B0121C4F804631620C3F82F
:109DB00080212A46FEF714F91620FEF7E1F8012368
:109DC0000A4AA3600021236009481360FFF736FFA9
:109DD0003046FFF7FBF9284670BD00BF0060014127
:109DE00003000F00D019002100E100E0C05F002156
:109DF000FFFF7F00431C10B50F4C05D08442A8BF65
:109E00000446012CB8BF0124FFF796FE0B4AD2E9A5
:109E10000031C01AB0F5000F074A0AD22044904220
:109E200028BF1046BDE81040C01841F10001FFF7FF
:109E300005BF1046F6E700BFFFFF7F00E0190021D5
:109E400008B5FFF779FE024B1B68C01A08BD00BFBA
:109E5000E019002102460B46014802F0FDBD00BF9B
:109E6000F8010021014802F0BFBE00BFF801002147
:109E7000F0B506468BB00D462648274903F054FB43
:109E800005A8F8F706FA254807F08EFA00283BD017
:109E9000234B02A80293E7F7FFF8002837D14FF0D1
:109EA000FF304FF0FF31FFF7D5FF044638B91D49A9
:109EB0001D48E6F73FFC044620B1FFF7D3FF2046DC
:109EC0000BB0F0BD41F64C5703A80397ECF762FFC7
:109ED00020B1FFF7C7FF6FF08504F0E7012301A869
:109EE0008DF80430F9F7D8FD0028F2D104A80497C2
:109EF000ECF758FF0028ECD1FFF7B4FF33690B48AB
:109F00001D60FEF789FFDAE76FF01204D7E76FF004
:109F10001504D4E7CC5F0021FD0502015C180201A5
:109F2000319F0101F019002101A10101D5A001011A
:109F300003460A4610B5114881680C6864B9104997
:109F40006623104A104805F0A0FE104805F09DFE5B
:109F500066210C4805F090FE1946A04768B10C49EF
:109F60004FF436730B4A084805F08FFE0A4805F097
:109F70008CFE4FF436710748ECE710BD5C18020107
:109F8000F02D0201BC2D0201401F0201102E020122
:109F9000371F0201362E02016F2E020130B53B48F9
:109FA00085B0E6F7ABFA044600286AD1E6F704FC70
:109FB000E6F70EFCE6F718FCF8F76DF9F8F76FF91D
:109FC000F8F76FF9F8F769F9F8F769F9F8F769F947
:109FD000F8F769F90F230121204601AA8DF8043012
:109FE000E6F7D4FA00284BDB01250221204601AA1E
:109FF0008DF80450E6F7CAFA002841DB0823072150
:10A00000204601AAADF80430E6F7C0FA002837DB95
:10A010004FF01B13019340F203230321204601AAB2
:10A02000ADF80830E6F7B2FA002829DB0421204613
:10A0300001AA8DF80450E6F7A9FA002820DB1F23B7
:10A040000621204601AAADF80430E6F79FFA002861
:10A0500016DB03230521204601AA8DF80430E6F71C
:10A0600095FA00280CDB44F2261398420CD984F3AD
:10A070001188BFF36F8F0423184602DF6FF00B00C7
:10A080000446204605B030BD2046F9E755050201DB
:10A0900008B50A490A4807F0FDF900280CDA094911
:10A0A0002F23094A094805F0F0FD094805F0EDFDA8
:10A0B0002F21054805F0E0FD08BD00BFCC5F002161
:10A0C000185B00215F330201A92E0201401F02012B
:10A0D000D22E0201094B93F84730042B02D181079D
:10A0E00009D47047022B02D1020704D47047082B11
:10A0F00003D1830601D5FFF7CBBF70477A600021FB
:10A1000070B5334C94F84730EBB194F84730042BDA
:10A110003AD120783E2828D1A678B31E5E425E410F
:10A1200063780233472B3DD800220023314606F0E6
:10A1300027F90546D8B9BEB1002384F84730BDE8F9
:10A140007040FFF7A5BF4FF0FF304FF0FF31FFF732
:10A1500081FE48B9204604F1470100F077FB05462F
:10A16000FFF780FE002DD0D070BD0026D8E76278C2
:10A170000232174905F10C0006F0B2F8154B2946DA
:10A180001B6815489847D7E7022B14D100220023FB
:10A190000820FEF721FE05460028E5D0628804323B
:10A1A000472AE6D9002383F31188BFF36F8F042376
:10A1B000184602DFC0E7082BBED100220023202072
:10A1C000FEF70AFE628805460028E8D1CCE700BF0A
:10A1D0007A600021C85F0021941802012DE9F34143
:10A1E0008A4C074626780588002E40F02C830423ED
:10A1F0008DF80730864BD3F80080B8F1000F19D1E5
:10A20000B5F5105F4FEA95230FD2002B63D0013BC9
:10A21000072B00F2D982DFE813F03200D7024A00A0
:10A22000AB00E900D702D702FF003F2B00F03782D6
:10A2300001206FE20DF106030DF10702611CC0471A
:10A240000128DDD09DF8063013B9012840F0EF82D7
:10A250000F2363700423A3700123E0702371A4F81B
:10A2600005500123237040F635439D4203D1A37965
:10A27000002B00F0E682002002B0BDE8F0813846F5
:10A2800040F2064230F9033B93420AD040F21D42AD
:10A29000934209D0012040F206439D4200F0A08283
:10A2A00036E1EBF713FFF6E7EBF7ACFFF3E73846E1
:10A2B00040F6354130F8032B13B28B421DDC40F6DB
:10A2C0002C418B4209DC40F60142934224D040F6F7
:10A2D0000342934224D0012020E0A2F62D43082B14
:10A2E00000F27282DFE813F01F0070027002700249
:10A2F000280070022B0070022F0040F67B42934230
:10A3000024D040F67C42934229D040F663429342E7
:10A31000E1D1E6F7BFFA01E0E6F7AAFA01265FE22B
:10A32000F7F7AEFFFAE79DF807303A4903338DF8A7
:10A330000730F8F7F9FFF1E7EBF782FEEEE706F0FA
:10A3400090F9C0B2EAE7EBF7A9FEE7E79DF807301E
:10A35000304904338DF80730F9F7F7FADEE79DF856
:10A3600007302C4902338DF80730F9F711FBD5E798
:10A370003B88A3F58053013B082B00F22582DFE8E0
:10A3800013F0090012001C002302230223022302FF
:10A3900023022C009DF807301E4808338DF8073043
:10A3A000F8F7B0FFBAE79DF807301A4840338DF848
:10A3B000073006F025F90020B0E700229DF80730AD
:10A3C00008338DF80730134B1A605A60E37A23F094
:10A3D000600343F06003E372EDE79DF807300D483A
:10A3E00006338DF80730F8F7F7FF97E741F205439A
:10A3F0003A889A427FF46FAF9DF8073005490333DE
:10A40000F81C8DF80730F9F705FB87E7C2600021DB
:10A41000DC5F0021C9600021384642F24E0130F86D
:10A42000033B1AB28A4257DCB2F5005F58DDA3F550
:10A430000053013B4D2B53D8DFE813F0540070005C
:10A4400079005200820085008800910094009700F6
:10A450009D00A000A300A600A900B200B500B800AE
:10A46000BB00BE00C100CA00CD00D600DF00E20084
:10A47000EB00F40052005200520052005200520011
:10A480005200520052005200FE0001010401070177
:10A490005200520010011301520016011F01220147
:10A4A000520052005200520052005200520052001C
:10A4B000520052005200520052005200520052000C
:10A4C00052005200520052005200520052005200FC
:10A4D0002501520052002E0142F27C039A4247D0DD
:10A4E000012001E0E6F7E0F942F264039D4200F04A
:10A4F000778142F264039D4200F28D8142F219039A
:10A500009D4200F27E8142F20C039D4200F2728174
:10A5100040F21D439D4200F06381FFE69DF8073045
:10A52000B24803338DF80730EBF7C6FDDCE79DF842
:10A530000730AE4808338DF80730F9F713F9D3E741
:10A54000F8F767FFD0E7ECF7B5FBCDE79DF80730EC
:10A55000A64801338DF80730F8F712FFC4E7F9F782
:10A560008EF9C1E7F9F766F9BEE7F9F7ADF9BBE790
:10A57000F9F7A2FAB8E7EBF721FFB5E7F8F7F7FF2D
:10A58000B2E7ECF7CFF9AFE7ECF732FAACE79DF8BA
:10A590000730964801338DF80730F8F7FFFDA3E741
:10A5A000F8F703FEA0E7F8F74BFE9DE7F8F764FE27
:10A5B0009AE7F8F7FEFF97E7F9F76EF894E79DF84A
:10A5C00007308A4907338DF80730F8F730FF8BE7FB
:10A5D000F9F7B8F888E79DF80730844910338DF80B
:10A5E0000730F8F7D8FE7FE79DF807307F4808333B
:10A5F0008DF80730F8F792FE76E7F9F7FBF873E786
:10A600009DF80730794902338DF80730F9F77DF965
:10A610006AE79DF80730754902338DF80730F9F77E
:10A6200085F961E79DF80730002008338DF8073081
:10A63000FF23E371E37257E7F8F7C5FD54E7F8F736
:10A64000E5FD51E7F8F74CFE4EE79DF80730674807
:10A6500001338DF80730F8F751FE45E7F8F730FE83
:10A6600042E7F8F724FE3FE79DF807305F490433DF
:10A670008DF80730F8F711FF36E7EBF797FD33E772
:10A68000F8F74AFF30E79DF80730584802338DF855
:10A690000730F8F764FE27E7F8F7E8FE24E73846C6
:10A6A0004FF60B4230F8033B934211D8B3F57C4F81
:10A6B0007FF6BEADA3F57C43013B0A2B00F28480FC
:10A6C000DFE803F0202E828282558282434C5800BC
:10A6D00003F2FD2292B2182A3FF6AAADA3F57D43FC
:10A6E000033B182B70D8DFE803F04E6F516F6F6F8C
:10A6F000546F6F575D6F6F6F6F5A6F606F696F6FD9
:10A700006F6F6C009DF8073038480C338DF80730B8
:10A71000F7F7CBFD4FF6025225F008039342FAE615
:10A7200000209DF8073040338DF807302F4B1880FC
:10A73000E37923F0230343F02303E371237A23F027
:10A74000070343F007032372E4E79DF80730274827
:10A7500017338DF80730F7F7C3FDDBE79DF80730B7
:10A76000224820338DF80730F7F7DEFDD2E7F7F700
:10A77000B5FDCFE79DF807301C4801338DF8073051
:10A78000F7F7EFFDC6E7F9F787F9C3E7ECF702FB48
:10A79000C0E7F7F7FCFDBDE7F9F767F9BAE7ECF7B3
:10A7A00001FBB7E7F7F7F7FDB4E79DF807300F496E
:10A7B00004338DF80730F7F7F4FDABE7ECF7FAFA5E
:10A7C000A8E7ECF703FBA5E7012092E6A5F5015306
:10A7D000283B074A9BB222FA03F3DB077FF59EADC5
:10A7E00086F001068DF806602CE500BFC9600021E7
:10A7F0002F804020A5F500530D3B41F241229BB232
:10A80000E9E742F232039D42EAD0A5F50153033B4A
:10A81000012BE5D982E542F285039D423FF67AAFEE
:10A8200042F267039D42D1D842F2660372E69DF878
:10A8300007300E22A37001236270E370A580A0711F
:10A840000FE5237017E54FF0FF3015E538B5094CDB
:10A850000D4623781BB9BDE83840F7F714BFA2783E
:10A86000611C023206F0F3FE0020042320702B70DE
:10A8700038BD00BFC26000211FB500230A2201932A
:10A880000293CDF80B300091014601A806F006FFB7
:10A8900040F24D13074A0849084805F0F6F9084800
:10A8A00001A9009A05F0F1F940F24D11014805F0B7
:10A8B000E3F900BF002F02015F330201401F0201D4
:10A8C0002D2F0201322337B50125ADF804300023C6
:10A8D0001A216846104A8DF80630ADF800508DF800
:10A8E0000230F7F7A1F8044698B905F093FD80B25D
:10A8F000F5F7D8F82A4621460C20FDF771FB2A46C9
:10A9000021461120FDF76CFB2A4621460820FDF761
:10A9100067FB204603B030BD79A8010108B54FF0B0
:10A92000FF304FF0FF31FFF795FA48B1074908486B
:10A93000E623084A05F0A9F9E621064805F09CF946
:10A94000FCF71BF8BDE80840FFF78CBA442F020162
:10A95000401F0201002F020108B50A490A4806F00B
:10A9600099FD00280CDA09492F23094A094805F006
:10A970008CF9094805F089F92F21054805F07CF983
:10A9800008BD00BFE05F0021185B00215F330201BA
:10A99000A92E0201401F0201D22E020113B500248C
:10A9A0006FF009034FF480620A490B48009402F0EB
:10A9B00043FF0A49084806F083FD0949094802F0A7
:10A9C000B3FD224604211A20FDF70AFB204602B0FF
:10A9D00010BD00BF106D0021185B0021512F020136
:10A9E0001DA90101E05F002110B9024B1B68184747
:10A9F000704700BFF05F002110B538B101280BD1BE
:10AA0000BDE8104000200B49F4F780BF0A4B01203D
:10AA1000BDE810401B68184708494C23084A0948FC
:10AA200005F033F9084805F030F94C21044805F0E9
:10AA300023F900BFE9A90101F05F00215F330201A2
:10AA40005B2F0201401F0201982F020108B598B147
:10AA5000012804D1BDE808400020F4F773BF07497E
:10AA60005F23074A074805F010F9074805F00DF97C
:10AA70005F21034805F000F908BD00BF5F33020104
:10AA80005B2F0201401F0201982F0201014B186049
:10AA900000207047F05F00210022D30003F1FF7314
:10AAA00003F58033D3F80013013107D0D3F8001336
:10AAB0000132D3F80433202A0B60EED11E4BD3F8B9
:10AAC0003021072A0DD1D3F83431022B09D11B4B89
:10AAD000D3F80024D00742BF0022C3F81421C3F8E2
:10AAE0001821154BD3F83021072A1FD1134AD2F869
:10AAF0000014C90744BF6FF00101C2F80014D3F875
:10AB00003431023B022B11D97F230D4A0D49C2F883
:10AB100018310023C1F8043EC1F8083EC2F82431C0
:10AB2000C2F82C3102F57F22C2F81031064B1A68A8
:10AB3000064BC3F8442570470000FF010050004158
:10AB400000200041000008410080FF01006000413A
:10AB5000014B1860704700BFF45F002110B50B4B2C
:10AB60001446186858B90A490A4840F2F3130A4AC9
:10AB700005F08BF840F2F311074805F07DF805F079
:10AB8000B9FD0028A4BF2070002010BDF45F002193
:10AB9000E52F0201401F0201A82F02010123024AF2
:10ABA0008340C2F80435704700F00041034A43096E
:10ABB000D35C00F01F001844C0B27047743E02011D
:10ABC00010B504460846FFF7F1FF04EB4000838A06
:10ABD000DA051CD5C3F3432123F4F853838204F12F
:10ABE000120204F1720032F8023F13F4807F03D0A6
:10ABF000C3F3432399420AD09042F4D1002204EBDC
:10AC0000C1035A6004F1780005F08EFD00B910BD53
:10AC1000054906484FF4DB73054A05F036F84FF452
:10AC2000DB71034805F028F8371F0201401F0201BD
:10AC3000FB2F020108B502680146104605F093FD9E
:10AC400058B910494FF482630F4A104805F01DF8B7
:10AC50004FF482610C4805F00FF802F01F0352090F
:10AC60000B600BD0012A0BD0094940F21943064A68
:10AC7000064805F00AF840F21941EBE7054808BD1F
:10AC80000548FCE7372D0201042D0201401F020197
:10AC90005F33020100058C4100088C41072808B58C
:10ACA0000BD90849084840F2A733084A04F0EDFFE1
:10ACB00040F2A731054804F0DFFF800000F5807006
:10ACC00008BD00BF6E300201401F02013930020191
:10ACD000024611F0010030B511D18B07C1F34000DD
:10ACE00019D50D49086A50600C4A0862D2F8302123
:10ACF000072A08BF0A6A003818BF01200BE0084C79
:10AD0000064D236A13602362D5F83051072D08BF22
:10AD1000246A002BE1D030BD00088C410000FF0107
:10AD200000058C41F7B504460846FFF73FFF04EBEA
:10AD30004006B38A0D46DB072AD5204605F006FEFD
:10AD40002946204605F021FD50B1204605F04CFD76
:10AD50000023276807EB8000C0F81035C0F81035D5
:10AD6000204600242946FFF72BFFB48201A8019555
:10AD7000FFF760FF019B00EB8300D0F80022064B39
:10AD8000134043F00203C0F80032204603B0F0BD88
:10AD90006FF01500FAE700BFF0F0FCFF2DE9F0437B
:10ADA0000E461746044685B058B95A495A4840F2EB
:10ADB0005E435A4A04F069FF40F25E41574804F08E
:10ADC0005BFF0846FFF7F2FED7F800800546B8F1B2
:10ADD000000F19D0204605F0FCFC18BB4346CDE916
:10ADE00000008DF80E008DF80F000DF10F023046B7
:10ADF0000DF10E0105F021FD04EB4502938A23F0CD
:10AE0000020343F0010393827B689BB331462046E3
:10AE100093F80080D3F8049005F0D0FC28B1B9F184
:10AE2000000F1FD06FF0150027E004EB4500838A68
:10AE300023F4604323F020038382B9F1000F11D083
:10AE4000B8F1030FEED87B6821685B6893F800C007
:10AE50004FEA8C031944B8F1000F11D1C1F81085E5
:10AE6000C1F8108504EB4502938A23F01C0343EAE2
:10AE700088039382BB6843BB002005B0BDE8F08324
:10AE8000D1F8102522F00302C1F8102522681344DE
:10AE9000D3F8102522F44F3222F44072C3F8102563
:10AEA0003202D3F8101502F47C5242EA08420A43F7
:10AEB000C3F8102504EB4C03A3F87C60838A43EAB3
:10AEC0004C3343F020038382CCE73146D3E900784A
:10AED0002046FFF775FE002FCED063689F4206D054
:10AEE00004F1780005F006FC002804DAC5E7A36841
:10AEF0009845F5D1002004EBC003C3E9017804EBC9
:10AF00004505AB8AC0B243EA402343F48073AB8269
:10AF1000B2E700BF78300201401F0201FB2F02019F
:10AF20002DE9FF410C4616461F46054658B93C49D7
:10AF30003C484FF48D633C4A04F0A7FE4FF48D610A
:10AF4000394804F099FE0846FFF730FE804616B3F4
:10AF5000284605F033FC18B9284605F016FC08BB56
:10AF60002146284605F01CFC10B17378012B19D03E
:10AF700001238DF80F300023721CCDE900632046B9
:10AF8000B31C0DF10F0105F058FC05EB4802938A44
:10AF900043F003039382002F3FD02146284605F05B
:10AFA0000DFC20B96FF0150004B0BDE8F08100225F
:10AFB0003E782B6805EB480003EB8603C3F81025A9
:10AFC000C3F81025838A4FEA860C23F4604323F0EC
:10AFD00020038382797801B32A68BF786244D2F86B
:10AFE0001035090423F4991323F4F853C2F81035EB
:10AFF000230201F4403103F47C530B433905D2F8AA
:10B00000105501F480110B432B43C2F81035838A8D
:10B0100043EA463343F0200383820020C4E700BFA5
:10B0200078300201401F0201FB2F020108B558B918
:10B030000749084840F27143074A04F026FE40F2EF
:10B040007141054804F018FEC0E9031208BD00BFB5
:10B0500078300201401F0201FB2F020170B5154636
:10B06000044658B9134940F27A43134A134804F08E
:10B070000CFE40F27A41104804F0FEFD4AB9104936
:10B0800040F223330C4A0D4804F0FFFD40F2233117
:10B09000F1E705F07AFB48B10846FFF787FD04EBBE
:10B0A00040040020A38A5B0B2B7070BD6FF015006D
:10B0B000FBE700BF78300201FB2F0201401F0201B5
:10B0C0008330020170B5044658B9164916484FF44A
:10B0D0009163164A04F0D9FD4FF49161134804F0CE
:10B0E000CBFD90F88C50D5B960222946143006F07B
:10B0F000BBFA2668E8B20135FFF7D0FD082DF9D17B
:10B10000002546F30730C6F87C51D6F87C31FCF7B1
:10B1100037FF0123284684F88C30A36770BD6FF099
:10B120007700FBE778300201401F0201FB2F02018C
:10B1300008B558B90849094840F28F43084A04F055
:10B14000A4FD40F28F41064804F096FD90F88C0073
:10B15000003818BF012008BD78300201401F0201ED
:10B16000FB2F020108B558B90749084840F29D4332
:10B17000074A04F08AFD40F29D41054804F07CFD39
:10B18000BDE80840FFF7CEBD78300201401F020144
:10B19000FB2F020108B558B90849094840F2A443F9
:10B1A000084A04F072FD40F2A441064804F064FD30
:10B1B0000548BDE8084005F0B7BA00BF7830020185
:10B1C000401F0201FB2F02019801002110B50C461F
:10B1D00058B90A490A4840F2AB430A4A04F055FDFF
:10B1E00040F2AB41074804F047FD074805F082FAFA
:10B1F0000028A4BF2070002010BD00BF78300201DD
:10B20000401F0201FB2F0201980100212DE9F341AB
:10B210000D461646044658B938494FF4A563384AD6
:10B22000384804F032FD4FF4A561354804F024FDA0
:10B2300005F0B6FA48B9344940F23543304A31484E
:10B2400004F023FD40F23541EFE7204605F09DFA7A
:10B250002768F8B1204605F0B1FA8046D0B92046FB
:10B2600005F0C2FA0546FFF719FD47F800803B5884
:10B27000236803EB8503D3F8102542F00102C3F8DD
:10B28000102526B101232268AB40C2F8043302B076
:10B29000BDE8F081D7F80433002BA4BF4FF0004382
:10B2A000C7F804334EB9194940F24F43144A1548C0
:10B2B00004F0EBFC40F24F41B7E72846FFF776FC7D
:10B2C00004EB4004A38AC3F38203042B11D0052BA3
:10B2D00011D001A80195FFF7ADFC019B0169D94090
:10B2E00001F001010231284602B0BDE8F04105F04D
:10B2F000F1BA0321F7E70221F5E700BF7830020138
:10B30000FB2F0201401F02018D300201AE3002010D
:10B3100008B558B90749084840F22F53074A04F0C6
:10B32000B4FC40F22F51054804F0A6FCBDE80840EB
:10B3300005F00CBB78300201401F0201FB2F020117
:10B340002DE9F04F07468BB058B97049704840F26C
:10B350005C63704A04F099FC40F25C616D4804F053
:10B360008BFC804658F804AB0822DAF804135046E8
:10B37000C9B241F0004105F0BCFA051E2FDA0023E6
:10B38000032108A8CDE90833FFF7A2FC4FF0000B1A
:10B39000614B0DF120090293029A604912F8013BBA
:10B3A0000292DA088A5C03F0070322FA03F3DB0750
:10B3B0001BD40BF10103022B4FF0010B09F104091F
:10B3C000EAD14FF000410022504605F092FA0321E5
:10B3D00008A8FFF77DFC0028D8D125F000450124FE
:10B3E000002D7DD10BB0BDE8F08F4D4B5B44039336
:10B3F000D9F800100029DCD091FAA1F1B1FA81F15D
:10B40000039B1C7841EA44142046FFF7CFFB07EB6F
:10B410004000828AC808C2F38203CDE90423019365
:10B42000012319F8006001F0070103FA01F126EA8F
:10B43000010109F8001007A80794FFF7FBFB079923
:10B44000049A803150F8216012F0100F059BC6F36A
:10B4500001462CD021464046019A05F0CFF907A8B5
:10B460000794FFF7E7FB079BF6B2803350F82330D1
:10B47000C3F301439E4207D10021204605F02AFA7A
:10B480003146204605F026FA07A80794FFF7D2FBBD
:10B490000122079B02FA03F30362224BD3F83031F7
:10B4A000072B01BF036A036A036A036AA0E7022E3F
:10B4B00014BF022103212046049305F00BFA049BDC
:10B4C000032B03D0022E07D1012BDDD121464046AC
:10B4D000019A05F093F9D7E7032ED5D1022BF4E7B3
:10B4E00095FAA5F3B3FA83F304FA03F225EA020509
:10B4F00003F5A2725AF8222007EB43034046B3F843
:10B500007C10C2F3014205F079F969E77830020155
:10B51000401F0201FB2F0201843E0201901E020126
:10B52000843E02010000FF01F8B517460E4649B9F6
:10B530000C490D4834230D4A04F0A7FB34210B4875
:10B5400004F09AFB0A4D2C7944B91220FCF718FD3F
:10B55000012320462B712E60AF60F8BD6FF077009D
:10B56000FBE700BF8A2D0201401F0201B930020132
:10B57000F85F002138B518B1154B1B79012B09D0A4
:10B58000144915484723154A04F07FFB4721134807
:10B5900004F072FB0023124A50F8234003F5A27115
:10B5A0000133102B42F82140F6D100230C4A00F160
:10B5B0003C0103F5B27451F8045F0133102B42F8DB
:10B5C0002450F6D1D0F88030C2F8043338BD00BF23
:10B5D000F85F0021F4300201401F0201B93002017E
:10B5E0000020014108B5094B1B79012B09D00849FE
:10B5F00008487623084A04F048FB7621064804F000
:10B600003BFB064A8340C2F8043308BDF85F0021C3
:10B610002B310201401F0201B9300201002001411B
:10B6200008B5094B1B79012B09D0084908487E232E
:10B63000084A04F02AFB7E21064804F01DFB064A56
:10B640008340C2F8083308BDF85F00212B310201A6
:10B65000401F0201B930020100200141F8B5012666
:10B660000027124B124DD3F80C4304B9F8BD94FADD
:10B67000A4F0B0FA80F006FA00F30F2824EA0304DD
:10B680000BDD0C490C4840F217230C4A04F0FDFA7C
:10B6900040F21721094804F0EFFA094B82009F504D
:10B6A0002B68002BE1D0A9689847DEE70020014114
:10B6B000F85F002186310201401F0201543102016E
:10B6C000002101412DE9F0410E4617460C4D55F879
:10B6D0001C4FAC4203D16FF01200BDE8F08131463F
:10B6E00054F8440CA4F14408FBF75CF930B9C7F8EE
:10B6F00000804046BDE8F04105F01ABA2468E8E74A
:10B700000460002110B5D0E909124A60416A00F1D5
:10B7100024031160C0E909334368044603B1984724
:10B72000054A936833B11279062A03D907202268A3
:10B7300002499847002010BD0460002191310201A8
:10B740002DE9F04107460D460B4E56F80C4FB4421A
:10B7500002D16FF001000AE0394654F8240CA4F13C
:10B760002408FBF71FF920B91DB1C5F80080BDE81A
:10B77000F0812468EBE700BF0460002138B504467F
:10B7800000B30068F0B10378E3B10021FFF7D8FF00
:10B79000D8B104F11C03C4E907330D4B04F12402B2
:10B7A000196903F10C00A16260621A610A609D6868
:10B7B00035B11B79062B03D9072022680549A84714
:10B7C000002038BD6FF01500FBE76FF01000F8E7C0
:10B7D000046000219331020138B5124C05462168FE
:10B7E00019B100200131216038BD2422204605F026
:10B7F0003BFF2B682846A3602B79237104F10C03CF
:10B80000C4E9033304F11403C4E9053304F11C0350
:10B81000C4E9073300F01AF80028E5D123680133A2
:10B820002360E1E70460002138B5074D2C68013C36
:10B830002C6044B900F012F821462846BDE8384093
:10B84000242205F011BF38BD0460002108B502486C
:10B85000FFF794FF002008BD9C0100210148FFF77D
:10B8600051BF00BF9C0100210EB4431E062B33B50F
:10B8700088BF0020094B05AC54F8045B53F8201036
:10B88000074804F0ECF9214628460194FBF73CFAFE
:10B8900002B0BDE8304003B0704700BF941E020103
:10B8A000AE3102012DE9F04F87B017469B460446A2
:10B8B000DDF840A000284BD0056A35B12D6825B1D0
:10B8C000AC4607B0BDE8F04F6047E36A9F4242D8FC
:10B8D0000026BE4203D1002007B0BDE8F08F182338
:10B8E00003FB06F8D4F83090A26909EB08052B1D7C
:10B8F0000593CAB9686969680368B5F80CC0C91AC4
:10B90000AB680CF1030E5D1E05EB0C155B4205EBFD
:10B910004E051D4005EBCC0385680633A94228BFC0
:10B920004FF0FF3105F0D0F859F808302046029367
:10B93000236AB1B29B6A01935AF8263000935BF8F0
:10B940002620059B05F039F90028C5D10136C0E74E
:10B950006FF01500C0E70148BEE700BF40F4FFFFED
:10B9600010B5044690B1028D43899A4209D0084A25
:10B97000936833B11279032A03D942680549042038
:10B9800098472046BDE8104005F059BE10BD00BFE5
:10B99000046000214932020130B544898C4212D939
:10B9A000436A013C5D882C4003EBC40359609A60F4
:10B9B000BFF35B8F426A538801335380438D013359
:10B9C0004385002030BD0148FCE700BF41F4FFFF84
:10B9D00070B4039E144658B1006A48B143B10134B3
:10B9E00006D0002E04DBC46F14B1A44670BC6047BF
:10B9F000014870BC704700BF2DF8FFFF70B4039E74
:10BA0000144660B1006A50B14BB1013407D0002E2A
:10BA100005DBD0F88C4014B1A44670BC60470148E7
:10BA200070BC70472DF8FFFF2DE9FF47DDF834802B
:10BA30000E4691469A460546002876D0002974D0D5
:10BA4000B8F1000F71D001F16407384605F01FFA14
:10BA5000BAF1FF3F49D1346E06F1500204F1800083
:10BA6000844204F01F0C07D2C4F3411152F8211094
:10BA700021FA0CF1C90736D4012104F07F046009D2
:10BA800052F8203004F5806A01FA0CF104F2014406
:10BA90000B4304F07F0442F8203034666B6C4A4656
:10BAA00003930E9B2946CDE901830C9B30460093FE
:10BAB000534605F08BFA384601F0D0FA2C7874B171
:10BAC00096F89C405CB1AB6A013330D10021284626
:10BAD00005F01CFA044610B1284605F0EDF92046A1
:10BAE00004B0BDE8F0870134BAE7BAF5806FD5D36A
:10BAF000AAF580637F2B06F150010FD8580951F841
:10BB0000204003F01F0324FA03F2D2070BD40122D2
:10BB100002FA03F3234341F82030BFE7054C3846CF
:10BB200001F09CFADBE7044CF9E7024CD7E700246C
:10BB3000D5E700BF2DF8FFFF29F8FFFF08B58368A0
:10BB40001A0C0AD1094A93682BB11279022A02D938
:10BB5000032007499847002008BDA3F58033836080
:10BB6000180CB0FA80F04009F6E700BF046000212D
:10BB70006B32020138B50446E8B100F1640528468D
:10BB800005F075FAD4F8AC309B692BB9D4F8A04015
:10BB9000103C002C03DC01E0012B05D0074C2846AB
:10BBA00005F063FA204638BDD4F8B40005F057F923
:10BBB000A0F11004EDE7024CF4E700BF2EF8FFFF00
:10BBC0002DF8FFFF38B50446E8B100F164052846BA
:10BBD00005F04DFAD4F8AC309B692BB9D4F8A440E9
:10BBE000103C002C03DC01E0012B05D0074C28465B
:10BBF00005F03BFA204638BDD4F8B00005F02FF927
:10BC0000A0F11004EDE7024CF4E700BF2EF8FFFFAF
:10BC10002DF8FFFF2DE9F041A3F1100853F8087C3F
:10BC2000002388B00693ADF81E301023CDE904122E
:10BC30000E9D0446D0F8B800ADF81C500168866827
:10BC4000A8EB0101B14228BF4FF0FF310DEB030219
:10BC500004F001FF1028BFB20BD024494FF4DF736A
:10BC6000234A244804F011F84FF4DF71204804F00F
:10BC700003F804F16406304605F0F9F9D4F8AC3065
:10BC80009B69D3B9D4F8A020D4F8AC30D4F8B40070
:10BC90009B69CBB9CDE90282CDF80080012202A9CF
:10BCA00004F0B8FFB0B1144940F2C913104A11486A
:10BCB00003F0EBFF40F2C911D8E73946D4F8B400DD
:10BCC00005F03EF80246DFE7012B03D13946FFF7C6
:10BCD00063FEE7E7D4F8B40005F08BF8304605F0D2
:10BCE000C4F9284608B0BDE8F08100BFCF32020198
:10BCF0008C320201401F0201E8320201F0B5044615
:10BD00008E680D46B6B23146D0F8B00085B005F069
:10BD100017F8D4F8AC3007469A699AB90095CDE97E
:10BD200002500123D4F8B00002A904F073FF48B117
:10BD30000F497D230F4A104803F0A7FF7D210D48CE
:10BD400003F09AFFD4F8AC309B69012B0ED13A4630
:10BD50003146D4F8B000FFF71FFE38B10449832301
:10BD6000044A054803F091FF8321E8E705B0F0BDE0
:10BD7000F43202018C320201401F02012DE9FF4121
:10BD800003689E6A06F16408404605F070F9D6F82B
:10BD9000AC309B69DBB9D6F8B0000DF10A0203A9FB
:10BDA00004F094FF0446D6F8AC309B69012B07D110
:10BDB000D6F8B00003AA0DF10A0104F0CCFF044646
:10BDC0003CB9404605F051F904B0BDE8F0810024CB
:10BDD000E9E7BDF80A3000216268A36030464FF001
:10BDE000FF3305F0C9F8054605F057F8A36840464B
:10BDF00003F58033A36005F038F9E5B1AB6A696CEF
:10BE0000013308BF2368284608BFAB622368A289B4
:10BE100000916F6B04F11001B84700280BDA11494B
:10BE2000114840F25A23114A03F02FFF40F25A21E1
:10BE30000E4803F021FF404605F019F9284605F0A9
:10BE400031F82046FFF77AFE38B130462146FFF739
:10BE500055FFD6F8B00004F0CCFF404605F005F9D8
:10BE600092E700BFFD320201401F02018C32020145
:10BE70002DE9F04385B00F46904603A90D9A06467A
:10BE8000994605F0BAF9044650B30C9D039BD6F8C9
:10BE9000B8009D42A8BF1D460168D0F808C0611ACD
:10BEA000614528BF4FF0FF312B464A4604F0D3FDD1
:10BEB00085420BD00B490C484FF405730B4A03F035
:10BEC000E4FE4FF40571094803F0D6FE23464246CE
:10BED000394630460095FFF79DFE05B0BDE8F0837A
:10BEE0000348FAE709330201401F02018C320201C4
:10BEF0002EF8FFFF2DE9F0478AB00D46DDE91297D5
:10BF000016469846044620B9944E30460AB0BDE81D
:10BF1000F0870029F8D0002BF6D00021A022C0F82D
:10BF2000C81005F0A1FB012204F16400114605F0E0
:10BF300092FA8B4BC4F8AC506667AC62E367894BEE
:10BF4000C4F88030884BC4F88430884BC4F88830FB
:10BF5000874BC4F88C30874BC4F89030864BC4F8BC
:10BF60009430864BC4F89830AB693BB9002FCBD0E6
:10BF700097E8070004F1A00383E80700AB69012BF1
:10BF800004D02B6A03BB6FF00506BEE7D4F8AC0003
:10BF9000002800F0E080036A002BF4D09B68002B9F
:10BFA000F1D0984742060CD50021D4F8AC0005F03A
:10BFB0004CF806460028A8D10021212002F0CCFB35
:10BFC000E4E74307F8D5DCE71B69002BDBD0284604
:10BFD0009847AB69012B04BF0023286100F00100E2
:10BFE00008BF6B6184F89C00AB69DBB93B7A002B1E
:10BFF00000F0838009F10C03C4F8BC30B9F1000FE4
:10C0000082D0D9F80820002A00F0A3809B68002B7A
:10C0100000F09F805A4B04935A4B05935A4B06935A
:10C020005A4B0793AB69012B07D1564B0493544BE2
:10C030000593564B0693544B0793002104F1C0031C
:10C04000C4E9303306ABC4F8B88002220093284616
:10C05000019104ABFFF726FC064600287FF455AF9C
:10C06000AB693BB92B6B1B68C4F8B0302B6B9B6979
:10C07000C4F8B430AB69012B07D12B6B9B69C4F8B2
:10C08000B0302B6B1B68C4F8B430D4F8B40004F0A3
:10C0900082FE2B6B1B68C3F82C802B6B9B69C3F84B
:10C0A0002C80D5F818A0BAF1000F07D1D4F8A4302D
:10C0B0000993D4F8B0305B89534520D894F89C306C
:10C0C000C4E9004463B100230293314B204601933D
:10C0D0003523304A0394009304F1080104F076FFFD
:10C0E000AB69002B7FF411AF0421284604F0ADFFAB
:10C0F000074600283FF409AF26E04B467CE7484658
:10C10000D4F8A41005F06AF80746E0B1D8F800109A
:10C110000890411AD8F808000022814228BF4FF049
:10C12000FF31D4F8A430404604F0CEFC0097012340
:10C130000022D4F8B00008A904F06CFD074618B935
:10C140000AF1010AB5E7144F284604F077FF3E468E
:10C15000DBE6114ED9E66FF01506D6E62DF8FFFFA7
:10C1600071BE0101C3100201A9110201FB110201FC
:10C1700015BC01017B100201C5BB010175BB0101AA
:10C18000173302011D3302017DBD01016910020157
:10C19000E7100201233302012EF8FFFFF0B5054638
:10C1A0000E46174687B0074A03AC07CA84E8070063
:10C1B0000C9A3146009228463A460194FFF79AFEBF
:10C1C00007B0F0BD841A020138B5436905463BB992
:10C1D0000024EA686042537843F00103537038BD8D
:10C1E000984704460028F3D000F1FF03FE2B0ED938
:10C1F0002123094A09490A4803F047FD29680948EB
:10C20000224603F042FD2121034803F035FDEB688F
:10C2100044421C70DDE700BF2633020149330201AE
:10C22000401F02016133020170B50446EFF311862D
:10C23000402383F31288BFF36F8F0E4B9D6805F088
:10C24000C6F8042C0CD10C4987230C4A0C4803F087
:10C250001CFD0C4803F019FD8721084803F00CFD74
:10C2600086F31188BFF36F8F2846BDE87040FBF757
:10C270004DBF00BF28600021A833020186330201B0
:10C28000401F0201C533020138B50A4B53F8204064
:10C29000013053F82050A54200D838BD606830B155
:10C2A000037EDB0701D4FFF78FFF0834F3E7236831
:10C2B0009847FAE7B41E0201012270B5374B86B0E9
:10C2C00003201A70FFF7E0FFFCF7C4FC05F0BEF98D
:10C2D0000420FFF7D9FF324C324DAC42264628D914
:10C2E00031494423314A324803F0CFFC314803F04E
:10C2F000CCFC44212D4803F0BFFC54F80C3C0593C2
:10C3000054F8103C049354F8143C039354F8183C2C
:10C31000029354F81C3C019354F8203C009354E9D8
:10C320000A2354E90C0101F07FFB54F8303C5E65B0
:10C33000D3E7AE4204F13004DFD301F0C1FF184C63
:10C34000AC421FD918496823184A194803F09DFCCC
:10C35000184803F09AFC6821CCE7D4E90A23B3F12A
:10C36000FF3F08BFB2F1FF3F05D052EA030120684A
:10C3700003D102F023FA3034E2E70F49183002F01B
:10C380004DFDF8E7E9D302F00DF803F0B2FA0B4ADD
:10C39000938923F00103938106B070BD0A610021E7
:10C3A000C0190201201A02011B340201FA330201F2
:10C3B000401F02014834020149DF0101385C0021BD
:10C3C0000023012270B586B0CDE904230F2201932A
:10C3D000CDE9023214230F4D0F4E03FB00550F49D8
:10C3E00006EBC016044601EB00214FF48072304684
:10C3F0000B4B009501F018FB337C2C7423F00403E5
:10C400003374084B013403EBC423EE606B6006B059
:10C4100070BD00BF28600021B85B002110790021A9
:10C4200035C60101107100217FB50020FFF72CFFF8
:10C43000344B03F5006282F3088883F30A88E02313
:10C44000314C84F822302023E3770023237663766F
:10C45000A37684F82030626A42F4E022626284F8B3
:10C460002330FBF7F9FCFBF73BFE4FF0FF33A362F1
:10C47000E362FCF74BF8FBF7B3FE244801F07EFBC8
:10C48000234B244A93420ED92349CC23234A2448E0
:10C4900003F0FBFB234803F0F8FBCC211F4803F01B
:10C4A000EBFB1C33EEE7FCD3FCF7CCFB0120FFF7E2
:10C4B000EBFE02201C4CFFF7E7FE02F02DF81B4BB1
:10C4C00000255C611A4B4FF4006205930123194962
:10C4D000CDE903532046184BCDE90155009501F0F5
:10C4E000A3FA0646237C204623F00403237401F0BC
:10C4F000E5FC2846FFF764FF314620460E4AFBF76D
:10C50000CFFD00BF1071002100ED00E0B85C0021FC
:10C5100008180201CC18020167340201FA33020143
:10C52000401F020148340201385C002128600021CC
:10C530007F340201107A0021B9C2010138B50D4CD7
:10C540000D4DAC4213D90D4925230D4A0D4803F07A
:10C550009CFB0D4803F099FB2521094803F08CFB57
:10C560002046D4E9011204F035FF1834E9E7F7D387
:10C57000002038BDE0010021F8010021EE34020165
:10C5800084340201401F020148340201F8B5054617
:10C590000E4600F11404EFF31187402383F3128851
:10C5A000BFF36F8F204602F0DFFB68B984231B4A7C
:10C5B0001B491C4803F069FB21461B4803F065FB3F
:10C5C0008421164803F058FB204602F0F1FB284670
:10C5D000314603F0A6FA05F10C0001F055FF28B131
:10C5E00039462046BDE8F84004F0AFBF204602F0CF
:10C5F000C9FB68B94FF49973084A0C49094803F01C
:10C6000044FB21460A4803F040FB4FF49971D8E7F8
:10C6100087F31188BFF36F8FF8BD00BFE9210201D6
:10C6200042220201401F020157220201162202018A
:10C630002D22020108B50D4B9B6893F90E30002B9B
:10C6400009DB4024EFF3118384F31288BFF36F8F6B
:10C6500003F0E6FDF6E7064906481C23064A03F008
:10C6600014FB1C21044803F007FB00BF28600021D5
:10C6700028350201401F02010735020108B5836811
:10C680004BB90B490B48A4230B4A03F0FEFAA42133
:10C69000094803F0F1FAD0E9003213605A60002330
:10C6A000027CC0E9003322F002020274836008BDFC
:10C6B0007B350201401F0201503502012DE9F74F81
:10C6C0000446884692461E469DF83090EFF3058357
:10C6D00073B152EA06030BD05E4999235E4A5F4864
:10C6E00003F0D3FA5E4803F0D0FA99215A4819E0D2
:10C6F00004F10805EFF311874FF0400B8BF312881C
:10C70000BFF36F8F284602F02FFB68B98423554A88
:10C710005549524803F0B9FA2946544803F0B5FA8E
:10C720008421504803F0A8FA284602F041FB626ACF
:10C7300023699A4276D2EFF311838BF31288BFF309
:10C740006F8F83F31188BFF36F8F5BB94849BB23A9
:10C75000484A424803F099FA414803F096FABB214F
:10C760004448DFE72668B44219D0C6B13046FFF727
:10C7700085FF06F1180002F02DFCE2680024414616
:10C78000706904F064FF3046B46701F097FB3946E6
:10C79000284604F0DAFE204603B0BDE8F08F206A98
:10C7A0006669B04207D3A3695A1E904203D8E26873
:10C7B000191A914207D23049B423274A274803F077
:10C7C00064FAB42192E7B9F1000F21D0414604F098
:10C7D0003EFF236AE2681344A2692362934201D1B7
:10C7E00063692362636A013363620024284602F0AE
:10C7F000C9FA50BB4FF499731A4A2049174803F0FD
:10C8000044FA29461E4803F040FA4FF4997188E72C
:10C81000E1698E4218BF0B46981A4146E06104F068
:10C8200016FFDFE75AEA06030CD0164B22469B6838
:10C830003946C3F814802846CDE900A601F0CCFBA8
:10C840000446A8E76FF02204D0E787F31188BFF30E
:10C850006F8FA0E7A634020192350201401F02014A
:10C86000EB340201E92102014222020157220201B6
:10C87000B435020150350201CC3502011622020105
:10C880002D220201286000212DE9F7430446884645
:10C8900017461D46EFF3058383B152EA05030DD019
:10C8A00060494FF49773604A604803F0EEF96048BE
:10C8B00003F0EBF94FF497715B4818E004F10806B8
:10C8C000EFF31189402383F31288BFF36F8F304653
:10C8D00002F04AFA68B98423564A5749534803F08C
:10C8E000D4F93146554803F0D0F98421514803F07A
:10C8F000C3F9304602F05CFA636A002B67D0E26845
:10C900004046E16904F0A3FEE369E2681344A269CA
:10C91000E361934204BF6369E361636A013B63625D
:10C92000EFF31183402282F31288BFF36F8F83F3FA
:10C930001188BFF36F8F5BB94149BB23414A3B4824
:10C9400003F0A3F93A4803F0A0F9BB213D48CEE734
:10C950002568AC424BD0002D4AD02846FFF78EFE0A
:10C9600005F1180002F036FB206A6369984207D38C
:10C97000A3695A1E904203D8E2681B1A934209D257
:10C9800031494FF4A473284A284803F07EF94FF444
:10C99000A47191E7696904F05AFE236AE2682846A7
:10C9A0001344A2692362934204BF63692362636AEA
:10C9B000013363620024AC6701F080FA49463046D7
:10C9C00004F0C3FD2546284603B0BDE8F08357EACE
:10C9D00005031FD01D4B22469B684946C3F81480AF
:10C9E0003046CDE9007501F0F7FA0546EBE7002582
:10C9F000304602F0C7F980B94FF499730D4A1449D3
:10CA00000A4803F042F93146124803F03EF94FF468
:10CA100099716BE76FF02205EAE789F31188BFF39C
:10CA20006F8FD0E7A634020192350201401F020148
:10CA3000EB340201E92102014222020157220201E4
:10CA4000B435020150350201CC35020128600021C5
:10CA5000162202012D2202012DE9F3410446174658
:10CA60001E46EFF3058565B154497323544A554872
:10CA700003F00BF9544803F008F97321504803F010
:10CA8000FBF8EFF31188402383F31288BFF36F8F15
:10CA90004E4802F069F960B984234D4A4D4949482E
:10CAA00003F0F3F849494C4803F0EFF88421484873
:10CAB000E5E7464802F07CF9484BE2689B6892B192
:10CAC000A068984227D057EA06022CD13F4802F0CE
:10CAD00059F990B188F31188BFF36F8F6FF00F0091
:10CAE00002B0BDE8F08193F90E100132C4E90232C0
:10CAF0003648216102F046F978B94FF49973344A07
:10CB00003749304803F0C1F83049364803F0BDF8E2
:10CB10004FF49971CBE72169E7E788F31188BFF3F8
:10CB20006F8F0020DCE793F90E1090F90E309942D8
:10CB300005DA9942A8BF194604F05DFC0546224675
:10CB40004146CDE90076214801F046FA0028E8D0B8
:10CB5000EFF31186402383F31288BFF36F8F1B48D6
:10CB600002F002F9002897D0184802F021F9A068D5
:10CB7000C0B1236821699C420AD04BB193F90E30B1
:10CB80009942A8BF19466FF07F039942B8BF194672
:10CB900004F031FC30B131460C4804F0D6FC6FF0A3
:10CBA0000A009DE7002DF6D1084802F0EBF80028B6
:10CBB000A3D086F31188BFF36F8FF0E7943602019C
:10CBC00072360201401F0201A636020148600021B0
:10CBD000E9210201422202015722020128600021BC
:10CBE000162202012D220201F8B50546EFF3058356
:10CBF00063B15549EA23554A554803F046F855486C
:10CC000003F043F8EA21514803F036F88368002B1B
:10CC100000F09480504A9268934240F09280C3683A
:10CC20004BB94E494FF48173484A494803F02DF8F7
:10CC30004FF48171E7E7012B03D0013BC360002073
:10CC4000F8BDEFF31187402484F31288BFF36F8F90
:10CC5000434802F089F860B98423424A42493C487B
:10CC600003F013F83E49414803F00FF884213D4892
:10CC7000CAE73B4802F09CF82969A86804F0BBFBAE
:10CC8000EFF3118384F31288BFF36F8F83F311885E
:10CC9000BFF36F8F5BB93649BB23364A2C4802F08D
:10CCA000F4FF354802F0F1FFBB213248ACE72C68B5
:10CCB000A54215D100232A48C5E9023302F062F8E3
:10CCC000002836D14FF49973264A2C49204802F0A7
:10CCD000DCFF23492A4802F0D8FF4FF49971C6E7D8
:10CCE000002CE7D0A3683BB92649A423214A184861
:10CCF00002F0CBFFA421D8E70026D4E9003213606C
:10CD00005A60237CC4E9006623F002032374A66002
:10CD100004F1180002F05EF9AC6094F90E30204680
:10CD20002B61A66701F0CAF839460D4804F00DFCE6
:10CD300085E787F31188BFF36F8F80E76FF01500E9
:10CD40007EE74FF0FF307BE7943602017236020136
:10CD5000401F0201A636020128600021CB360201E5
:10CD600048600021E921020142220201572202010A
:10CD7000B435020150350201EB34020116220201E2
:10CD80002D2202017B35020108B583684BB90B499E
:10CD90000B48A4230B4A02F078FFA421094802F0B3
:10CDA0006BFFD0E9003213605A600023027CC0E9B7
:10CDB000003322F002020274836008BD7B35020159
:10CDC000401F0201503502012DE9F04704460D468F
:10CDD00091469A469DF8206000F10807EFF311880C
:10CDE000402383F31288BFF36F8F384601F0BCFFF6
:10CDF00060B984234A4A4B494B4802F046FF394602
:10CE00004A4802F042FF842145481BE0384601F0C1
:10CE1000CFFF06B16568EFF31183402282F31288D9
:10CE2000BFF36F8F83F31188BFF36F8F63B94049EE
:10CE3000BB23404A3C4802F028FF3F4802F025FF50
:10CE4000BB213C4802F018FF234653F80C6F9E426A
:10CE500015D0A6B100243046FFF796FF06F1180062
:10CE600002F0B8F83046B467C6F8149001F026F81E
:10CE70004146384604F069FB2046BDE8F087BAF128
:10CE8000000F14D0082002F0CBFA00283FD0012276
:10CE9000C0F804900260016801F003015DB92268E6
:10CEA0000A430260626820606AB960600BE048462D
:10CEB000C9F800A0EFE72A68032A1DD8016061685D
:10CEC000A1B9C4E900000024384601F05BFF08BBAB
:10CED0004FF49973124A1949134802F0D6FE3946A5
:10CEE000174802F0D2FE4FF499718DE70A6802F0FC
:10CEF000030202430A60D8E722F003020A430260F9
:10CF00002A6802F0030240EA02032B60DBE76FF0BD
:10CF10000B04D9E788F31188BFF36F8FACE700BF2C
:10CF2000E921020142220201401F020157220201AF
:10CF3000B435020150350201EB3402011622020120
:10CF40002D2202012DE9F743064690461F4600F1C7
:10CF50000805EFF31189402383F31288BFF36F8F25
:10CF6000284601F001FF68B98423254A254926484F
:10CF700002F08BFE2946254802F087FE84212048D6
:10CF800002F07AFE284601F013FF3468FCB12368F2
:10CF9000726823F00303944220464FF0010133608E
:10CFA00008BF736004F036FA0446284601F0EAFE32
:10CFB000E8B94FF49973124A1549134802F065FE17
:10CFC0002946144802F061FE4FF49971D7E758EAF8
:10CFD0000703EAD049462846CDE9008706F10C024E
:10CFE00000F0FAFF38B90C4B9B685C6903E089F3E9
:10CFF0001188BFF36F8F204603B0BDE8F08300BFF8
:10D00000E921020142220201401F020157220201CE
:10D01000162202012D2202012860002108B5836832
:10D020004BB90B490B48A4230B4A02F02EFEA42156
:10D03000094802F021FED0E9003213605A60002353
:10D04000027CC0E9003322F002020274836008BD52
:10D050007B350201401F02015035020170B50446C4
:10D06000EFF31186402585F31288BFF36F8F2F48A9
:10D0700001F07AFE60B984232D4A2E492E4802F031
:10D0800004FE2A492D4802F000FE8421284818E0B9
:10D09000264801F08DFEEFF3118385F31288BFF36C
:10D0A0006F8F83F31188BFF36F8F63B92449BB235C
:10D0B000244A214802F0E9FD234802F0E6FDBB21A5
:10D0C000204802F0D9FD2568AC4212D08DB1284627
:10D0D000FFF7A4FF05F1180001F07CFF00232846AC
:10D0E000AB6700F0EBFE3146BDE870400F4804F03E
:10D0F0002CBAD4E902329A4218BF01330B48A3601C
:10D1000001F040FE68B94FF49973094A0F490A4883
:10D1100002F0BBFD05490E4802F0B7FD4FF49971CE
:10D12000B4E786F31188BFF36F8F70BD4C600021A8
:10D13000E921020142220201401F0201572202019D
:10D14000B435020150350201EB340201162202010E
:10D150002D220201F7B5044616461D46EFF305835E
:10D160007BB152EA05030CD02D4988232D4A2E4865
:10D1700002F08BFD2D4802F088FD8821294802F03D
:10D180007BFDEFF31187402383F31288BFF36F8F8A
:10D19000274801F0E9FD60B98423264A2649224840
:10D1A00002F073FD2249254802F06FFD84212148D9
:10D1B000E5E71F4801F0FCFDA368D3B1013B1C4823
:10D1C000A36001F0DFFD68B94FF49973194A1C4957
:10D1D000154802F05AFD16491A4802F056FD4FF460
:10D1E0009971E4E787F31188BFF36F8F002003B0D4
:10D1F000F0BD56EA05030BD10D4801F0C3FD002830
:10D20000E2D087F31188BFF36F8F6FF00F00EEE766
:10D2100022463946CDE90065054800F0DDFEE6E727
:10D2200002370201E2360201401F0201EB34020123
:10D230004C600021E9210201422202015722020131
:10D24000162202012D2202012DE9FF410446794EEA
:10D25000EFF31187402383F31288BFF36F8F764873
:10D2600001F082FD68B98423744A7549754802F05B
:10D270000CFD7149744802F008FD84216F4802F0EA
:10D28000FBFC6D4801F094FDD4F88450F5B90221FF
:10D2900004F19C0004F0EBF8002840D004F1940560
:10D2A00000220121284601F01BFC0028F8D10023B0
:10D2B0004FF0FF3202934FF0FF333946CDE90023A0
:10D2C0005D4804F18C0201F069FCC1E7D4F88820C4
:10D2D0002B68954208BFC4F88830C4F88430D4F86D
:10D2E0009C30554843F00203C4F89C30EB68D5F8F5
:10D2F000048023F0040343F00103EB6001F042FDDE
:10D30000F8B94FF499734D4A50494E4802F0BDFCAC
:10D3100049494F4802F0B9FC4FF49971AEE7D4F88F
:10D320009C30DD06C3D5C4F89C00434801F02AFDBB
:10D330000028E6D087F31188BFF36F8F04B0BDE8F3
:10D34000F08187F31188BFF36F8FB8F1000F0AD116
:10D3500040493C4840F2F3233F4A02F096FC40F239
:10D36000F3213D488BE72846C047EFF31187402360
:10D3700083F31288BFF36F8F2F4801F0F5FC00286C
:10D380003FF471AF2C4801F013FDEB68D90623F090
:10D39000010236D4EA60EB689A0716D5306823F0AC
:10D3A0000203EB6088B10022036870B141688D42CE
:10D3B00035D103686ABB72683360904200D17360F4
:10D3C000002340F8083BFFF749FED4F89C3023F0D7
:10D3D0000203C4F89C30DB0529D4D4F88450003D06
:10D3E00018BF0125144801F0CDFC002889D087F32F
:10D3F0001188BFF36F8F002D3FF42AAF01F094F82E
:10D4000026E723F01103EB6005F11000FFF726FE7D
:10D41000C1E713607368984208BF7260D0E70246A4
:10D420001BB1196818460B46BFE71946FAE70025F5
:10D43000D8E700BF5060002158600021E9210201B7
:10D4400042220201401F020157220201162202015C
:10D450002D220201A53702014F370201F8B5C3683A
:10D4600004469A070E46C3F340054FD45F074FD4D6
:10D470000B680BB983680B60E368D80736D5A368DF
:10D480005BB92549254840F25713254A02F0FDFBB8
:10D4900040F25711224802F0EFFB02253360376853
:10D4A00067B3204B9A68D7F880309A4220D104F0B5
:10D4B00001F880F00100C0B2D7F89C30D907C3F35F
:10D4C00080021ED502B308B300232360D7F888304A
:10D4D00083B9C7E92144384603F0D5FFE36843F038
:10D4E0000403E3603368A3602846F8BD0125D6E74E
:10D4F0000020E1E71C60C7F88840ECE76FF01505F5
:10D5000006E06FF0120503E01B07DDD56FF00F0595
:10D5100000233360E8E700BF70370201401F0201BB
:10D520004F3702012860002138B50D46044648B93E
:10D530000C499C230C4A0D4802F0A7FB9C210A4889
:10D5400002F09AFB39B90A499D23074A074802F0BD
:10D550009CFB9D21F3E71022002104F085F8656013
:10D5600038BD00BF8B3702014F370201401F020157
:10D57000A5370201F8B5C368064603F00503002B82
:10D580000C4614BF0127002729D085685DB91D49C5
:10D590001D4840F2C1131D4A02F077FB40F2C11151
:10D5A0001A4802F069FB0122002104F1100003F087
:10D5B00052FF20461649FFF7B7FFE36843F0100318
:10D5C000E360F3685B0712D5336823606BB9D5F865
:10D5D000883033B9C5E92144284603F054FF384662
:10D5E000F8BD1C60C5F88840F6E73460F4E7D5F86C
:10D5F00084302360D5F88830C5F88440002BEBD107
:10D60000F0E700BF76370201401F02014F370201E9
:10D610008514020137B50C46019059B9284940F2EA
:10D620007D13284A284802F030FB40F27D1125483E
:10D6300002F022FB4B684BB924494FF4BF73214AD7
:10D64000214802F022FB4FF4BF71F0E7EFF31185A0
:10D65000402383F31288BFF36F8F1D4801F084FBD2
:10D6600060B984231B4A1C49174802F00EFB184975
:10D670001A4802F00AFB84211648D9E7144801F041
:10D6800097FB204601A9FFF7E9FE0446104801F088
:10D6900079FB68B94FF499730E4A11490A4802F0B0
:10D6A000F4FA0B490F4802F0F0FA4FF49971E3E7EE
:10D6B00085F31188BFF36F8F204603B030BD00BFE4
:10D6C0008B3702014F370201401F02019F370201D1
:10D6D00058600021E9210201422202015722020181
:10D6E000162202012D22020170B50C46054658B9DA
:10D6F000384940F2CD13384A384802F0C6FA40F2B1
:10D70000CD11354802F0B8FAC368DB0509D53449B4
:10D710004FF4E773304A314802F0B7FA4FF4E7713B
:10D72000EFE703F0C7FE48B12E4940F2CF132A4A73
:10D730002A4802F0AAFA40F2CF11E2E74CB92A498E
:10D740004FF4E873244A254802F09FFA4FF4E87139
:10D75000D7E7EFF31186402383F31288BFF36F8F6F
:10D76000224801F001FB60B98423214A21491B486A
:10D7700002F08BFA1D49204802F087FA84211C48E8
:10D78000C0E71A4801F014FB28462146FFF7F2FED5
:10D790000546164801F0F6FA68B94FF49973144A31
:10D7A00016490E4802F071FA1049154802F06DFA58
:10D7B0004FF49971E3E786F31188BFF36F8F3DB1A2
:10D7C0004FF0FF324FF0FF3304F11000FFF7C2FCBF
:10D7D000284670BD8B3702014F370201401F0201FE
:10D7E000BC370201EB370201FA3702015860002111
:10D7F000E9210201422202015722020116220201FE
:10D800002D22020108B558B90849094840F22633CB
:10D81000084A02F03AFA40F22631064802F02CFAA1
:10D82000A022002103F020FF08BD00BF76370201CF
:10D83000401F02014F370201F0B589B004460E9D2A
:10D8400058B92F4940F253332E4A2F4802F01DFA9F
:10D8500040F253312B4802F00FFA49B92B494FF4EB
:10D860005573284A284802F010FA4FF45571F1E731
:10D87000D0F89C0010F0010009D0254940F2553342
:10D88000204A214802F001FA40F25531E2E7C4E9AA
:10D89000210004F18C00C4E9230004F19400C4E9E0
:10D8A000250055B32879002840F2011008BF012057
:10D8B000C4F89C0000204FF0FF364FF0FF37CDE951
:10D8C0000330CDE90100CDE906672046114B0094F5
:10D8D00000F00EF955B1296811B1204603F0F0FDB2
:10D8E0006B791BB1A38943F00103A381204600F0AB
:10D8F00065FFC4F8804009B0F0BD0120D8E700BF43
:10D90000423802014F370201401F0201483802012C
:10D910000E38020149D201017FB50D46044658B9BF
:10D92000374940F28633374A374802F0AEF940F2C1
:10D930008631344802F0A0F903F0BCFD48B1334908
:10D9400040F287332F4A304802F09FF940F2873186
:10D95000EFE7EFF31186402383F31288BFF36F8F55
:10D960002B4801F001FA60B984232A4A2A49264843
:10D9700002F08BF92649294802F087F984212548CD
:10D98000D8E7234801F014FAD4F89C3013F0060FBE
:10D9900015D165BBD4F8845095B91D4801F0F2F952
:10D9A00040BB4FF499731B4A1D49174802F06DF9AB
:10D9B00017491C4802F069F94FF49971DFE7B5B9CE
:10D9C00043F004032046C4F89C3003F05CFD0023C0
:10D9D0004FF0FF3202934FF0FF333146CDE9002381
:10D9E0000B4804F1940201F0D9F804B070BD43F083
:10D9F0000C03E7E786F31188BFF36F8F2846F4E73F
:10DA0000423802014F370201401F0201EB37020189
:10DA100058600021E921020142220201572202013D
:10DA2000162202012D2202012DE9F04385B00F9D3F
:10DA300004460F2D0E46984637D1274B984538D1CE
:10DA400004F15803C4E91633109B0027A381042373
:10DA50000732A57322F0070506EB05094946237432
:10DA60002046C4E90677A760E773F9F7BFFF0E9B6E
:10DA7000073020F00700A066C4E9186502930D9BEB
:10DA8000A9EB000901930C9B4A460093314643469B
:10DA90002046FAF7E9FA114B67659B6803B1DB6E24
:10DAA0004846E36605B0BDE8F08305F110031E2B80
:10DAB000C6D940F24B230A4A0A490B4802F0E5F85E
:10DAC00029460A486FF00F030E2202F0DEF840F2FA
:10DAD0004B21034802F0D0F835C60101286000212F
:10DAE0004E38020171380201401F0201F138020173
:10DAF000F0B587B00446DDE91276EFF3058575B120
:10DB0000194940F21733194A194802F0BEF819486A
:10DB100002F0BBF840F21731144802F0ADF8059559
:10DB2000109D04950F9D03950E9D02950D9D0195E9
:10DB30000C9D0095FFF778FFB6F1FF3F08BFB7F1E6
:10DB4000FF3F05D056EA070305D1204600F036FE18
:10DB5000204607B0F0BD3A46334604F118000649A6
:10DB600001F05CF9F4E700BF943602014E3802017F
:10DB7000401F02012239020149DF0101012310B5D2
:10DB80000374838100230446C0E9183301F042FC8A
:10DB9000014B9C6010BD00BF2860002170B590F95A
:10DBA0001020037C002A49DBD90647D163F07F03AC
:10DBB0000374264B984209D1254926485223264A08
:10DBC00002F063F85221244802F056F8234C224612
:10DBD00052F8183FE169934207D1C0E9002108607B
:10DBE000E0610FE08B42F8D01B68002BF5D093F971
:10DBF0000E6090F90E50AE42F4DD5968C0E9003174
:10DC000008605860A569954200D005B9E568A36829
:10DC10005BB91349EA23134A0E4802F036F812485A
:10DC200002F033F8EA210F48CEE71A7CD20606D17B
:10DC3000DA897F2A03D9AA690AB9636170BDAB4248
:10DC400002D0284601F00AF86561F7E7B85B0021C9
:10DC500069390201401F0201473902012860002191
:10DC6000B63902018A390201EB34020138B590F964
:10DC700010200146002A037C1BDA224A03F07F03AE
:10DC80009042037409D120495A23204A204801F0C8
:10DC9000FCFF5A211D4801F0EFFFDC0707D51D49A5
:10DCA0005B231A4A1A4801F0F0FF5B21F2E703F008
:10DCB0000AFC194D2A4652F8184FAB68944200D01E
:10DCC00004B9EC688B4214D05BB91449EA23144AB6
:10DCD0000F4801F0DAFF134801F0D7FFEA2110489E
:10DCE000D9E71A7CD20604D1DA897F2A01D9A26940
:10DCF0002AB1A34202D0204600F0B0FF23466B6158
:10DD000038BD00BFB85B0021693902014739020103
:10DD1000401F0201DD39020128600021B6390201ED
:10DD20008A390201EB34020108B5124A936880B1C6
:10DD3000197C11F0090F0CD10F49D9230F4A104853
:10DD400001F0A3FF0F4801F0A0FFD9210B4801F01B
:10DD500093FF6FF00A0199670B4958674B6843F0CE
:10DD600080534B60002383F31188BFF36F8F936858
:10DD7000986F08BD28600021203A0201F63902019F
:10DD8000401F0201893A020100ED00E070B504462F
:10DD90000D46F9B9EFF30586E6B91A4B5A699B6847
:10DDA0009A4217D000F0EEFF78B940F26D13164A90
:10DDB0001649174801F069FF2146164801F065FF32
:10DDC00040F26D11104801F057FF3046BDE8704039
:10DDD000FFF7AABF204600F0D5FF68B94FF499734A
:10DDE000094A0A490A4801F050FF2146094801F052
:10DDF0004CFF4FF49971E5E785F31188BFF36F8FFE
:10DE000070BD00BF28600021E92102011622020135
:10DE1000401F02012D22020108B583684BB9094950
:10DE20000948A423094A01F030FFA421074801F062
:10DE300023FF03F048FB037C23F002030374002359
:10DE4000836008BD7B350201401F0201503502018D
:10DE500038B5184CA168E0690B68814214BF1A46B6
:10DE6000002249680B605960A368E1692AB9124A27
:10DE7000C3E900210B60E3610AE092F90E5093F9C7
:10DE80000E00854212DD5168C3E900210B6053602A
:10DE9000A569094B9D4200D005B9E568A3689D427C
:10DEA00002D0284600F0DAFE656138BD8A42DED035
:10DEB0001268DBE7286000214060002138B5044685
:10DEC000EFF31185402383F31288BFF36F8F174858
:10DED00000F04AFF68B98423154A1649164801F034
:10DEE000D4FE1249154801F0D0FE8421104801F0FB
:10DEF000C3FE0E4800F05CFF2046FFF74FFE0B48C4
:10DF000000F040FF68B94FF49973094A0C490A4878
:10DF100001F0BBFE05490B4801F0B7FE4FF49971C3
:10DF2000E4E785F31188BFF36F8F38BD5C60002193
:10DF3000E921020142220201401F0201572202018F
:10DF4000162202012D22020138B5A0F11804EFF3C8
:10DF50001185402383F31288BFF36F8F174800F0B9
:10DF600003FF68B98423164A1649174801F08DFE4D
:10DF70001249164801F089FE8421114801F07CFE07
:10DF80000E4800F015FF204603F0CBFA0B4800F0D6
:10DF9000F9FE68B94FF49973094A0D490A4801F02E
:10DFA00074FE06490B4801F070FE4FF49971E4E7E6
:10DFB00085F31188BFF36F8F38BD00BF5C6000210F
:10DFC000E921020142220201401F020157220201FF
:10DFD000162202012D2202012DE9F047DFF8D4A01C
:10DFE000354D1746DDE90898DAF80820334BA8428A
:10DFF00004460E461A600BD13149324840F2B9232B
:10E00000314A01F042FE40F2B9212F4801F034FEBE
:10E01000EFF31183402383F31288BFF36F8F2846F9
:10E0200000F0A2FE60B98423284A2949254801F05E
:10E030002CFE2946274801F028FE84212348E5E7E5
:10E04000284600F0B5FEDAF808503946284603F0B5
:10E0500042FAB8F1FF3F08BFB9F1FF3F06D04A4688
:10E0600043461D4905F1180000F0D8FE204600F097
:10E0700089FE68B9194940F26D13144A114801F03C
:10E0800004FE2146164801F000FE40F26D11D5E76E
:10E09000094800F077FE40B9104940F26D130B4A71
:10E0A000084801F0F2FD0449ECE73046BDE8F047CE
:10E0B000FFF73ABE286000215C600021606000210B
:10E0C000B13A0201401F020147390201E921020170
:10E0D000422202015722020149DF010116220201F8
:10E0E0002D2202012DE9F04104460D46EFF3118780
:10E0F000402383F31288BFF36F8F594800F034FE3A
:10E1000060B98423574A5849584801F0BEFD544924
:10E11000574801F0BAFD8421524818E0504800F0F9
:10E1200047FE237C03F01F02002A0CBF01260026B5
:10E1300062D103F07F0323744E4B9C4209D14E49B8
:10E140005A234E4A494801F0A0FD5A214B4801F09C
:10E1500093FD204603F0B7F9237C6DB243F08003B2
:10E16000DA07A573237407D545495323434A3F482B
:10E1700001F08BFD5321E9E7DFF80881424652F8B0
:10E18000183FD8F81C10934208D1C4E900210C6054
:10E19000C8F81C400DE08B42F7D01B68002BF4D070
:10E1A00093F90E00A842F6DD5968C4E900310C600D
:10E1B0005C60D8F81840944200D00CB9D8F80C40F4
:10E1C000D8F808309C4202D0204600F047FDC8F83D
:10E1D0001440234800F0D6FD00283AD14FF499733B
:10E1E000204A2949214801F050FD1D49274801F0E6
:10E1F0004CFD4FF499718FE79B0728D5A16841B971
:10E2000023491A48A423234A01F03FFDA4212148B1
:10E210009DE720466DB203F056F9A5730B6899424D
:10E2200009D14B68C4E900131C604C60D1E74A680F
:10E230009342F6D01B68002BF3D093F90E20AA422C
:10E24000F5DD5A68C4E9003214605C60C1E7A5736B
:10E25000BFE787F31188BFF36F8F3046BDE8F081C9
:10E260005C600021E921020142220201401F0201FB
:10E2700057220201B85B00216939020147390201C6
:10E28000DD39020128600021162202012D2202013F
:10E290007B35020150350201034648B9EFF3058290
:10E2A00032B9064A51699268914201D0FFF73CBDEC
:10E2B00083F31188BFF36F8F704700BF2860002180
:10E2C00010B5EFF31184402383F31288BFF36F8FEF
:10E2D000284800F049FD60B98423274A2749284887
:10E2E00001F0D3FC2349274801F0CFFC84212248C8
:10E2F00012E0204800F05CFDEFF3058373B1224982
:10E3000040F23B33214A1E4801F0BFFC204801F097
:10E31000BCFC40F23B311D4801F0AEFC1D4B9A683D
:10E32000D37B012B0CD11C494FF44F73174A14486F
:10E3300001F0ABFC164801F0A8FC4FF44F71EAE77E
:10E34000013BD3730B4800F01DFD68B94FF499737E
:10E35000094A12490A4801F098FC0649104801F0A0
:10E3600094FC4FF49971C2E784F31188BFF36F8F67
:10E3700010BD00BF5C600021E921020142220201C0
:10E38000401F02015722020194360201473902015F
:10E39000EB34020128600021EA3A02011622020150
:10E3A0002D22020170B5EFF31186402383F312880A
:10E3B000BFF36F8F2A4800F0D7FC68B98423294A3D
:10E3C00029492A4801F061FC2549294801F05DFCF2
:10E3D0008421244801F050FC264D214800F0E8FC3F
:10E3E000AB68DA7B6AB9244940F24D33234A1F48AF
:10E3F00001F04BFC224801F048FC40F24D311F482F
:10E40000E8E7EFF3058161B11E4940F24E331B4A44
:10E41000164801F03AFC1A4801F037FC40F24E3140
:10E42000EDE70132DA732A4652F8184F944200D0D1
:10E4300004B9EC681A7CD20604D1DA897F2A01D9A2
:10E44000A2692AB1A34202D0204600F007FC23466D
:10E450006B613146BDE870400148FFF797BC00BFD3
:10E460005C600021E921020142220201401F0201F9
:10E4700057220201286000211B3B0201473902019B
:10E48000EB3402019436020138B50446EFF31185EE
:10E49000402383F31288BFF36F8F184800F064FCA9
:10E4A00068B98423164A1749174801F0EEFB13494F
:10E4B000164801F0EAFB8421114801F0DDFB0F480A
:10E4C00000F076FC204603F042F804460B4800F0CA
:10E4D00059FC68B94FF49973094A0D490A4801F08B
:10E4E000D4FB06490B4801F0D0FB4FF49971E3E7E8
:10E4F00085F31188BFF36F8F204638BD5C60002123
:10E50000E921020142220201401F020157220201B9
:10E51000162202012D220201024B03F11802C3E967
:10E52000062270472860002170B5EFF3058373B1B0
:10E5300038494FF49063384A384801F0A6FB384810
:10E5400001F0A3FB4FF49061334801F095FBEFF32A
:10E550001186402383F31288BFF36F8F314800F098
:10E5600003FC60B98423304A30492C4801F08DFB0C
:10E570002C492F4801F089FB84212B48E5E72D4CDD
:10E58000284800F015FCA168E0690B68814214BFBF
:10E590001A46002249680B605960A368E1692AB9EC
:10E5A000254AC3E900210B60E3610AE092F90E50AD
:10E5B00093F90E00854223DD5168C3E900210B6009
:10E5C0005360A5691C4B9D4200D005B9E568A3685E
:10E5D0009D4202D0284600F041FB1248656100F0E0
:10E5E000D1FB88B940F26D130F4A14490B4801F072
:10E5F0004CFB0C49124801F048FB40F26D11BCE79E
:10E600008A42CDD01268CAE73046BDE87040FFF7B5
:10E610008BBB00BF9436020147390201401F020143
:10E62000EB3402015C600021E92102014222020177
:10E6300057220201286000214060002116220201B9
:10E640002D2202012DE9F04106460C46EFF3058725
:10E6500077B134494FF49363334A344801F015FBE2
:10E66000334801F012FB4FF493612F4801F004FB93
:10E6700050EA010304D1FFF757FF0020BDE8F08105
:10E68000EFF31188402383F31288BFF36F8F29487B
:10E6900000F06AFB60B98423274A2849234801F027
:10E6A000F4FA2449264801F0F0FA84212248DDE7F3
:10E6B000244D204800F07CFBA868234B1860FFF72E
:10E6C000D5FAA868234632462049183000F0A6FB48
:10E6D000AA680446137C174843F00403137400F03F
:10E6E00051FB68B940F26D13134A19490F4801F004
:10E6F000CCFA1049174801F0C8FA40F26D11D5E77D
:10E700004046FFF711FBAB68D3E90A23B3F1004F92
:10E7100008BFBA42B1D102F048FF201A20EAE070E7
:10E72000ACE700BF9436020147390201401F0201E5
:10E73000EB3402015C600021E92102014222020166
:10E7400057220201286000216060002149DF010199
:10E75000162202012D22020170B506460D46EFF386
:10E76000058474B1114940F2C643114A114801F0C1
:10E770008CFA114801F089FA40F2C6410C4801F0C8
:10E780007BFAFFF75FFFB5F1FF3F08BFB6F1FF3F30
:10E790001FBF47F6FF734FF47A72E0FB0234D80BC9
:10E7A0000CBF4FF0FF3040EA444070BD9436020188
:10E7B00047390201401F0201EB34020138B504461B
:10E7C000EFF31185402383F31288BFF36F8F204846
:10E7D00000F0CAFA68B984231E4A1F491F4801F095
:10E7E00054FA1B491E4801F050FA8421194801F0DF
:10E7F00043FA174800F0DCFA237C5B0710D504F1DC
:10E80000180000F0E7FB237C204623F00403237468
:10E81000FFF7C4F92946BDE838400D48FFF7B6BAFE
:10E820000B4800F0AFFA68B94FF49973094A0D49E3
:10E830000A4801F02AFA06490B4801F026FA4FF47B
:10E840009971D3E785F31188BFF36F8F38BD00BF8F
:10E850005C600021E921020142220201401F020105
:10E8600057220201162202012D220201014B986853
:10E87000704700BF286000212DE9F84304468789CE
:10E88000EFF31185402383F31288BFF36F8F824823
:10E8900000F06AFA68B98423804A8149814801F00E
:10E8A000F4F97D49804801F0F0F984217B4801F0BA
:10E8B000E3F9794800F07CFA237C180717D57648ED
:10E8C00000F060FA68B94FF49973744A7749754853
:10E8D00001F0DBF97049764801F0D7F94FF49971EE
:10E8E000E4E785F31188BFF36F8FBDE8F883D9099A
:10E8F00043F0080240F083802274A36813B12046DD
:10E90000FFF78AFA04F1180000F064FBA66D04F129
:10E910005808B04511D04FF0000976B13046FFF7E6
:10E920007BFA06F1180000F055FB3046C6F87890E7
:10E93000FFF734F9A66DB045EFD1DFF87881D8F84C
:10E9400008309C427AD1EFF30589B9F1000918BF6C
:10E950004FF00109D8F81860574A964200D00EB916
:10E96000D8F80C60B34202D0304600F077F9204668
:10E97000C8F8146001F04AFCB9F1000F02D04F480A
:10E98000FFF7FCF8D8F808309C426AD1EFF305860F
:10E99000002E66D1A389DA071FD53F4800F0F2F9AF
:10E9A000002890D085F31188BFF36F8F86F311880C
:10E9B000BFF36F8F0423184602DFEFF31185402366
:10E9C00083F31288BFF36F8F334800F0CDF900282E
:10E9D0003FF461AF304800F0EBF92F4800F0D2F976
:10E9E00078BB40F26D132D4A30492E4801F04DF9A5
:10E9F00029492F4801F049F940F26D1156E7304A94
:10EA000003F07F0343F008039442237408D12D4997
:10EA10005A232D4A234801F038F95A212A4846E75B
:10EA2000D90707D529495B23274A1E4801F02DF94C
:10EA30005B21F3E7204602F046FD5EE74FF0000958
:10EA400088E72846FFF770F921494FF4EE731E4A14
:10EA5000144801F01AF91F4801F017F94FF4EE714C
:10EA6000DCE70D4800F08EF900283FF42CAF85F369
:10EA70001188BFF36F8FFB077FF537AF40F2A253CA
:10EA8000114A1549074801F000F92146134801F0E1
:10EA9000FCF840F2A251C1E75C600021E9210201CB
:10EAA00042220201401F02015722020116220201E6
:10EAB0002D2202012860002140600021B85C002165
:10EAC000B85B00216939020147390201DD390201D1
:10EAD0004C3B0201573B0201793B0201843B02019E
:10EAE0002DE9F843064688461746EFF3118940237F
:10EAF00083F31288BFF36F8F214800F035F9054684
:10EB000068B984231F4A2049204801F0BEF81C49F7
:10EB10001F4801F0BAF884211A4801F0ADF81848EE
:10EB200000F046F93468A6421FD004B32046C4F86A
:10EB300078806761FFF770F904F1180000F04AFA75
:10EB40002046FFF72BF80E4800F01CF988B94FF467
:10EB500099730C4A0F490D4801F097F808490E487F
:10EB600001F093F84FF49971D6E70025EBE72546BD
:10EB7000E9E789F31188BFF36F8F2846BDE8F88372
:10EB80005C600021E921020142220201401F0201D2
:10EB900057220201162202012D220201D3B5DDE91E
:10EBA0000667089CCDE90067FFF716FA1CB1034B16
:10EBB0009B685B69236002B0D0BD00BF2860002164
:10EBC000027C034612F01F0210D10A4988420DD080
:10EBD0000949086868B1D9897F2909D893F90E20B5
:10EBE000064B1B689A42B8BF002070470020704750
:10EBF00010467047B85B0021686000216460002106
:10EC000008B568B10F4B98420AD303F1180290423D
:10EC100006D21822C01AB0FBF2F302FB13034BB169
:10EC200009490A483F230A4A01F02FF83F210848C2
:10EC300001F022F80122074BC0105843064B1A542A
:10EC400008BD00BF385D0021CA3B0201401F020120
:10EC5000A23B0201ABAAAAAA0B61002170B50C4B22
:10EC60000C4D1E7CFFF7ACFF182303FB0655044632
:10EC7000284600F0AFF90022074B9A553CB1621EBE
:10EC80002846BDE870400549D31700F0C7B870BDED
:10EC900028600021385D00210B61002101EC010199
:10ECA00038B5EFF31185402383F31288BFF36F8FDC
:10ECB000234800F059F868B98423224A224923489E
:10ECC00000F0E3FF1E49224800F0DFFF84211D48C9
:10ECD00000F0D2FF1A4800F06BF81E4B1E4A9C68E9
:10ECE0001068A04213D1FFF7B9FF154800F04AF8A9
:10ECF00000BB4FF49973134A1849144800F0C5FF3C
:10ED00000F49174800F0C1FF4FF49971DFE7002168
:10ED10001B7C1160134AD35C002BE6D02046FFF722
:10ED20004FFF0028E1D0237CDB0601D1FFF790F8EC
:10ED30002046D8E785F31188BFF36F8F38BD00BF39
:10ED40005C600021E921020142220201401F020110
:10ED50005722020128600021606000211622020172
:10ED60002D2202010B610021006838B1044B00F034
:10ED700003001B7CC01A18BF012070470120704798
:10ED800028600021002302680360EFF30581074B30
:10ED9000986811B1017CC90705D41B7C1843831AFC
:10EDA0005842584170470120704700BF2860002139
:10EDB000024B1A7C9B681343036070472860002154
:10EDC000024B1868984208BF00207047C801002114
:10EDD000034B1B680BB9FBF733B80020704700BF2B
:10EDE0006C60002130B570B10B4B5B6898420AD063
:10EDF000036843B1D3E90421D0E90445121941EB7A
:10EE00000501C3E90421D0E9003213605A600023F0
:10EE1000C0E9003330BD00BFC8010021B3F1FF3F9E
:10EE200008BFB2F1FF3F2DE9F84F04469B46154657
:10EE30001F4600F0B280D0F80090B9F1000F0CD05E
:10EE400057496423574A584800F01FFF574800F0BD
:10EE50001CFF6421534800F00FFF8160EFF311881D
:10EE6000402383F31288BFF36F8F5148FFF77CFF75
:10EE7000824660B984234F4A4F494B4800F005FF52
:10EE80004B494E4800F001FF84214A48E3E74848D7
:10EE9000FFF78EFFBBF1000F494A1FDBFFF798FF1A
:10EEA000064601354BF1000B454A2D184BEBE0733C
:10EEB000D2E90017C4E904536D1843EB0707FFF7C5
:10EEC0007FFF0346DFF8FCE0DEF80490EBB9C4E90D
:10EED00000E9C9F80040CEF8044028E06FF00103D3
:10EEE000D2E900125B1A4FF0FF3161EB02025B1BAB
:10EEF00062EB0B02012B72F10001BCBF01234A46F9
:10EF00004FF0000AC4E90432D9E7D3E9041CD4E97C
:10EF100004208A4270EB0C0B2EDA891A5A686CEBCB
:10EF20000000C3E90410C4E9003214605C60FFF71C
:10EF300047FF84420ED1244B1B685BB9BAF1000F26
:10EF400002D1FFF745FF0646304602F017FB0021CD
:10EF5000FAF750FF1648FFF715FFB0B94FF4997351
:10EF6000144A1A49104800F090FE1149184800F060
:10EF70008CFE4FF4997188E7521A60EB0C004B45F8
:10EF8000C4E90420A3D01B68A0E788F31188BFF36D
:10EF90006F8F28463946BDE8F88F00252F46F8E7E1
:10EFA000993D0201753D0201401F0201EB3402014F
:10EFB00070600021E9210201422202015722020170
:10EFC000505D0021C80100216C6000211622020161
:10EFD0002D22020170B50446EFF31186402383F31E
:10EFE0001288BFF36F8F2A48FFF7BEFE68B98423EB
:10EFF000284A2949294800F048FE2549284800F0B8
:10F0000044FE8421234800F037FE2148FFF7D0FE5C
:10F0100023683BB3FFF7D4FE05462046FFF7E2FE28
:10F0200000224FF00043A542C4E9042312D000247B
:10F030001748FFF7A7FE20BB4FF49973154A1949EB
:10F04000164800F022FE1249174800F01EFE4FF449
:10F050009971D7E7FFF7BCFE02F090FA0021FAF7AA
:10F06000C9FEE4E7D4E90423B3F1004F08BF012A45
:10F0700004D100224FF00043C4E904236FF01504CB
:10F08000D6E786F31188BFF36F8F204670BD00BFAF
:10F0900070600021E921020142220201401F0201A9
:10F0A00057220201162202012D2202012DE9F0470A
:10F0B000DFF804910246C9F80000FFF781FE884698
:10F0C000044600260027DFF8F4A04FEAE27CDAE9E4
:10F0D000001354B1D4E90450AA427CEB000E1EDAAE
:10F0E000AD1A60EB0C00C4E904500024521843EB45
:10F0F0000C032046CAE90023C9F8004002F03EFA9A
:10F100002146FAF777FE2E48FFF73CFED0B188F390
:10F110001188BFF36F8FBDE8F047FFF7C1BD6918D5
:10F1200043EBE5732046C4E90467CAE90013FFF71F
:10F1300059FE01224FF000432148C4E90423FFF7A0
:10F1400021FE78B94FF499731E4A1F491F4800F0F9
:10F150009CFD1B491E4800F098FD4FF49971194819
:10F1600000F08AFD88F31188BFF36F8F2046A368F3
:10F170009847EFF31188402383F31288BFF36F8F12
:10F180000F48FFF7F1FD58B984230E4A11490F4883
:10F1900000F07BFD0A49104800F077FD8421DEE78E
:10F1A0000748FFF705FED9F80020521BC9F80020D8
:10F1B000FFF706FE044688E76C600021505D0021E1
:10F1C00070600021E921020116220201401F0201A4
:10F1D0002D220201422202015722020110B5EFF353
:10F1E0001184402383F31288BFF36F8F0B48FFF71E
:10F1F000BBFD68B984230A4A0A490B4800F045FD63
:10F2000006490A4800F041FD8421054800F034FD1C
:10F210000248FFF7CDFD204610BD00BF7060002101
:10F22000E921020142220201401F0201572202018C
:10F2300070B5EFF31186402383F31288BFF36F8F0D
:10F240001A48FFF791FD68B98423194A19491A48E9
:10F2500000F01BFD1549194800F017FD84211448E2
:10F2600000F00AFD1148FFF7A3FDFFF7B1FD144AB6
:10F27000D2E90045041945EBE0750C48FFF782FD23
:10F2800068B94FF499730A4A0E490B4800F0FDFC27
:10F2900006490D4800F0F9FC4FF49971DFE786F359
:10F2A0001188BFF36F8F2046294670BD7060002122
:10F2B000E921020142220201401F020157220201FC
:10F2C000505D0021162202012D2202012DE9F84F86
:10F2D0004F1E0F4206460D469A460BD02F49182363
:10F2E0002F4A304800F0D1FC2F4800F0CEFC182106
:10F2F0002B481CE0141D4DD241F0040B00F1140802
:10F30000EFF31189402383F31288BFF36F8F4046D8
:10F31000FFF72AFD68B98423244A2549214800F0D3
:10F32000B4FC4146234800F0B0FC84211F4800F0A3
:10F33000A3FC4046FFF73CFD224659463046D047E5
:10F3400004464046FFF71EFD68B94FF49973174A0B
:10F350001949144800F099FC4146184800F095FC02
:10F360004FF49971E2E789F31188BFF36F8F8CB185
:10F3700044F8046B7DB13C420DD03523084A104956
:10F38000084800F082FC21462A460E4800F07DFC29
:10F390003521ADE700242046BDE8F88FF01F0201BB
:10F3A000B93D0201401F02010B200201E9210201C7
:10F3B0004222020157220201162202012D220201DD
:10F3C000DD3D02010F3E02012DE9F04105460E46EA
:10F3D000174602F06FF828B9074B9B68DC6E14B92A
:10F3E000BDE8F081054C3B46324629462046BDE843
:10F3F000F041FFF76BBF00BF28600021E001002152
:10F4000002460021014B0248FFF760BF55FC010195
:10F41000E0010021014BC366704700BFE0010021FD
:10F420000146024A0020FFF7CFBF00BF55FC010193
:10F4300007B5074B4FF40062009306494FF0FF33C6
:10F440000548FEF7F9F9002003B05DF804FB00BFA2
:10F45000CC1E020160A20021585D00212DE9F04F71
:10F4600043688BB080469246009383789C0740F1B6
:10F47000F98000250878002800F0F68025280AD0B9
:10F480004B1C019301354146009B98470028C0F270
:10F49000E3800199EEE74E788B1C252E0193F1D085
:10F4A00000270A22B9463C461F2C22D8A6F1200389
:10F4B000102B20D8DFE803F0141F1F1A1F1F1F0B8B
:10F4C0001F1F1F121F171F1F090044F00104019B7B
:10F4D00013F8016B0193002EE6D13AE044F00204E8
:10F4E00044F00404F3E744F00804F0E744F01004A7
:10F4F000EDE77F2C24D8A6F13003092B08D860064D
:10F500004EBF02FB073744F0200402FB0939DEE757
:10F510002A2E0DD161065AF8043B53D4002BA7BF05
:10F5200044F020049946C3F1000944F02804CEE7D2
:10F530002E2E05D1630600F1978044F04004C6E703
:10F540006C2E2ED028D8682E32D06A2E37D04C2E72
:10F5500035D0002F46F02003B8BF24F04004A3F1BB
:10F560006502BCBF0027A4B2022A01D9612B2BD1AE
:10F570000AF1070A07279D4E2AF0070A0AF1080A2E
:10F58000210760D506EB070B34465C455DD1AE1B09
:10F59000A9EB0709A21959E1742E98D07A2E96D0BA
:10F5A000D7E7260648BF44F4007444F080048EE791
:10F5B000E00548BF44F4007444F4807487E744F4E1
:10F5C000207484E71F4682E7A6F16302122A00F244
:10F5D000D880DFE812F013004D00D600D600D60028
:10F5E000D6004D00D600D600D600D600D600E800E2
:10F5F000D100D600D6001A00D600A0005AF8043B6D
:10F60000012704AE8DF81030BAE75AF8046B784B36
:10F61000002E08BF1E4614F0400F304614BF394676
:10F620004FF0FF3102F04DF80746A9E74146202090
:10F63000009B984700280FDB013CA742F6D34D44BE
:10F64000A1462D1B9EE74C46F7E7414614F8010BF7
:10F65000009B9847002898DA98F8023043F004039A
:10F6600088F802304FF0FF3528460BB0BDE8F08F28
:10F67000220630D5A3052AD50AF1070A2AF0070386
:10F680009A4659685AF8080B24F0100B00291FFA03
:10F690008BFB2FDA40424BF4806B61EB410104ACF1
:10F6A0000A23224602F019F81BF0400FA0EB0402D7
:10F6B00000F08E802BF001049742A4B240F38F80BB
:10F6C000002E40F08E802BF01104A4B21DE05AF8F9
:10F6D000040BC117D8E7E0055AF8041B01D408460B
:10F6E000F7E7A20547BF48B241F3C01108B241F3A2
:10F6F000C031C9E750EA0103D1D16306CFD5002F4D
:10F70000CDD124F011043A46A4B23B4640F2064162
:10F710000C4262D124E024F010040A23A4B214F0B5
:10F72000800243D014F4007117BF0AF1070A5AF897
:10F73000040B2AF0070292461CBF51685AF8080BC6
:10F7400050EA01023ED124F0160B62061FFA8BFB31
:10F750003CD5002F3AD124F017043A463B46A4B2D8
:10F7600021075AD4E10705D5994572DDA9EB0303BA
:10F770009F184B469B464AE044F01004102378261D
:10F78000CDE7782B04D1C6F1780343F01003C6E728
:10F7900041462520009B98470028FFF65DAF0235C3
:10F7A0004146304670E608230026B8E714F480711D
:10F7B0005AF8040BC4D014F400711ABFC0B2114639
:10F7C00080B2BDE724F006041FFA84FB04AC68E7AE
:10F7D00013465C46E10699D52EB90133C0E71346BE
:10F7E000F8E73B46F6E70233BAE700BF6C3E02019A
:10F7F000653E0201CDE9023241462020009B984738
:10F800000028FFF629AF0BF1010BDDE90232D945E3
:10F81000F0DCEB1A03EB0B055B46E10627D541460E
:10F820003020CDE90232009B98470028FFF614AF44
:10F83000DDE902327EB901352F44791B8A4229DB8A
:10F84000144604AE94BB2A44A9EB0309154691441F
:10F8500040E017468EE7023541463046CDE9023298
:10F86000009B98470028DDE90232E5DAF4E640F231
:10F8700006410C42E0D014F0020F05F101054146AB
:10F8800014BF2B20202014F4806FCDE9023218BF62
:10F890002D20E5E7CDE902324146009B30200135BD
:10F8A00098470028DDE90232C7DAD5E6013C414637
:10F8B000CDE90232305D009B98470028DDE9023235
:10F8C000C0DAC9E641462020009B01359847002850
:10F8D000FFF6C2AEA9EB0503002BF3DCD9E500BFB0
:10F8E0007047EFF31183402383F31288BFF36F8FC8
:10F8F000FEE708B5F7F72EF910B110F1580F06D151
:10F90000F7F746F910F1580F02D00028F8D008BDDB
:10F910000020FCE700EBC10040884008704708B5B4
:10F92000FFF7F8FF084408BDF0B5034600EBC1003F
:10F93000C588161DA94209D101219140DA6822EA41
:10F940000102DA60002243F82620F0BD8788EA0031
:10F95000FC000634185B0432814202D1985A81427D
:10F9600007D0002181F31188BFF36F8F042108466F
:10F9700002DF43F826501D539F52E6E708B50346C1
:10F98000FFF7C8FFB0FA80F21846BDE80840C2F1A0
:10F990001F02FFF7C9BFF8B50346FFF7BBFFB0FA78
:10F9A00080F0C0F11F0003EB800CDCF81060CA008F
:10F9B000171D0C4606328DB256B9012101FA00F02E
:10F9C000D9680143D960CCF81040DD539D52F8BD91
:10F9D000F100043133F801C04FEACC040634185B5F
:10F9E000864208D0002080F31188BFF36F8F4FF05C
:10F9F000040E704602DF23F807C09E521D535D526D
:10FA0000E5E710B500EBC1035B880446DB070A4657
:10FA10000ED4FFF784FF34F83030C01A814207D18A
:10FA200034F831102046511AFFF779FF824207D08F
:10FA3000002383F31188BFF36F8F0423184602DF7E
:10FA400010BD2DE9F843B1FA81F3C3F11F0800EBB3
:10FA50008809D9F8106005460A46A6B94FF0FF3468
:10FA6000C3F120039C40EB681C401CD094FAA4F620
:10FA7000B6FA86F6331D55F8234028462146FFF78F
:10FA8000C0FF32460BE03446032721462846FFF7E5
:10FA900041FF90420AD32846FFF7B3FF4246214672
:10FAA0002846FFF741FF2046BDE8F88305EBC40474
:10FAB000E488013FC9F81040D0D0A642E5D1CDE797
:10FAC00038B50446FFF726FF0D460346114620468B
:10FAD000FFF720FF1A1892B2530004EBC505204629
:10FAE0006B80FFF71CFF24F8302038BD70B50B4643
:10FAF0000546FFF70FFF511A89B205EBC3049B1AA5
:10FB000003444E0066809CB2600005EBC20358803F
:10FB100025F8321028461146FFF701FF25F830403E
:10FB200070BDF8B5002967D004680D1F2D1BEE08C5
:10FB300025F007056219538813F0010306D183F3FA
:10FB40001188BFF36F8F0423184602DF3146204629
:10FB5000FFF7E5FE34F83030C01A864207D00023A4
:10FB600083F31188BFF36F8F0423184602DF615BB4
:10FB70002046711AFFF7D3FEB04207D0002383F36B
:10FB80001188BFF36F8F0423184602DF5388314674
:10FB900023F0010353802046FFF7C1FE04EBC003AE
:10FBA0005B880746DA070CD401462046FFF729FF99
:10FBB00039462046FFF7E2FE3A4631462046FFF737
:10FBC0007FFF655B751B04EBC5035B88DB070DD40A
:10FBD00029462046FFF715FF29462046FFF7CEFEAF
:10FBE000324629462046FFF76BFF2E463146204617
:10FBF000BDE8F840FFF7CFBEF8BD70B509B90020E9
:10FC000070BD056801F007030B33CC0804EBD30487
:10FC1000AB6828469C4228BF1C462146FFF711FFCF
:10FC200006460028EBD001462846FFF773FEA042A7
:10FC300007D928463219FFF759FF11462846FFF722
:10FC4000AAFE05EBC60210465388043043F00103B8
:10FC50005380D5E71146FFF7D0BF002070470FB49F
:10FC600007B504A951F8040B0191F7F74DF803B05B
:10FC70005DF804EB04B07047002383F31188BFF3F1
:10FC80006F8F0423184602DF70470FB407B504A92D
:10FC900051F8040B0191F7F737F803B05DF804EB66
:10FCA00004B07047838B13F0070306D10368002B61
:10FCB00018BF032008BF00207047022B05D1C08B5E
:10FCC000B0FA80F0400980007047012B04D103682E
:10FCD000002B18BF0520EDE70020704710B50C463B
:10FCE00000B111B96FF0150010BD081D00F02FF81C
:10FCF0000028F9D1A368032BF6D9F3E72DE9F041E9
:10FD00000D4607461946281D90461E46F7F7E0FAAD
:10FD1000044638B13346424629463846A446BDE833
:10FD2000F0416047BDE8F08138B50C46054658B152
:10FD300051B10B6843B14B6833B12022002101F06F
:10FD400093FC00202C6138BD6FF01500FBE70346E3
:10FD500058B1426802F00302012A03D0032A04D1F9
:10FD6000026812B10020986070476FF0150070476C
:10FD7000704720B183682BB11B6833B118476FF00F
:10FD8000150070476FF0040070471846704730B494
:10FD900050B149B142B1846854B1256945B141F8C7
:10FDA000040B236930BC18476FF0150030BC704756
:10FDB0006FF00400FAE730B41346044650B100680F
:10FDC00060B182686AB195685DB10A46AC46616807
:10FDD00030BC60476FF0150030BC70476FF0010019
:10FDE000FAE76FF00400F7E70A46034610B458B18B
:10FDF000006868B1816871B1CC6A64B18C6A54B131
:10FE00005968234610BC18476FF0150010BC7047A6
:10FE10006FF00100FAE76FF00400F7E70A460346C7
:10FE200010B458B1006868B1816871B18C6A64B16E
:10FE3000CC6A54B15968234610BC18476FF01500BE
:10FE400010BC70476FF00100FAE76FF00400F7E7AD
:10FE50000369D3F8700370476FF085007047084658
:10FE600008B5114618B101F074F8002008BD6FF014
:10FE70000100FBE7084608B5114618B101F060F82B
:10FE8000002008BD6FF00100FBE713B504460846EB
:10FE9000216901F55B71D1E8AF1F022909D15BB17E
:10FEA00068B100931346D0E90912FBF7A7FD02B031
:10FEB00010BD6FF00F00FAE76FF04C00F7E76FF03E
:10FEC0000100F4E72DE9F84315461C46DDE9082357
:10FED0000F4616469846A9B3BDB3B4B312F1010C50
:10FEE00043F10001BCF1020F71F1000130D2D4F8EE
:10FEF00000C0BCF1000F09D00169D1F870138C4526
:10FF000004D96FF00B002160BDE8F883B3F1FF3F27
:10FF100008BFB2F1FF3F0CBF4FF001094FF00009DD
:10FF20004A462146384601F01DF840B9B8F1FF3F76
:10FF300008BFB6F1FF3FF3D06FF06800E4E7286038
:10FF40000020E1E76FF00100DEE76FF01500DBE76E
:10FF50006FF08500D8E701F05AB838B50D46044671
:10FF600000F148012846F6F71DFD034630B128464A
:10FF700004F1C001F6F716FD28B901235B4203F036
:10FF80007803E01838BD0020FCE702F52E7102F579
:10FF9000327001F07FBAD0F8B030A0F52E70003B7F
:10FFA00018BF012300EB8300D0F8A40200F069BF62
:10FFB000C86828B1096983681B680BB1002218471B
:10FFC0007047FCF711BED0E8EF3FC0E8E21F002AFF
:10FFD000F9D1704710B5436804691B68C4F86833E9
:10FFE00004F5E87001F00FFA002104F55B70FFF7EB
:10FFF000EAFF084610BD030103EB4003093323F079
:020000040102F7
:10000000030303EBC00348430330083320F003002D
:100010001844400070472DE9F84306464FF00108A8
:100020000569D0F8049005F55B77D7E8EF3F022B20
:1000300003D1C7E8E28F002AF7D141D195F86C309F
:10004000002B40D195F8E430002B3CD12846D5F860
:10005000681300F054F8044680BB73683669D3E92E
:10006000050183681B693BB322469847044628BBB9
:10007000414606F53270FDF74FFCD6F8480305F50A
:10008000F476F8F743F83046D9F8001000F072F82B
:10009000044698B90146D022304601F0E5FA2146DF
:1000A0004FF4F272284601F0DFFA21463846FFF796
:1000B0008AFF2046BDE8F8836FF057040221F5E778
:1000C0006FF07704F5E76FF00F04F2E710B508461C
:1000D000029B114652B993F86C202AB901221846A6
:1000E00083F86C20F7F74CFA002010BD1A6F946863
:1000F000002CF9D05A6FA047F6E700F088BF38B55A
:100100000D46044660B1F03001F01BF90DB100203E
:1001100038BDC4F8BC51C4F8C051C4F8C451F6E7A6
:100120006FF01500F4E70268D2F8C83013B1D2F8C6
:10013000C41018477047704783690BB9C36B1970B7
:100140007047012070478369012B03D1C36B187876
:10015000C0B270470420704738B5C41DE400204683
:10016000FFF74EF9054618B12246002101F07CFA4E
:10017000284638BD38B504463822002101F074FA0B
:100180001822002104F1A40001F06EFA18220021C7
:1001900004F18C0001F068FAD4F8C000FBF7E0FB32
:1001A000D4F8BC00FBF7DCFBD4F8803004F1540534
:1001B0000BB12846984738220021284601F054FA0E
:1001C000FBF732FB002038BD01F04EBA01F03FBA18
:1001D00001460068F7F7D6BB08B5F7F703FCBDE8A2
:1001E0000840F7F783BF00210120F7F7CBBB08B524
:1001F000F7F72CFFF7F79EFBF7F7A8FBF7F7CCFF15
:10020000FCF712F9036E83F30B8870476FF08500DB
:10021000704761B662B680F31188BFF36F8F704785
:1002200008B5F8F743FC72B6002383F31188BFF3D7
:100230006F8F00F09FF850B1BFF34F8F30BF00BFFA
:1002400000BF00BF00BF00BF00BF00BF00BF62B65D
:10025000BFF36F8F08BD10B50446F8F727FC72B6E0
:10026000002383F31188BFF36F8F00F083F850B140
:10027000BFF34F8F20BF00BF00BF00BF00BF00BF54
:1002800000BF00BF00BF84F31188BFF36F8F62B659
:1002900010BD40E800F313F4803FD8B208BF6FF000
:1002A0001500704730B50C684B6885B00A894D89D8
:1002B0000094013B24F01F04234402F01F0242EA91
:1002C000451223F01F0369468DF808200393F7F7C2
:1002D000BDFF05B030BD7047416A8968F8F778BA4C
:1002E00038B50D4614461146F8F790FB22462946CC
:1002F000BDE8384001F0ABB910B50C460121F8F764
:1003000085FB047010BD10B5036801211C78F8F757
:100310009DFB204610BDF0B5D0F80473064617F0DB
:1003200002001CBFC2F1807018604FF0000518BFBA
:1003300001204FF0010C4FF4803E0CFA05F40C4202
:1003400014D00EFA05F43C4210D005F5A87456F806
:100350002440A41A34F07F4408BF4FF0807408B9D9
:100360001C6002E01868A042FAD801200135042D73
:10037000E3D1F0BDF8F718BCF8F786BBF8F784BBFB
:100380000220F8F729BDF8B5069F05460469C9B2F1
:10039000EFF3118C402080F31288BFF36F8F0C268F
:1003A00006FB0146B06C00F0070EBEF1010F11D143
:1003B000B76400268CF31188BFF36F8F46B90C2009
:1003C00000FB0144C4E910236B6853F831309847AF
:1003D0003046F8BD00F0C00087420CBF6FF07706D2
:1003E0004FF0FF36E6E713B580240094FFF7CBFF0C
:1003F00002B010BD0069CBB200EB431000211047E2
:100400001046FCF72BBE00F06BB900F06AB98022F1
:10041000F8F79CBD4FF4AF607047436800205B68FD
:100420001B690B607047436802EA01005B6821EAC0
:10043000020198600020D9607047436800205B6823
:1004400099607047436800205B68D96070474368D3
:100450005B685A6821EA0200114098600020D96068
:100460007047FAF76DBF30B451F820500C4601EBDD
:1004700080023DB10146AC46D4F88000002330BC78
:10048000126C604730BC704710B500690F299FBFE0
:1004900000EB810440F821202364002088BF6FF026
:1004A000150010BD00207047102070470F290ED88E
:1004B00043685B68CB40DB0709D501228B00DBB2C8
:1004C00003F1824303F5903300201A6070476FF008
:1004D0001500704738B50F290C46056933D84368B5
:1004E0001B68CB40DB072ED5D5F8841021FA04F326
:1004F00003F001031AB99BB96FF0770022E0002BDB
:10050000FAD111B91220F7F73BFD0122D5F884305A
:10051000A2401343C5F88430E0B2FBF763F80AE069
:10052000E0B2FBF77DF80122D5F88430A24023EA3F
:100530000203C5F88430D5F8843013B91220F7F7D8
:100540002DFD002038BD6FF01500FBE708B5F9F769
:10055000F3FA08BDFFF7C5B910B54FF0FF304FF003
:10056000FF31F9F777FC044628B9E0F713F90446A0
:1005700018B1F9F777FC204610BDF9F773FC204657
:10058000F8F74AFCF7E738B50B8A0D463BB101F1A5
:100590000C00FFF7B8FE012818D0022803D06FF036
:1005A0001504204638BD4FF0FF304FF0FF31F9F70A
:1005B00051FC04460028F4D1E868F2F759F80446E3
:1005C000F9F750FCACB1F9F763FDEAE74FF0FF3003
:1005D0004FF0FF31F9F73EFC04460028E1D1E8680E
:1005E000F9F7FCFD0446F9F73DFC002CD9D1F9F7E9
:1005F0004FFD2846F8F7C8F90024D2E7F9F780BD87
:1006000010B532220021044601F02EF82023237079
:100610008023A3706FF03F0363716FF01B03A3721D
:100620002823A3732223E3730423A3756FF0080325
:100630006376FF23A376E3760F232377302384F8B2
:100640002030782384F82230762384F823308023E6
:1006500084F82630042384F82730402384F82D3092
:1006600010BD034607B5998800689B790090ADF8E6
:1006700004108DF80630BDF8033068460A2B28BFF9
:100680000A23ADF80330E5F7F7FC03B05DF804FB8F
:10069000684620F007018D4601B5F0F7B9FABDE8CC
:1006A000014085467047684620F007018D4601B538
:1006B000F0F7A2FABDE8014085467047684620F091
:1006C00007018D4601B5FFF757FEF1F76FF8BDE85A
:1006D00001408546704708B5F6F7C7F8002008BD09
:1006E00070470020FAF788B97047EEF7B9BF0346A4
:1006F00000201847024610B5116891B1B1FA81F394
:10070000C3F11F000123834021EA0303D2E8EF4F26
:100710008C4204D1C2E8EC3FBCF1000FF6D1EBD122
:1007200010BD6FF00B00FBE710B50368CB40DB0793
:1007300010D401238B40026843EA0201D0E8EF4F56
:10074000944204D1C0E8EC1FBCF1000FF6D1F2D105
:10075000002010BD6FF01500FBE741F00041C0F82C
:1007600080100020704743090AD0012B0BD14FF6AF
:10077000FF7300F01F0023FA00F000F00100704743
:100780004FF0FF33F5E70020704710B504460846E8
:10079000FAF70CFA04EB4004207DC0F3401010BDC2
:1007A00010B504460846FAF701FA04EB4004A08AA3
:1007B00000F01C00003818BF012010BD10B5044621
:1007C0000846FAF7F3F904EB4004207DC0F340003B
:1007D00010BD10B50446FFF7F1FF20B12046BDE87B
:1007E0001040FFF7D2BF10BD10B504460846FAF717
:1007F000DDF904EB4004A08A400B10BD70B504463F
:1008000008461646FAF7D2F9083034F810300D468B
:10081000DA0509D5C3F3432304EBC3023146284666
:1008200054F8333052689847A3682BB131462846B4
:10083000E268BDE87040184770BD2DE9F3411746E6
:10084000DDE90858019001A80C461E46FAF7F2F9B6
:10085000019B391E18BF012100EB8300231E18BF26
:100860000123002E43EA41030CBF00210C21002D7F
:1008700043EA01030CBF00214FF47061B8F1000F8F
:1008800043EA01030CBF00214FF44031D0F80022AD
:100890000B4322EA030304B124780FB13F787F00B1
:1008A0001C430EB13678B6003C438DB1297809025D
:1008B0003443B8F1000F03D098F800804FEA08489D
:1008C000214341EA0801C0F8001202B0BDE8F081FE
:1008D0002946EDE71FB50DF10F03019300238DF8B5
:1008E0000F101A4619460093FFF7A7FF05B05DF8F1
:1008F00004FB2DE9F0470025044688462E464FF0BC
:100900000109AA46D7B2AF420CD1D4F87C3133B139
:100910000023C4F87C31D4F87C3146F000463046E0
:10092000BDE8F0872846FAF7B9F9A0F580739B086F
:1009300009FA03F318EA030F05D022581AB144F854
:1009400000A022581E430135EDB2DCE738B504465D
:100950000D46FFF71AFFA8B12046FFF72FFF88B911
:100960002046FFF741FF012322688340C2F8083385
:10097000236803EB8000D0F8103523F00303C0F8A0
:10098000103538BD2846BDE838400021FFF7A2BF2A
:100990002DE9F04389B0109E044689469046002117
:1009A000202268461F46129D00F05EFE1F2E97BF54
:1009B00001234FF0FF33B34003F1FF332361119B59
:1009C000C4E90098C4E902766361183445B10FCDDB
:1009D0000FC495E80F0084E80F0009B0BDE8F0836C
:1009E0006D46F4E773B50468651C31D08568A9428B
:1009F0002ED264182CD05E18AE4288BF6B1A056ADE
:100A000035B100930523A8470346184602B070BDD0
:100A10002146BFF35B8F184618B142EA0104A407D0
:100A20000AD103280EDC013910448242EDD011F8BE
:100A3000014F02F8014BF8E711F8014B013802F8B9
:100A4000014BE9E751F8044B043842F8044BE8E75E
:100A50006FF02103D9E773B50468651C31D0856850
:100A6000A9422ED264182CD05E18AE4288BF6B1AF1
:100A7000456A85B92146184618B141EA0204A4071F
:100A80000ED1032812DC013A0844814214D1BFF38D
:100A90005B8F184602E000930523A84702B070BDA3
:100AA00012F8014B013801F8014BE5E752F8044B0D
:100AB000043841F8044BE4E712F8014F01F8014B08
:100AC000E3E76FF02100E9E773B504681D46661C93
:100AD0002BD08368994228D2641826D06E189E4283
:100AE000866A88BF5D1A2EB105230095B047284657
:100AF00002B070BD4FF0013021462B4650430BB180
:100B00008C0707D1032B09DC0B4499420AD1BFF3B0
:100B10005B8FECE701F8012B013BF0E741F8040B98
:100B2000043BEFE701F8012BEFE76FF02100DFE76F
:100B30000020704710B4046B02460B4684B9C168AC
:100B40001F2998BF23FA01F4416861B1806883428C
:100B500009D21069184051F82430184410BC70476D
:100B6000234610BC18474FF0FF30F7E770B5436BD2
:100B700005460E46E3B90469621C09BF43680C4090
:100B80001C680C1B21462846FFF7D4FF864207D07D
:100B90002B6901331C44AB689C42F3D34FF0FF3404
:100BA0002868431C07D0AB68A34204D9204470BD19
:100BB00098470446F4E70020F9E730B5059CC4E9FE
:100BC0000002039A21811989E260049A61812185DA
:100BD0006261D3E9002502EB0113C4E906128A1C05
:100BE000236203EB42036A1C13446D422B40636291
:100BF000836953B90139E2698B4202EB031206DBC8
:100C0000002393736FF07F03D373002030BD013353
:100C1000D381F0E72DE9F04FB0F830A004465546F7
:100C2000002685B002EB030891460E9A00EBCA033A
:100C30001FFA88FB9A63A3F83CB008F1FF32C3693E
:100C40000F1D0192B0451ADC238D2586A3EB0B0303
:100C50002385236A61895A8801390A4003EB4203DC
:100C6000A3F804A0BFF35B8F0020226A53880133EE
:100C70005380638D0133638505B0BDE8F08FE06A72
:100C80002A0157F8041C03EB05150293036803922D
:100C9000C91A83680837994228BF4FF0FF31FFF720
:100CA00049FFDDE90232985000226A6057F8082CAB
:100CB000AA60019A9642ACBF00220122B145D8BF7A
:100CC00042F00202AA810136ED89BBE7F0B550B3CC
:100CD000456A448E6B88A34230D0631C43864389A7
:100CE000BFF35B8F013B1C4005EBC4056B689EB2F4
:100CF00009B1AD680D60D0F81CC09BB20CEB0311BC
:100D000000EBC3039D8F078D2F44013D07859D8711
:100D10008D896F070ED5058ECD8100210686986BD3
:100D2000996302B11480F0BD9D8FC989013D0CEB20
:100D300001119D878D89ED07F6D4ECE70020F2E7DD
:100D4000C36903EB011398687047C36909015958D7
:100D5000C06AFFF70BBF70B5BFF35B8F0D46016A2A
:100D60001646838E4A8804469A4212D05A1C8286BE
:100D70004289013A134001EB43018988298089B2F5
:100D8000FFF7E3FF2A88E36903EB02139B683360F4
:100D900070BD0020FCE710B50268936912699200EB
:100DA00017D543B9438E026A81694489013B1B1BF5
:100DB00002EB4102938003689B69012B08D1838E6B
:100DC000426A81694089013B1B1A02EBC102938090
:100DD00010BD23B9026A138843F00103138003682E
:100DE0009B69012B01BF426A138843F00103138002
:100DF000EEE710B5BFF35B8F026804469369126992
:100E000092001AD57BB9036A426A5B888169013B0B
:100E100002EBC10292889B1A628D9BB29A4214D84F
:100E20000023638510BD012BFAD1436A026A5B88F7
:100E30008169013B02EB4102ECE763B9436A1B881D
:100E4000DB4303F00103002BEAD06369002BE7D0FA
:100E500020469847E4E7012BE2D1036AEFE7036AF3
:100E6000828E598891420AD0418901390A4003EBA8
:100E700042039A88C36903EB021398687047002005
:100E80007047BFF35B8FC36803B1184770474FF0DB
:100E9000FF324FF0FF33FCF75DB910B1C36A013385
:100EA000C362704738B1C26A013AC2621AB9026BB2
:100EB00002B110470262704770B50446056A05F139
:100EC00064063046FFF7E3FF636AA3F580637F2B78
:100ED0000BD801225909503503F01F039A4055F8E9
:100EE000213023EA020345F82130D4E90F124A6089
:100EF000E16B04F13C0311602046C4E90F33FFF7B6
:100F0000D1FF3046BDE87040FCF7A8B810B5436A81
:100F10008CB00A932023044602460B9102A819467E
:100F200000F023FA28230122CDE9003220463522A1
:100F3000616A02ABFAF74CFD00EAE0700CB010BD3C
:100F400030B1006A20B119B1D0F8803003B1184730
:100F5000704730B1006A20B119B1D0F8843003B1C4
:100F60001847704730B1006A20B119B1D0F8883005
:100F700003B11847002070472DE9F843074688461B
:100F8000154699460668B74203D100242046BDE8BD
:100F9000F8836A1CA6F13C0402D0636AAB42F5D028
:100FA000B8F1000F10D020224146204600F064FB2B
:100FB00050B9B9F1FF3F02D0A36A4B45E6D06B1C94
:100FC00002D1A36A0133E1D03668DCE770B505468B
:100FD0000C461E46CAB120232046194600F0C5F92A
:100FE0000123E362049B6662A362059B256263633F
:100FF000069BA363079B63646A6804F13C03C4E92E
:101000000F526B60226C136070BD0A70E8E710B578
:10101000044690B1036A83B102784AB193F89C30D8
:1010200033B1436AB3F5806F02D30121FFF76EFF3E
:101030002046BDE81040FFF73FBF10BD20B1036A56
:1010400013B15B6803B11847704708B530B1036A44
:101050003BB1DB682BB19847002008BD6FF015004D
:10106000FBE76FF00500F8E77047FBF7F7BF4FF0BD
:10107000FF324FF0FF33FCF76DB8F8B500F16407AD
:10108000A1F11006054638460C46FFF7F0FF304642
:10109000FAF754FD80B154F8083C24F8083CD5F820
:1010A000C43044F80C3C05F1C00344F8103CC5F8CA
:1010B000C46054F80C3C1E603846FFF7D6FF002091
:1010C000F8BD38B50D4600F164042046FFF7CFFFA8
:1010D00055F8083C204603F5803345F8083CBDE848
:1010E0003840FFF7C2BF2DE9F043282A89B088466F
:1010F000109D52D1D5F8B800202301688468A8EB70
:101100000101A14228BF4FF0FF316A46FFF76AFC98
:1011100005F16406D8F820903046FFF7A8FF4B464B
:101120004FF0FF3269462846FFF726FF044640B3DA
:10113000076B003F18BF0127D8F82430DB0722D502
:1011400014B14FF0FF33A36217B12046FFF7A5FE9D
:101150003046FFF78AFF1CB1A36B0BB120469847BE
:10116000AB6F1BB14A46694628469847AFB1304637
:10117000FFF77DFF2046FFF795FE3046FFF775FF2E
:101180000BE00746D8E764B93046FFF76EFF6B6F98
:101190001BB14A46694628469847002009B0BDE879
:1011A000F083C4F82890E8E770B500F16406A1F177
:1011B000100504463046FFF75AFF2846FAF7BEFCF2
:1011C00038B120462946FAF799FDD4F8B000FFF768
:1011D00010FE3046BDE87040FFF747BF10B548B17C
:1011E00049B143688B4206D382680468D21A5B1AFD
:1011F0004360A01810BD0020FCE72DE9F347054629
:10120000D0F8AC000E46174618B9002002B0BDE871
:10121000F087036A002BF8D09B68002BF5D0984725
:101220004307F2D543F69823002F18BF1F4605F158
:10123000640805F1C0094046FFF719FFD5F8C04022
:101240004C4532D08CB3D4E90023536022681A6035
:10125000C4E90044D5F8AC3021899B69ADF806108B
:1012600013B9D5F8A0303360D5F8AC309B69012BA9
:1012700004D1D5F8B400FFF763FD30604046FFF7B6
:10128000F4FE002C4BD1002FBFD0D5E92B32182112
:1012900012891B6B01FB0233D5F8C820AABB2120A1
:1012A0000021FDF759FA013FC5E7D5F8AC30D3F876
:1012B00018A0BAF1000F1CD13146D5F8B4000DF1D9
:1012C0000602FFF703FD04460028D7D1D5F8B43055
:1012D0001B8D0BB90024D1E7D5F8A010D5F8BC00C0
:1012E000FFF77CFFD5F8A03004463360ADF806A0C8
:1012F000C4E7BAF1010FEDD13246D5F8B4000DF1D3
:101300000601FFF728FD0446B8E71969284690470B
:101310006FF4FB639842C2D000288CD075E7BDF80B
:10132000063004F1100003F58033A3603368103BEE
:1013300033606BE720B119B112B1C0E9012201603D
:10134000704738B5044618B938BD3C38FFF75FFE22
:1013500020688442F9D10025D4F8AC00C4E92C55AA
:10136000FFF76CFEC4F8AC50EEE7F8B50446A1B147
:1013700099420E4628BF1E46751C013D05D012F845
:10138000017B00F8017B002FF7D1994207D9891B17
:101390004A19002100F068F9711B0846F8BD0023C6
:1013A0000C4404F8013CF7E740B1C368587810F0EA
:1013B00001001EBF1878B0FA80F040097047EFF3C3
:1013C0001183402383F31288BFF36F8FFEE708B5C4
:1013D000FFF7F5FF10B400F10C04C0E9034400244A
:1013E000446110BCF5F7F8BB13B501240094FBF77A
:1013F00065F902B010BD90F90E308B4201D0FCF7B8
:1014000071BE0020704703460020C3E90033C3E9E2
:101410000200704710B5044630B10268930703D04C
:10142000446809B100F00BF9204610BD012307B54F
:10143000009300230A461946FBF7C6FC03B05DF88B
:1014400004FB002307B50A4600931946FBF7BCFCD2
:1014500003B05DF804FB3AB18A4205D3C0E9021239
:10146000C0E90000002070476FF0150070470123AD
:1014700002688B4022EA0303036022FA01F000F0C5
:1014800001007047704720B100228C301146FDF7F3
:1014900027BB704710B5FCF7BDF8041E08DDEFF35D
:1014A0001180402383F31288BFF36F8FFCF7F4FEA3
:1014B000204610BDEFF30580003818BF01207047AB
:1014C0006FF057007047D0E9003213605A60002374
:1014D000C0E90033704738B504460D46FCF7C6FB3B
:1014E000237C43F002032374D5B1A5602B689D4291
:1014F00009D16B68C4E900531C606C6010E06A6835
:101500009A42F6D01B68002BF3D093F90E1094F991
:101510000E209142F3DD5A68C4E9003214605C6029
:1015200038BD10B5037C044613F0280F0CD1836836
:101530000BB1FCF771FC237C204623F004032374D9
:10154000BDE81040FCF72ABB10BDFCF71FBC38B546
:10155000054604680020AC4200D138BD002CFCD008
:101560002046FCF759FC04F11800FDF733FD204636
:10157000FCF714FB2C680120A542EDE708B50246F4
:10158000FDF71EFC70B1D0E904319B1A61EBE272E9
:10159000B3F1004F72F1000104DA002AACBF184623
:1015A000002008BD6FF00040FBE708B5FDF740FEE6
:1015B00008BDB3F1FF3F08BFB2F1FF3F70B506466B
:1015C0001D46144614D01A4316D0002B08DBFDF735
:1015D0002FFE041941EB0501C6E90041304670BDFC
:1015E0006FF001031C1B4FF0FF3363EB0501F3E7C2
:1015F0004FF0FF342146EFE70024FBE7B3F1FF3F54
:1016000008BFB2F1FF3FF8B5074616461C4610D09A
:1016100054EA020311D0FDF70BFEB0420A46A14185
:1016200003460AD2F31A64EB0204C7E900343846D1
:10163000F8BD4FF0FF331C46F7E70023FBE720B16E
:10164000011F50F8040CFAF7A1BF704770470A4415
:10165000431E914200D1704710B511F8014B9142E1
:1016600003F8014FF9D110BD02440346934200D163
:10167000704703F8011BF9E710B56AB10139841806
:1016800010F8012B11F8013F9A4203D1A04201D07A
:10169000002AF5D1D01A10BD1046FCE701390346E7
:1016A00010B532B111F8014F013A03F8014B002C8B
:1016B000F7D11A440021934200D110BD03F8011B59
:1016C000F9E70246014410B58A42134603D01C785C
:1016D0000132002CF8D1181A10BDF0B5C3F137074C
:1016E000044603F01F031046FFB2082BE6B232D0C7
:1016F000102B3DD06508A40845EAC17544EA817401
:101700008A082D1942EB5102290941EA02716D182C
:1017100042EB1212290A41EA02616D1842EB1222D1
:10172000290C41EA02416D1842EB1242AD1842F118
:101730000002EC0844EA4274D10804EB8402A6EBF0
:101740004205EDB2092D0CD90134A5F10A0541F18C
:101750000001EDB212E0E40806F0070544EA417426
:10176000C908303554EA010200F8015BBDD1F0BD73
:10177000240906F00F0544EA01740909092D84BF04
:08178000ED19EDB2EDE70000E8
:10178800158D01010000000000000000081802018A
:101798003DC50101000000000000000040180201E2
:1017A8000000000024180201C5A801010000000083
:1017B800D706020100000000000000005C180201CA
:1017C800759D010100000000F18601010000000084
:1017D80000000000781802010000000094180201BF
:1017E8009DA901010000000031F401010000000082
:1017F80000000000B0180201197901010000000082
:10180800162C0201481E0201601A0201D2010021B1
:101818007C5E0021ED8F010100000000922D020185
:10182800581E0201281A0201D60100211C5F00215E
:101838003D9A010100000000A02D02016C1E02016A
:10184800281A0201D8010021285F00213D9A0101D0
:1018580000000000772C020100000000201A02019D
:10186800D4010021D85E00211D950101000000006F
:10187800AE2D0201900100214C1A0201DA0100216B
:10188800345F0021799A010100000000F52E020161
:1018980000000000801E0201DC010021C85F002159
:1018A8009D9F01010000000093220201D000002149
:1018B800641D0201D001002158160021D5FF010145
:0418C800000000001C
:1018CC0000000000E701020100000000E701020136
:1018DC0000000000E701020100000000E701020126
:1018EC0000000000E7010201EB060201EF06020115
:1018FC0000000000E701020100000000E701020106
:10190C0000000000E7010201D85E0021B59501013D
:10191C00FC0000216304020100000000E701020149
:10192C0000000000E701020100000000E7010201D5
:10193C0000000000E701020100000000E7010201C5
:10194C0000000000E701020100000000E7010201B5
:10195C005DB60101EF06020100000000E701020183
:10196C0000000000E701020100000000E701020195
:10197C00000000007D9B010100000000E701020156
:10198C0000000000E701020100000000E701020175
:10199C000000000059A9010100000000E70102014C
:1019AC0000000000E701020100000000E701020155
:1019C000D81500211067002100020000456A0101BE
:1019D0000000000000000000000000000700000000
:1019E00000000000BD1F0201000000000000000018
:1019F0005815002110610021000600001D6A010138
:101A000000000000000000000000000007000000CF
:101A100000000000B01F02010000000000000000F4
:081A2000A1940101C59301012D
:101A2800399801011B040201270402013B04020149
:101A3800450402014F040201299701012996010179
:041A4800000000009A
:101A4C00AD04020189040201A5040201A9040201EA
:041A5C00D5040201AA
:101A6000459001010F040201E7030201000000009C
:0C1A7000158F01010000000000000000C4
:101A7C0069B801010600000000020000000200002D
:101A8C0000000000252627000102030328040000A3
:101A9C0090420000BE1100004C010000E80B000059
:101AAC00860400000102030301020303010100028A
:101ABC000700010204010001000001010000010007
:101ACC00010000010001000000000000020B0000FA
:101ADC0001000B0002000A00050009000A000800C2
:101AEC00140007001E000600320005004B00040025
:101AFC006400030096000200FA000100F4010000EB
:101B0C000102030302030001F401FA0096006400D1
:101B1C004B0032001E0014000A00050002000100F8
:101B2C000C0802170D01010209090101060209182E
:101B3C00180301010909838385030201230202248E
:101B4C000910040405050B0B040B2B1B1B159A9A8F
:101B5C001C021D16130501490D150508061B1B0F4C
:101B6C0001010000FEFEFEFEFEFEFEFEFEFEFEFE7F
:101B7C00FEFEFEFEFEFEFEFEFE16FEFEFEFEFEFE61
:101B8C00FEFEFEFEFEFE1F1FFE26FEFEFEFEFEFEFF
:101B9C00FEFEFEFEFEFEFEFEFEFEFEFE3E3EFEFED9
:101BAC00FEFE3B3B60009006BE022C01D012CE051F
:101BBC0028049042BE1164005006AE027205DA434E
:101BCC00081300010202A301B103BF05EF0249068D
:101BDC00A309C505F50B251201020303010203033A
:101BEC00010204010203030028049042BE11720595
:101BFC00DA4308132C00D002CE0104401000280454
:101C0C009042BE112C00D002CE01B400500BEE035A
:101C1C0064005006AE02B400500BEE030102030345
:101C2C0028049042BE1128049042BE110102030305
:101C3C00000102020100000007000000000000008B
:101C4C0000000000000000000406080A0C0E101230
:101C5C001416181C1E20222426282A2C2E3032342E
:101C6C0036383A3C3E40424446484A4C4E021A50A2
:101C7C0000000000280000001800000050010000C7
:101C8C005001000000000000141E00003011000084
:101C9C003C730000B45F0000B80BD0076C396C3992
:101CAC000000000070170000A00F00003C2800008E
:101CBC003C2800000000DC05E803D41700000000FD
:101CCC00000000000000000000000000141E0000D6
:101CDC003011000060EA000060EA000000002CA651
:101CEC00E0A120A820A800000000000000000000D7
:101CFC0000003408E803280A280A0000000000004D
:101D0C0000000000E3A3C300010200050400080862
:101D1C0000000000000000000000000000000000B7
:101D2C000000000000000101010102020202030395
:101D3C0003030405060708090A0B0C0D0E0FD8EC5B
:101D4C00F0F4F8F9FAFBFCFDFEFF000102030010B1
:101D5C000200FA0000000000557301011700020197
:101D6C00B175010100000000FD750101ED76010166
:101D7C0051FE0101C5FE010159FE01018BFE01015D
:101D8C0075FE01015FFE0101000000000000000073
:101D9C00470102013901020143010201370102012D
:101DAC000000000000000000000000000000000027
:101DBC0027010201000000210000000006000100C4
:101DCC0002000000D41D020100000001562A02018D
:101DDC0006000000E0FF0301000000215E2A020162
:101DEC0021000000E0FF00217D87010100000000C0
:101DFC00D7020201F41D0201101E02012000000096
:101E0C000000000060AC0021F41D0201241E020140
:101E1C004500000000000000E8AD0021F41D0201A7
:101E2C00381E02014700000000000000E8B100214C
:101E3C00D98E0101C58F01010000000051910101F3
:101E4C00759001010B04020107040201FFFF000061
:101E5C0000088C41FC000021000000000100000083
:101E6C00FFFFFFFF00058C41FC000021000000007B
:101E7C0000000000719E0101590502018705020155
:101E8C000800000003000000B1310201C43102015E
:101E9C00D7310201EA310201FD3102011032020197
:101EAC002332020136320201881702019017020117
:101EBC00C8170201D017020100180201081802010C
:101ECC00373E020100010000881300006472616754
:101EDC006F6F6E2F6C6962732F73636865642F73F9
:101EEC0072632F73636865645F68616C5F7274639F
:101EFC002E6300574553545F544F504449522F6E34
:101F0C0072662F6170706C69636174696F6E732F88
:101F1C006970635F726164696F2F7372632F62748F
:101F2C005F6863695F6970632E6300657272203D40
:101F3C003D203000415353455254494F4E204641A9
:101F4C00494C205B25735D20402025733A25640A9B
:101F5C0000094661696C656420746F20707574208B
:101F6C006461746120696E746F206D7367713A20BF
:101F7C0025642E0A00094661696C656420746F2023
:101F8C0067657420646174612066726F6D206D7377
:101F9C0067713A2025642E0A006E72665F62745F68
:101FAC006863690074785F7468726561645F696402
:101FBC000071756575655F7468726561645F6964ED
:101FCC0000574553545F544F504449522F7A657013
:101FDC006879722F6C69622F686561702F68656112
:101FEC00702E630028616C69676E20262028616C56
:101FFC0069676E202D20312929203D3D20300009B4
:10200C00616C69676E206D75737420626520612048
:10201C00706F776572206F6620320A006279746582
:10202C0073202F203855203C3D203078376666666B
:10203C00550009686561702073697A6520697320A1
:10204C00746F6F206269670A006279746573203E51
:10205C0020686561705F666F6F7465725F6279741A
:10206C00657328627974657329000968656170204D
:10207C0073697A6520697320746F6F20736D616C5E
:10208C006C0A00686561705F737A203E2063687526
:10209C006E6B737A2873697A656F662873747275C0
:1020AC006374207A5F686561702929006368756EB6
:1020BC006B305F73697A65202B206D696E5F636886
:1020CC00756E6B5F73697A65286829203C3D2068C2
:1020DC006561705F737A00574553545F544F504499
:1020EC0049522F7A65706879722F696E636C7564CA
:1020FC00652F7A65706879722F6B65726E656C2EC0
:10210C006800216B5F69735F7072655F6B65726EDF
:10211C00656C282900096B5F63757272656E745F5C
:10212C006765742063616C6C6564207072652D6BDF
:10213C0065726E656C0A00574553545F544F50449A
:10214C0049522F7A65706879722F6C69622F757499
:10215C00696C732F6F6E6F66662E63007374617497
:10216C0065203D3D20305500217379735F736C6998
:10217C0073745F69735F656D70747928266D67720F
:10218C002D3E636C69656E747329007472616E7395
:10219C00697420213D202828766F6964202A293013
:1021AC0029007374617465203D3D202831554C2005
:1021BC003C3C2028312929006D67722D3E726566E2
:1021CC0073203D3D2030007374617465203D3D20CB
:1021DC002831554C203C3C202830292900574553A8
:1021EC00545F544F504449522F7A65706879722F5E
:1021FC00696E636C7564652F7A65706879722F737C
:10220C0070696E6C6F636B2E68007A5F7370696EA9
:10221C005F756E6C6F636B5F76616C6964286C299B
:10222C0000094E6F74206D79207370696E6C6F634A
:10223C006B2025700A007A5F7370696E5F6C6F6338
:10224C006B5F76616C6964286C290009496E766154
:10225C006C6964207370696E6C6F636B2025700AF7
:10226C0000574553545F544F504449522F7A657070
:10227C006879722F6C69622F7574696C732F6E6F2D
:10228C00746966792E630069706330002A2A2A20EB
:10229C00426F6F74696E67206E524620436F6E6E8C
:1022AC006563742053444B2076332E342E302D39F5
:1022BC003935353330353536303762202A2A2A0AFB
:1022CC00002A2A2A205573696E67205A657068792E
:1022DC0072204F532076342E342E302D62663830D7
:1022EC003165346533643139202A2A2A0A00723068
:1022FC002F61313A20203078253038782020723107
:10230C002F61323A202030782530387820207232F4
:10231C002F61333A20203078253038780A00723318
:10232C002F61343A202030782530387820723132C1
:10233C002F69703A2020307825303878207231346B
:10234C002F6C723A20203078253038780A002078AB
:10235C007073723A20203078253038780A00466144
:10236C00756C74696E6720696E73747275637469C9
:10237C006F6E206164647265737320287231352F1F
:10238C007063293A203078253038780A00556E6809
:10239C00616E646C6564204952516E3A2025640A62
:1023AC00002A2A2A2A2A20555341474520464155BE
:1023BC004C54202A2A2A2A2A0A00202044697669A9
:1023CC0073696F6E206279207A65726F0A00202023
:1023DC00556E616C69676E6564206D656D6F7279A1
:1023EC00206163636573730A002020537461636B0F
:1023FC00206F766572666C6F772028636F6E7465DC
:10240C0078742061726561206E6F742076616C69DE
:10241C0064290A0020204E6F20636F70726F636511
:10242C0073736F7220696E737472756374696F6EF7
:10243C00730A002020496C6C6567616C206C6F61BD
:10244C0064206F66204558435F52455455524E20C8
:10245C00696E746F2050430A002020496C6C6567CC
:10246C00616C20757365206F66207468652045501B
:10247C0053520A002020417474656D707420746F7F
:10248C00206578656375746520756E646566696E24
:10249C00656420696E737472756374696F6E0A007B
:1024AC002A2A2A2A2A20425553204641554C542088
:1024BC002A2A2A2A2A0A002020537461636B696E27
:1024CC0067206572726F720A002020556E737461FA
:1024DC00636B696E67206572726F720A0020205000
:1024EC007265636973652064617461206275732021
:1024FC006572726F720A002020424641522041647C
:10250C0064726573733A20307825780A002020496C
:10251C006D707265636973652064617461206275A6
:10252C0073206572726F720A002020496E73747288
:10253C00756374696F6E20627573206572726F7249
:10254C000A002A2A2A2A2A204D5055204641554C49
:10255C0054202A2A2A2A2A0A002020537461636BE9
:10256C00696E67206572726F722028636F6E746576
:10257C0078742061726561206D696768742062658A
:10258C00206E6F742076616C6964290A00202044E7
:10259C00617461204163636573732056696F6C616C
:1025AC0074696F6E0A0020204D4D464152204164E3
:1025BC0064726573733A20307825780A00202049BC
:1025CC006E737472756374696F6E204163636573A7
:1025DC00732056696F6C6174696F6E0A00574553AE
:1025EC00545F544F504449522F7A65706879722F5A
:1025FC00617263682F61726D2F636F72652F636FE9
:10260C00727465785F6D2F6661756C742E63002132
:10261C002828285343425F54797065202A292028A2
:10262C002830784530303045303030554C29202B0F
:10263C0020307830443030554C2920292D3E4346EB
:10264C0053522026202831554C203C3C2028305514
:10265C00202B2034552929290009537461636B6997
:10266C006E67206F722044617461204163636573EF
:10267C00732056696F6C6174696F6E206572726F2E
:10268C007220776974686F757420737461636B2042
:10269C0067756172642C20757365722D6D6F64653E
:1026AC00206F72206E756C6C2D706F696E74657214
:1026BC0020646574656374696F6E0A0A00526573F1
:1026CC00657276656420457863657074696F6E20F9
:1026DC00280053707572696F757320696E7465721A
:1026EC007275707420284952512000535053454C38
:1026FC0020696E20746872656164206D6F6465205A
:10270C00646F6573206E6F7420696E6469636174A5
:10271C0065205053500A0065736620213D202828FF
:10272C00766F6964202A29302900094553462063B5
:10273C006F756C64206E6F742062652072657472A4
:10274C006965766564207375636365737366756C10
:10275C006C792E205368616C6C206E6576657220E6
:10276C006F636375722E0A002A2A2A2A2A2048418E
:10277C005244204641554C54202A2A2A2A2A0A001F
:10278C002020427573206661756C74206F6E207604
:10279C006563746F72207461626C6520726561642C
:1027AC000A0020204465627567206576656E740AA0
:1027BC000020204661756C7420657363616C6174D4
:1027CC00696F6E20287365652062656C6F77290AC6
:1027DC0000415243485F4558434550542077697433
:1027EC006820726561736F6E2025780A0A000946AD
:1027FC0061756C7420657363616C6174696F6E20B4
:10280C00776974686F75742046535220696E666FD1
:10281C000A0009486172644661756C7420776974AA
:10282C00686F7574204846535220696E666F20534A
:10283C0068616C6C206E65766572206F636375726F
:10284C000A002A2A2A2A2A204465627567206D6F9D
:10285C006E69746F7220657863657074696F6E2031
:10286C002A2A2A2A2A0A002A2A2A2A2A20257320D6
:10287C00256429202A2A2A2A2A0A00574553545FFC
:10288C00544F504449522F7A65706879722F617297
:10289C0063682F61726D2F636F72652F636F727433
:1028AC0065785F6D2F6972715F6D616E6167652E02
:1028BC0063007072696F203C3D20282831554C20F4
:1028CC003C3C2028332929202D2031290009696E10
:1028DC0076616C6964207072696F726974792025F5
:1028EC006420666F722025642069727121207661E4
:1028FC006C756573206D757374206265206C6573DF
:10290C0073207468616E20256C750A0A0057455354
:10291C00545F544F504449522F7A65706879722F26
:10292C00617263682F61726D2F636F72652F6D70AA
:10293C00752F61726D5F6D70752E630009436F6E3C
:10294C006669677572696E6720257520737461748A
:10295C006963204D505520726567696F6E732066F0
:10296C0061696C65640A0A00094D61726B696E6776
:10297C0020257520617265617320666F7220647901
:10298C006E616D696320726567696F6E7320666135
:10299C00696C65640A0A0009526571756573742067
:1029AC00746F20636F6E6669677572653A20257562
:1029BC0020726567696F6E732028737570706F7203
:1029CC007465643A202575290A0A00212872656706
:1029DC00696F6E5B6964785D2E64745F6174747288
:1029EC002026202831554C203C3C202830292929F0
:1029FC00000952414D5F4E4F434143484520776992
:102A0C0074682044545F4D454D5F434143484541F4
:102A1C00424C45206174747269627574650A0A00CF
:102A2C00094661696C656420746F20616C6C6F631E
:102A3C00617465204D505520726567696F6E732007
:102A4C0066726F6D2044540A0A00464C4153485F2D
:102A5C0030005352414D5F3000574553545F544F33
:102A6C00504449522F7A65706879722F6C69622FC5
:102A7C006E65745F6275662F6275662E6300627593
:102A8C00662D3E6672616773203D3D202828766F67
:102A9C006964202A29302900706F6F6C007265718F
:102AAC005F73697A65203C3D2073697A65006C69B7
:102ABC00737400627566006275662D3E7265660001
:102ACC000962756620257020646F75626C652066DE
:102ADC007265650A00574553545F544F5044495230
:102AEC002F7A65706879722F6C69622F6E65745FCE
:102AFC006275662F6275665F73696D706C652E63A7
:102B0C00006275662D3E6C656E203D3D2030550093
:102B1C006E65745F6275665F73696D706C655F740A
:102B2C0061696C726F6F6D2862756629203E3D205D
:102B3C006C656E006275662D3E6C656E203E3D20A8
:102B4C006C656E00574553545F544F504449522F97
:102B5C007A65706879722F736F632F6E6F72646908
:102B6C00632F6E726635332F736F632E6300574578
:102B7C0053545F544F504449522F7A6570687972A0
:102B8C002F696E636C7564652F7A65706879722F26
:102B9C00626C7565746F6F74682F6275662E680051
:102BAC00574553545F544F504449522F7A657068BF
:102BBC0079722F647269766572732F636C6F636BB5
:102BCC005F636F6E74726F6C2F636C6F636B5F639C
:102BDC006F6E74726F6C5F6E72662E6300747970B8
:102BEC0065203C20434C4F434B5F434F4E54524F58
:102BFC004C5F4E52465F545950455F434F554E54AF
:102C0C0000657272203E3D203000636C6F636B4038
:102C1C00343130303530303000574553545F544FD9
:102C2C00504449522F7A65706879722F64726976B4
:102C3C006572732F656E74726F70792F656E747216
:102C4C006F70795F6E7266352E630026656E7472D6
:102C5C006F70795F6E7266355F64617461203D3DA3
:102C6C00206465762D3E646174610072616E646FE0
:102C7C006D40343130303930303000574553545F6B
:102C8C00544F504449522F7A65706879722F696E8F
:102C9C00636C7564652F7A65706879722F647269DC
:102CAC00766572732F6770696F2F6770696F5F75C8
:102CBC0074696C732E680063616C6C6261636B0089
:102CCC00094E6F2063616C6C6261636B210A006357
:102CDC00616C6C6261636B2D3E68616E646C6572D5
:102CEC0000094E6F2063616C6C6261636B206861DC
:102CFC006E646C6572210A00574553545F544F50F3
:102D0C004449522F6D6F64756C65732F68616C2F1D
:102D1C006E6F726469632F6E7266782F68616C2FA8
:102D2C006E72665F6770696F2E68006E72665F67A1
:102D3C0070696F5F70696E5F70726573656E745FDA
:102D4C00636865636B282A705F70696E290057454C
:102D5C0053545F544F504449522F7A6570687972BE
:102D6C002F647269766572732F6770696F2F677045
:102D7C00696F5F6E7266782E630063622D3E6861C8
:102D8C006E646C6572006770696F40343138633003
:102D9C00383030006770696F40343138633035300B
:102DAC0030006D626F784034313031323030300069
:102DBC00574553545F544F504449522F7A657068AD
:102DCC0079722F696E636C7564652F7A657068799A
:102DDC00722F647269766572732F656E74726F7080
:102DEC00792E68006170692D3E6765745F656E743D
:102DFC00726F707920213D202828766F6964202A13
:102E0C00293029000943616C6C6261636B20706F1F
:102E1C00696E7465722073686F756C64206E6F7464
:102E2C00206265204E554C4C0A00574553545F5454
:102E3C004F504449522F6E72662F737562737973BB
:102E4C002F626C7565746F6F74682F636F6E74721C
:102E5C006F6C6C65722F6863695F647269766572FA
:102E6C002E63000954686520656E74726F7079204A
:102E7C00736F757263652072657475726E6564200C
:102E8C00616E206572726F7220696E206120626CB7
:102E9C006F636B696E672063616C6C0A00574553F6
:102EAC00545F544F504449522F6E72662F696E63B3
:102EBC006C7564652F6D70736C2F6D70736C5F77B0
:102ECC006F726B2E6800096B5F776F726B5F737537
:102EDC00626D69745F746F5F717565756528292003
:102EEC006661696C65642E0A0062745F6863695F71
:102EFC0073646300574553545F544F504449522FE9
:102F0C006E72662F7375627379732F6D70736C2F7D
:102F1C00696E69742F6D70736C5F696E69742E6362
:102F2C0000094D50534C204153534552543A2025DF
:102F3C00732C2025640A0A00657272636F64652025
:102F4C003D3D2030004D50534C20576F726B005755
:102F5C004553545F544F504449522F6E72662F6440
:102F6C007269766572732F6D70736C2F636C6F63FF
:102F7C006B5F636F6E74726F6C2F6E7266785F63CB
:102F8C006C6F636B5F6D70736C2E6300094E6F74A6
:102F9C0020737570706F727465640A0057455354D2
:102FAC005F544F504449522F6D6F64756C65732F8D
:102FBC0068616C2F6E6F726469632F6E7266782F06
:102FCC0068656C706572732F6E7266785F6770706F
:102FDC00695F647070692E6300705F677070692040
:102FEC00213D202828766F6964202A293029005732
:102FFC004553545F544F504449522F6D6F64756C58
:10300C0065732F68616C2F6E6F726469632F6E72BB
:10301C0066782F647269766572732F7372632F6E84
:10302C007266785F6770696F74652E6300574553DD
:10303C00545F544F504449522F6D6F64756C6573D7
:10304C002F68616C2F6E6F726469632F6E72667875
:10305C002F68616C2F6E72665F6770696F74652E76
:10306C006800696E646578203C203800705F696E7A
:10307C007374616E636500705F6368616E6E656C1E
:10308C000070696E5F6861735F74726967676572FF
:10309C0028705F696E7374616E63652C2070696E45
:1030AC002900696E745F656E61626C6500574553EB
:1030BC00545F544F504449522F6D6F64756C657357
:1030CC002F68616C2F6E6F726469632F6E726678F5
:1030DC002F647269766572732F7372632F6E7266CA
:1030EC00785F6970632E6300705F636F6E666967EB
:1030FC0020262620286D5F63622E73746174652010
:10310C003D3D204E5246585F4452565F53544154F5
:10311C00455F494E495449414C495A454429006D33
:10312C005F63622E7374617465203D3D204E524680
:10313C00585F4452565F53544154455F494E49546D
:10314C0049414C495A454400574553545F544F50DC
:10315C004449522F6D6F64756C65732F68616C2FC9
:10316C006E6F726469632F6E7266782F68616C2F54
:10317C006E72665F6970632E6800696E6465782094
:10318C003C20313600756E726567697374657265C3
:10319C0064202573206275730A0067656E65726919
:1031AC0063002573006D6574616C3A20656D657202
:1031BC0067656E63793A20006D6574616C3A2061C5
:1031CC006C6572743A2020202020006D6574616C4F
:1031DC003A20637269746963616C3A2020006D65F2
:1031EC0074616C3A206572726F723A202020202034
:1031FC00006D6574616C3A207761726E696E673A26
:10320C00202020006D6574616C3A206E6F746963C8
:10321C00653A20202020006D6574616C3A20696E3F
:10322C00666F3A202020202020006D6574616C3A76
:10323C002064656275673A20202020200025733AAF
:10324C002066726565696E67206E6F6E2D656D7098
:10325C007479207669727471756575650D0A0075DF
:10326C006E657870656374656420627566666572F8
:10327C002068656C6420636F756E7465720D0A004E
:10328C00574553545F544F504449522F6D6F6475DA
:10329C006C65732F6C69622F6F70656E2D616D702C
:1032AC002F6F70656E2D616D702F6C69622F72704F
:1032BC006D73672F72706D73675F76697274696F67
:1032CC002E6300737461747573203D3D2073697AAD
:1032DC00656F662872705F6864722900737461741C
:1032EC007573203D3D203000726574203D3D2030CB
:1032FC0000737461747573203E3D203000737461EB
:10330C00747573203D3D206C656E0072785F76712C
:10331C000074785F7671004E5300574553545F54D8
:10332C004F504449522F7A65706879722F6B6572D1
:10333C006E656C2F6465766963652E63007263201D
:10334C003E3D202D28307866662920262620726383
:10335C00203C203000096465766963652025732064
:10336C00696E69743A20696E76616C696420657265
:10337C00726F7220282564290A00574553545F54F4
:10338C004F504449522F7A65706879722F6B657271
:10339C006E656C2F666174616C2E6300726561736F
:1033AC006F6E20213D204B5F4552525F4B45524E74
:1033BC00454C5F50414E49430009417474656D7032
:1033CC0074656420746F207265636F766572206615
:1033DC00726F6D2061206B65726E656C2070616E12
:1033EC00696320636F6E646974696F6E0A00574578
:1033FC0053545F544F504449522F7A657068797218
:10340C002F6B65726E656C2F696E69742E63007418
:10341C0068726561645F64617461203C3D205F5F2C
:10342C007374617469635F7468726561645F64610D
:10343C0074615F6C6973745F656E640009756E65A9
:10344C0078706563746564206C69737420656E6450
:10345C00206C6F636174696F6E0A00646576203C42
:10346C003D205F6465766963655F6C6973745F6545
:10347C006E64006D61696E00574553545F544F5034
:10348C004449522F7A65706879722F6B65726E653C
:10349C006C2F6B686561702E630021617263685FCD
:1034AC0069735F696E5F6973722829207C7C2028A0
:1034BC002874696D656F7574292E7469636B73203C
:1034CC003D3D202828286B5F74696D656F75745FAE
:1034DC0074297B307D29292E7469636B732900094B
:1034EC000A0068656170203C3D205F6B5F68656118
:1034FC00705F6C6973745F656E6400574553545FFD
:10350C00544F504449522F7A65706879722F6B650D
:10351C00726E656C2F69646C652E63005F6B6572EF
:10352C006E656C2E637075735B305D2E6375727295
:10353C00656E742D3E626173652E7072696F203EEC
:10354C003D203000574553545F544F504449522F3F
:10355C007A65706879722F6B65726E656C2F696E07
:10356C00636C7564652F6B73636865642E68007497
:10357C0068726561642D3E626173652E70656E6460
:10358C0065645F6F6E00574553545F544F50444908
:10359C00522F7A65706879722F6B65726E656C2F1D
:1035AC006D73675F712E630021617263685F69726E
:1035BC00715F756E6C6F636B6564286B6579290040
:1035CC00286D7367712D3E77726974655F707472C4
:1035DC00203E3D206D7367712D3E62756666657287
:1035EC005F73746172742920262620286D736771AD
:1035FC002D3E77726974655F707472203C3D202893
:10360C006D7367712D3E6275666665725F656E647B
:10361C00202D2031292920262620282873697A6517
:10362C005F74292875696E747074725F7429286DC3
:10363C007367712D3E6275666665725F656E642098
:10364C002D206D7367712D3E77726974655F707490
:10365C007229203E3D206D7367712D3E6D73675F3F
:10366C0073697A652900574553545F544F50444948
:10367C00522F7A65706879722F6B65726E656C2F3C
:10368C006D757465782E630021617263685F697370
:10369C005F696E5F697372282900096D75746578AE
:1036AC0065732063616E6E6F74206265207573653F
:1036BC006420696E7369646520495352730A006D06
:1036CC00757465782D3E6C6F636B5F636F756E748C
:1036DC00203E20305500574553545F544F504449B9
:1036EC00522F7A65706879722F6B65726E656C2FCC
:1036FC0073656D2E63002828617263685F69735F60
:10370C00696E5F6973722829203D3D203029207C29
:10371C007C20282874696D656F7574292E74696313
:10372C006B73203D3D202828286B5F74696D656F95
:10373C0075745F74297B307D29292E7469636B73D2
:10374C00292900574553545F544F504449522F7AFE
:10375C0065706879722F6B65726E656C2F776F72FE
:10376C006B2E6300776F726B2D3E717565756520DE
:10377C00213D202828766F6964202A29302900777A
:10378C006F726B20213D202828766F6964202A29CE
:10379C00302900776F726B2D3E68616E646C6572B8
:1037AC0020213D202828766F6964202A29302900A1
:1037BC0021666C61675F746573742826776F726B12
:1037CC002D3E666C6167732C204B5F574F524B5FDD
:1037DC0044454C415941424C455F424954290021D2
:1037EC006B5F69735F696E5F697372282900737907
:1037FC006E6320213D202828766F6964202A2930A9
:10380C00290021666C61675F746573742826717575
:10381C006575652D3E666C6167732C204B5F574F49
:10382C00524B5F51554555455F5354415254454495
:10383C005F42495429007175657565007374616345
:10384C006B00574553545F544F504449522F7A657F
:10385C00706879722F6B65726E656C2F7468726507
:10386C0061642E6300282828287072696F2929202A
:10387C003D3D203135202626207A5F69735F6964CF
:10388C006C655F7468726561645F656E74727928CB
:10389C0028656E747279292929207C7C2028282897
:1038AC003135202D203129203E3D2028282D313640
:1038BC002929292026262028287072696F29292079
:1038CC003E3D2028282D313629292026262028283F
:1038DC007072696F2929203C3D20283135202D201C
:1038EC00312929290009696E76616C69642070722E
:1038FC00696F7269747920282564293B20616C6C8E
:10390C006F7765642072616E67653A202564207458
:10391C006F2025640A000954687265616473206D18
:10392C006179206E6F7420626520637265617465C5
:10393C006420696E20495352730A00574553545FF3
:10394C00544F504449522F7A65706879722F6B65C9
:10395C00726E656C2F73636865642E6300217A5FE9
:10396C0069735F69646C655F7468726561645F6FCD
:10397C00626A6563742874687265616429005745CE
:10398C0053545F544F504449522F7A657068797282
:10399C002F6B65726E656C2F696E636C7564652F29
:1039AC006B7468726561642E68005F6B65726E651E
:1039BC006C2E637075735B305D2E63757272656E01
:1039CC007420213D202828766F6964202A2930290B
:1039DC00002169735F7468726561645F64756D6DF5
:1039EC0079287468726561642900574553545F5493
:1039FC004F504449522F7A65706879722F6B6572FB
:103A0C006E656C2F696E636C7564652F6B73776173
:103A1C00702E6800617263685F6972715F756E6C9D
:103A2C006F636B6564286B657929207C7C205F6BE8
:103A3C0065726E656C2E637075735B305D2E63758D
:103A4C007272656E742D3E626173652E7468726558
:103A5C0061645F73746174652026202828283155B1
:103A6C004C203C3C202830292929207C2028283136
:103A7C00554C203C3C202833292929290009436F27
:103A8C006E7465787420737769746368696E6720E7
:103A9C007768696C6520686F6C64696E67206C6F01
:103AAC00636B210A0073697A656F66285F736368BC
:103ABC0065645F7370696E6C6F636B29203D3D208C
:103ACC0030207C7C206C6F636B20213D20265F7343
:103ADC00636865645F7370696E6C6F636B005F6BBA
:103AEC0065726E656C2E637075735B305D2E6375DD
:103AFC007272656E742D3E626173652E73636865B8
:103B0C00645F6C6F636B656420213D203155005FF1
:103B1C006B65726E656C2E637075735B305D2E63B6
:103B2C00757272656E742D3E626173652E73636877
:103B3C0065645F6C6F636B656420213D20305500BC
:103B4C00217465726D696E617465000961626F72D2
:103B5C00746564205F63757272656E742062616354
:103B6C006B2066726F6D20646561640A0021657359
:103B7C0073656E7469616C000961626F727465645F
:103B8C0020657373656E7469616C2074687265610D
:103B9C00642025700A00574553545F544F504449D4
:103BAC00522F7A65706879722F6B65726E656C2F07
:103BBC0074696D65736C6963696E672E6300282880
:103BCC0074696D656F7574292026262028287569FF
:103BDC006E747074725F742928736C6963655F749A
:103BEC00696D656F7574732929203C3D20282875F3
:103BFC00696E747074725F74292874696D656F7561
:103C0C0074292920262620282875696E74707472F0
:103C1C005F74292874696D656F75742929203C209F
:103C2C00282875696E747074725F7429282628733D
:103C3C006C6963655F74696D656F757473295B2856
:103C4C002873697A655F7429282828696E7429732A
:103C5C00697A656F6628636861725B31202D202854
:103C6C0032202A202128215F5F6275696C74696E8D
:103C7C005F74797065735F636F6D70617469626C8A
:103C8C00655F70285F5F747970656F665F5F28731E
:103C9C006C6963655F74696D656F757473292C202D
:103CAC005F5F747970656F665F5F282628736C6937
:103CBC0063655F74696D656F757473295B305D291D
:103CCC002929295D29202D203129202B20287369B1
:103CDC007A656F6628736C6963655F74696D656F6F
:103CEC0075747329202F2073697A656F6628287381
:103CFC006C6963655F74696D656F757473295B308E
:103D0C005D292929295D292920262620282828757E
:103D1C00696E747074725F74292874696D656F753F
:103D2C00742929202D20282875696E747074725F8F
:103D3C00742928736C6963655F74696D656F75743C
:103D4C007329292920252073697A656F66282873C1
:103D5C006C6963655F74696D656F757473295B302D
:103D6C005D29203D3D20302900574553545F544F69
:103D7C00504449522F7A65706879722F6B65726E58
:103D8C00656C2F74696D656F75742E630021737982
:103D9C00735F646E6F64655F69735F6C696E6B658E
:103DAC00642826746F2D3E6E6F6465290057455349
:103DBC00545F544F504449522F7A65706879722F72
:103DCC006B65726E656C2F6D656D706F6F6C2E63AD
:103DDC0000616C69676E203D3D2030207C7C202882
:103DEC002875696E747074725F74296D656D202608
:103DFC002028616C69676E202D20312929203D3DDA
:103E0C00203000096D6973616C69676E6564206DA3
:103E1C00656D6F72792061742025702028616C6942
:103E2C00676E203D20257A75290A00737973776FA8
:103E3C00726B7100FFFFFFFF1F00418866AA1AFF1B
:103E4C00FF443300C8DA3098F9F034A44B6EBAD37F
:103E5C000819CC0CEA51DA4700286E756C6C2900F5
:103E6C002A666C6F61742A0000203030303030309C
:0C3E7C00303030303030303000010000B9
:103E8800FFFFFFFFFF1F00001F00000000000000F1
:103E98007FFE0000E40700001D4000000000000055
:103EA8000000000000000000FFFFFFFF1FFF1B00D5
:103EB800BAABBABA10101010A0354D00FF000000C0
:103EC800C40900000000000000C00041000000001C
:103ED800000000000C00000000FF7F000000000050
:103EE800DB3B0101000000005B3B0101000000001A
:103EF800316E000100000000A73B01010000000036
:103F0800A33B010100000000073C01010000000084
:103F1800BF3B010100000000D73B01010000000089
:103F280034F30001FF0000006C22010101000000D1
:103F3800A51F020100000000116A01010000000035
:103F4800B969010100000000000000005BFC0101EC
:103F5800010000000000072000000100781802019D
:103F680001000000781802010000000002000000B3
:103F780000000000000000000002000000A0004156
:103F88000000000000000000000000000000000029
:103F98000000000000000000000000000000000019
:103FA8000000000000000000000000000000000009
:103FB80000000000000000000000000000000000F9
:103FC80000000000000000000000000000000000E9
:103FD80000000000000000000000000000000000D9
:103FE80000000000000000000000000000000000C9
:103FF80000000000000000000000000000000000B9
:1040080000000000000000000000000094180201F9
:10401800FFFF0000FFFF0000FF000000A6310201C3
:1040280000000000C5B6010100000000000000000B
:104038000000000000000000000000000000000078
:104048000000000000000000C8010021C801002194
:104058000000000000000000000000000000000058
:1040680000000000108200214C2000000000000029
:08407800000000000000000040
:10408000F8010021F80100210000000000000000FC
:044090000E0000001E
:104094000C0200210C0200210000000008000000B6
:1040A4004000000060AA002160AC002160AA002149
:0C40B40060AA00210000000000000000D5
:1040C0003802002138020021000000000100000039
:1040D0000000000000000000000000005402002169
:1040E0005402002100000000000000000000000059
:0840F0006802002168020021B2
:1040F8000000000000000000000000007C02002119
:104108007C020021000000000700070000000000FA
:1041180000000000001E020140AD00210000000068
:104128000000000000000000A8020021A8020021F1
:10413800000000000B000B00000000000000000061
:10414800141E0201E0B00021000000000000000081
:1041580000000000D4020021D40200210000000069
:104168000A000A0000000000358D0101281E020126
:04417800B0B40021BE
:04417C0015E015E055
:0400000501017E8DEA
:00000001FF
