:10000000784300205926000001C700004526000063
:100010004526000045260000452600004526000034
:100020000000000000000000000000003127000078
:100030004526000000000000F928000045260000C9
:100040007929000079290000792900007929000028
:100050007929000079290000792900007929000018
:100060007929000079290000792900007929000008
:1000700079290000792900007929000079290000F8
:1000800079290000792900007929000079290000E8
:1000900079290000792900007929000079290000D8
:1000A00079290000792900007929000079290000C8
:1000B00079290000792900007929000079290000B8
:1000C00079290000792900007929000079290000A8
:1000D0007929000079290000792900007929000098
:1000E0007929000079290000792900007929000088
:1000F0007929000079290000792900007929000078
:100100007929000079290000792900007929000067
:100110007929000079290000792900007929000057
:100120007929000079290000792900007929000047
:100130007929000079290000792900007929000037
:100140007929000079290000792900007929000027
:040150007929000009
:1001540010F8012B11F8013B012A28BF9A42F7D06D
:10016400D01A7047034611F8012B03F8012B002A1B
:10017400F9D17047034613F8012B002AFBD1181A52
:100184000138704730B589B005F068FF034640B1C7
:100194001B4A01211B480CF0E3F94FF0FF3009B072
:1001A40030BD03F0B5FF034608B1174AF1E7174D18
:1001B4000321174A134803AC0CF0C9F90FCD0FC43F
:1001C4002B68012523600222124B1349009503A8D2
:1001D40004F0A8FB044610B1104A0346D9E70321F2
:1001E4000F4A08480CF0B3F9013404F0010100206F
:1001F40005F054FF00214FF400400EF0FDFAF3E740
:10020400B4F60000D8F00000CFF6000000F20000C1
:10021400E9F6000078F2000080F2000000F7000028
:1002240026F700002DE9F843884600AF00297DD069
:100234000568012228460BF0BAF90146044628460F
:100244000BF06FF910EA020616D1E94688B06A4647
:10025400384BCDE90538032342F8103F4FF4C2511F
:100264003346354801F080FBCD4686F31188BFF351
:100274006F8F0423184602DF214628460BF067F9E6
:1002840026183146002228460BF04BF9361AB442A0
:1002940018D06E4688B06946284BCDE9053803234B
:1002A40041F8103F244813460A464FF4C25101F066
:1002B4005BFB0023B54683F31188BFF36F8F0423E0
:1002C400184602DF0022214628460BF046F9214653
:1002D4000BF03DF926180122314628460BF021F98E
:1002E400C20708D4314628460BF0A3F9324621460A
:1002F40028460BF015FA0022214628460BF011F986
:10030400261A0122314628460BF00BF9C30709D4FB
:10031400314628460BF08DF92246314628460BF02B
:10032400FFF93446214628460BF018FABD46BDE8CD
:10033400F88300BFB5F7000080F100008CF70000DF
:100344002DE9F04F91B0009302F004030293C2F33D
:10035400C2030133840705460E46DDF868A0039204
:10036400059340F09C81041D002849D101F0070643
:10037400341DC6F10806009B00274FF004085A1EDE
:100384004FF0FF33B9460193BB46434604970DB182
:10039400009921600598002800F3D6808F480099C1
:1003A400814203D38E488142C0F0CE800399601B02
:1003B40011F0020C40F0D680B9F10F0F00F2CF809B
:1003C400002D00F0D68009F140010DEB010E0199DA
:1003D400C0F387000EF8200C0EF8101CBCF1000FBF
:1003E40000F0C38060F07F000EF8200C013709F1A3
:1003F4000109C5F108014FF6DA7E043406918CE058
:100404000729B8D86FF01B0011B0BDE8F08F7A2827
:100414005BD84B280FD8472857D829282ED8252809
:1004240050D052D8202818BF23280CBF4FF0010BFE
:100434004FF0000B71E04C382E2846D8DFE800F06E
:100444006D4545454545454545454545484545452D
:100454004545454545564548485656566D486A45AE
:100464006D4518481845457F7C48454548457C00FE
:1004740000204FF0000B4FF0040835E001212A382A
:10048400C0B201FA00F010EA0E0F46D110F0625C1F
:100494002CD110EA010B40D06046013C4444B4FB2B
:1004A400F8F408FB04F425B1A3EB050CA444B4450B
:1004B400A8D8002870D00599013905915AF8041B71
:1004C400009164E70199013901914FF0000B24E098
:1004D40012F8010C6C2834D1002012F8023C834637
:1004E4006C2BC8D14FF008084346D6E70AF1070A37
:1004F4002AF0070A073424F00704FAE802BC35B1ED
:1005040006982044B0423FF67DAFC4E900BC4FF0EA
:10051400000B08344FF00808434612F8010F002876
:1005240053D0BBF1000F7FF472AF2528F5D14FF003
:10053400010B019B013301934FF00408ECE758468B
:1005440097E700208346A8E7039988077FF551AF12
:100554004FF0010C601BB0F5007FFFF42DAF6FF07E
:10056400150051E74FF0000CF5E7049801300490B2
:100574003DE7BCF1000F01D0013638E7029802369E
:1005840000287FF434AF0098CDE90632FFF7F2FD7E
:10059400DDE9063206442AE7042B08D10AF10400F7
:1005A40015B1DAF80010216082460434B5E70AF187
:1005B400070323F0070303F1080A1DB1D3E900017F
:1005C400C4E9000108230834A7E7631BB3F5806F6F
:1005D400C5D23DB9A6F10804E01815E780EC000087
:1005E4008C0F0100029A9B0828602B709DF8103034
:1005F400AAB1EB70AF702FB1002208A8C5F1010CAD
:1006040091450ED14FF0000AC5F101030DF1200808
:1006140001930DF1300BD14512D1601BF4E66B70E0
:10062400E8E710F8013B190608D50CEB040EB645B3
:1006340003F07F033FF6E6AE04F8013B0132DFE747
:100644001FB198F90020002A17DB029BD3B11AF8D6
:100654000B2004F8012B0022019B18191044B0420E
:100664003FF6D0AE98F80000009904F8010B20463C
:1006740003920EF02EFA039A14440AF1010A08F1C7
:100684000108C8E798F8002055F822300093029B2F
:10069400009845F82230FFF76DFD421CDCE76FF04F
:1006A4000D00B1E62DE9F04F97B000AF05468A463C
:1006B400C7E90A3249B903784678807800EB8300A9
:1006C4002844564524D8A0EB050AD7F8803095F87D
:1006D400028003F00103D7F88040FB61EB78B8F1A6
:1006E400000F0CBF002404F001047B621BB1D7F897
:1006F40080309A0715D4A4B9FB6A1BB15146284629
:10070400BA6A9847564630465C37BD46BDE8F08F16
:10071400441C2046FFF72EFD013020440AF1010A53
:10072400CFE7D7F88030C3F3C0033B622B78BB61BB
:100734009B003B616B687B61BB6905EB830BFB6AC8
:10074400002B77D15646D844BCB11C461BF8013B5C
:1007540055F82300FFF70EFDD7F88430013043B17C
:10076400D7F88830A34282BFD7F8843023F8140026
:100774000134C3450644E9D1D846D7F880304FF058
:10078400000913F0050F0CBF4FF0020B4FF0010BE3
:100794007B6A9945B7D298F8013008F1020855F8F8
:1007A40023A0AE4B9A45C0F04C81AD4B3A6A9A45B2
:1007B4002CBF002301230AB318F8021C7869FB62DA
:1007C4000BF0CEF8FB6AC8B1EA468AB06A46A54B7C
:1007D40005937B69CDE906314FF40073ADF8203001
:1007E400A14B42F8103F00234FF412519F4801F0EF
:1007F400BBF8D546023E09F10109C9E723B1FB69FB
:1008040033B9A6EB0B06F6E7D7F880309B07F2D591
:100814005046FFF7AFFCD7F884304BB1D7F8883097
:100824009C423FBFD7F88420431C22F81430013483
:100834000644E0E7002C6AD1B8F1000F6DD0D7F878
:10084400803058076CD5C14607F1480042465946E6
:100854000EF03FF900220BEB0803FB600233796AC8
:100864008A425FD3D7F8802095F801B0F9699207DE
:1008740004EB0B0348BF0022DBB258BF4FEA590216
:10088400002940F0A680D7F8801011F0040F14BF9F
:10089400494600216B70A970EA702846BA6A396922
:1008A400FB6A9847061EFFF62EAFBB6949462B70BC
:1008B4007B6ABA6AEB7085F801B0FB6A85F802803E
:1008C40007F148009847B0F10009C0F2B6803B69CF
:1008D4007A6A786A03EB4201FB68414403EB400007
:1008E400BA6AFB6AAAEB010198470028C0F2A78004
:1008F4004FF0000BB14409EB000607F1380AA34599
:1009040069D30021BA6A0846FB6A9847FBE6444665
:100914004FF0000907F1380098E74446C14699E7CB
:10092400A14697E713F8016CDFF830C155F82600AB
:1009340013F8021C6045C0F08A80DFF824C16045CA
:10094400386A2CBF4FF0000B4FF0010B38B17869B7
:10095400C7E901320BF004F8D7E90132F0B9BBF171
:10096400000F1ED0F96949B1611C04F1280007F198
:100974003004041904F8206CCCB20FE0D7F88010CE
:1009840049070BD509F1280007F1300C09F10101E1
:1009940000EB0C0909F8106C5FFA81F9013202339B
:1009A4005DE7D7F880008007DED409F1280C07F151
:1009B400300EF44409F101000CF8101C07F1580141
:1009C40009F1020951FA80F05FFA89F900F8106C14
:1009D400E4E700215EE71BF80A3055F8239087F816
:1009E4003730D7F884302BB3D7F888309B4521D2E1
:1009F400D7F8843033F81B800121BA6AFB6A07F107
:100A04003700984700281ADB0644B8F1000F06D1D6
:100A14004846FFF7AFFB00F101081FFA88F841468A
:100A24004846BA6AFB6A9847002808DB06440BF17B
:100A3400010B64E74FF00008DEE74E4663E6064626
:100A440061E63B6A002B3FF4DFAE0023B4E6386A6C
:100A54000028A6D04FF0000B79E700BF80EC00001F
:100A64008C0F0100E2F700000400000120F10000F7
:100A7400014B1860704700BF2801002080B505466F
:100A84000E461746984607F083FC034601F084FFA0
:100A94000446DFF81890424649F80030394630469B
:100AA400A84754F8090001F00FFF00BF0800000038
:100AB4002DE9F047058B0446280717460CD5012974
:100AC4000CBF45F0100545F02005258387F31188F8
:100AD400BFF36F8FBDE8F087022905F0070540F0EA
:100AE400948020460BF0E3F9052864D801A353F859
:100AF40020F000BFD10A00000F0C0000BB0B000067
:100B04007D0B0000970B0000A90B000001F0070308
:100B14005A1F012A1FD8002221F00701062BD4F8FE
:100B2400008089B2C4E9002209D1434603E0628B04
:100B3400013262831B68002BF9D141F00201204687
:100B440021830BF0B4F94FF0000900286DD041F077
:100B54002001218369E0042B0AD121F0070189B225
:100B6400204621830BF0A3F910B141F02001218329
:100B74004FF00008C14658E02369D3F80090238B56
:100B840023F0070343F006034FF00008238346468F
:100B94004BE02369D3F80490238B23F0070343F03D
:100BA4000403F1E72369D3F80890238B23F00703A8
:100BB40043F00503E8E74FF00008C146E7E70122E8
:100BC40043F00803238387F31188BFF36F8F002A50
:100BD4003BD1B8F1000F4AD1B9F1000F02D0204641
:100BE4002C49C847EFF31187202383F31288BFF3FE
:100BF4006F8F238B23F008039BB22383D9063FD541
:100C040023F01002228303F007056669218B002E6E
:100C1400BFF67CAF00239946D4F8008021F0070189
:100C2400C4E9003341F001012183238B03F0070A57
:100C3400AA4502D0A268002AC1D1B8F1000F02D19E
:100C4400B9F1000FDAD00022BAE7A1680029C0D0B8
:100C54000D680029BDD03346524620464F68B84738
:100C64001DB12B6829461D46F3E72B46FAE741469A
:100C7400334652462046D8F800800BF044F9A8E7E2
:100C84009A067FF523AF23F02002228303F00705A1
:100C940027E700BF37BF000010B530B90B480C4937
:100CA4000BF0F5F96FF0150010BD836833B90748F0
:100CB40008490BF0ECF96FF00400F5E71B6813B179
:100CC400BDE8104018471846EEE700BF38F10000B1
:100CD400A1F80000B2F8000010B530B90B480C4977
:100CE4000BF0D5F96FF0150010BD836833B90748D0
:100CF40008490BF0CCF96FF00400F5E75B6813B119
:100D0400BDE8104018471846EEE700BF38F1000070
:100D1400A1F80000B2F8000070B508B101B132B911
:100D24000B480C490BF0B3F96FF0150070BD8468E3
:100D34000CB1256935B9064807490BF0A8F96FF0DD
:100D44000400F3E741F8040B2369BDE87040184739
:100D540038F10000D0F80000B2F8000010B50446E5
:100D640030B9104810490BF092F96FF0150010BD1E
:100D7400006830B90B480D490BF089F96FF0010098
:100D8400F5E783680BB15B6933B9064808490BF092
:100D94007EF96FF00400EAE7616898470028E6D11D
:100DA4002060E4E738F10000FCF800000DF90000D1
:100DB400B2F8000070B51346044630B91048114922
:100DC4000BF065F96FF0150070BD006830B90C4880
:100DD4000D490BF05CF96FF00100F5E782680AB188
:100DE400956835B9064809490BF051F96FF00400CC
:100DF400EAE70A46AC466168BDE87040604700BF58
:100E040038F10000FCF800000DF90000B2F8000011
:100E1400034A13680BB9526813600020704700BF7F
:100E24002C01002030B50C460E4985B00291D0F853
:100E3400CC110546CDE9003100F1F0014FF0FF334C
:100E4400204605F0F1FF50B9012384F86C30D5F841
:100E5400C83123B1204605B0BDE83040184705B07D
:100E640030BD00BFA1C100002DE9F04F0123814630
:100E74000569466891B005F56777D7E8EF2F002A32
:100E840003D1C7E8E13F0029F7D10CBF1A4600227D
:100E940040F0BE80B368B16A05F5F4781C1F1046B3
:100EA4000BF0CCF984427CD8013A00F0AB80B2FA62
:100EB40082F24FF00044D44072682046073222F098
:100EC4000302C5F83422B16A0BF0B8F9C5F8380248
:100ED400B36A40466343033323F0030302EB430244
:100EE400230103EB4403093323F0030303EBC4039B
:100EF400C5F82C221A440832C5F828227368C5F8AC
:100F04003042C5F82432444BC5E9AB63316800F084
:100F140039FA0446002842D1D9F810B0D9F804A00F
:100F2400D9F800300BF53274CDE90600059320465C
:100F3400DAE90739012B08BFA9F110090DF074FB98
:100F4400DAF82400354905AB009301EB80214B46C8
:100F540020464FF4806206F07DFE2021DAF824302A
:100F64002F4A0DEB01000AF061F8204608A906F0AB
:100F74001BFF2C490BF52E700DF00FFBDAE9050170
:100F840083685C684CB15B46274AA047044630B985
:100F9400DAE9050183681B692BB96FF05704002156
:100FA40029E001327BE70122984704460028F6D164
:100FB4001E4B2846C5F8C8311D4BC5F8CC311D4B16
:100FC4000393D5F838320293D5F83432CDE900834F
:100FD40005F50F73B26AD5F8981300F09BF904462F
:100FE4000028DCD105F1F00005F0C4FF0028C5F8A5
:100FF400A0030ADB022138460BF008F9204611B0A1
:10100400BDE8F08F6FF00B04C9E76FF01504C6E775
:101014006FF07704F2E700BFFBC10000D823002083
:1010240032F90000E1C10000D5C10000B910000090
:1010340017C300003D1000002DE9F04190460C4616
:1010440099B30B788BB3D0F8BC50A5F5DE76143584
:101054004FF0FF324FF0FF33284606F069FB21467C
:1010640030460BF09DF80746A0B9304610490BF006
:1010740097F8064620B92846BDE8F0410BF0C4B8FD
:101084001F22214648300DF07BFD86F86770C6F8B4
:101094006880F0E728460BF0B7F843462246394605
:1010A4003046BDE8F041FFF7BDBEBDE8F08100BFAA
:1010B400E00D010013B5044640B100230122CDE93F
:1010C4000032074BD0E9091205F082FE236F1B683A
:1010D40023B1606F02B0BDE81040184702B010BDE4
:1010E400E00D010013B504460846216901F5677156
:1010F400D1E8AF1F022910D193B1A0B10121CDE9EC
:1011040000311346D0E9091205F062FE074B9842FC
:1011140008BF6FF00B0002B010BD6FF00F00FAE7CC
:101124006FF04C00F7E76FF00100F4E72EF8FFFFD3
:101134002DE9F84389461546066906F56773D3E831
:10114400AF3F022B66D11368EBB11B78DBB1D6F845
:101154009873002F3FD106F5E8784FF0FF324FF037
:10116400FF33404606F0E4FA304629680BF018F8DD
:10117400044660B9304629490BF012F8044638B9E0
:1011840040460BF041F86FF01500BDE8F8830127E5
:1011940005F108032367AB6964646367002384F87B
:1011A4006C3067B140460BF02FF821463046A36EF1
:1011B4002A68FFF737FE0020C9F80040E5E71F2240
:1011C400296804F148000DF0DBFC404684F86770A0
:1011D4000BF01AF8EFE7304610490AF0E1FF044635
:1011E4000028D0D0002705F108030367AB6980F815
:1011F4006C70436740641F22296848300DF0C0FCBE
:1012040022460121304684F8677000F065F8002812
:10121400D1D0B8E76FF00F00B7E700BFE00D0100D1
:1012240010B50C46006900F56773D3E8AF3F022B95
:101234000FD189B10A4900F52E700DF0DAF9204674
:101244000CF005FD7822002120460DF068FC0020FA
:1012540010BD6FF00F00FBE76FF00100F8E700BF6F
:10126400D81200202DE9F04F05460E46904600277F
:10127400D0F8BCA085B0AAF5BA7421463046FEF772
:1012840067FFE0B9134BA4F1480B0293DAF810306E
:101294003246CDE9008329464FF0FF335846AAF57C
:1012A400DE7905F0C1FD88B97823012203FB079399
:1012B40083F86C20DAF80C300BB1584698477B1C45
:1012C400022B4FF0010704F17804D6D105B0BDE834
:1012D400F08F00BF45C300001FB5144690B18AB11A
:1012E400012912D10A4B00F1F0010293D0F8CC315C
:1012F400483201934FF0FF332046009305F094FDEC
:1013040004B010BD6FF01500FAE70020F8E700BF45
:1013140045C300002DE9F04387B00E46DDE90E8198
:101324001446DDE910251F4630B329B3DFF850C059
:1013340000F1F009002D08BF65469EB9CDE90344CC
:1013440000F5DE74204605960CF0F3FE03ABCDE900
:1013540000432A463B464146484605F089FE07B00D
:10136400BDE8F083002241460E9248462A4607B063
:10137400BDE8F04305F0D0BF6FF01500EFE700BF04
:1013840069120000F0B5044687B02B4A04AB0E4640
:1013940092E8030083E80300002C49D0184605F0C6
:1013A4001BFC0546B0B94FF0FF33E16C04F1540760
:1013B400A163CDE9010000933846236D04F138029E
:1013C4000CF006F9A06C0AF0EAFFC4F8BC0020B9DE
:1013D4006FF00B05284607B0F0BDA06C0AF0DFFFE4
:1013E400C4F8C0000028F3D0236CD4F8BC10C4F8AF
:1013F40090300423C4F89430C4F8AC300223E36280
:101404000E4BB4F84820C4F88C10616C236204F1CC
:101414008C03C4F8A070A4F89820C4F8B870C4F879
:10142400A810A4F8B020C4F8A400A6612363D1E7EF
:101434006FF01505CEE700BF14F20000C0F2000003
:101444002DE9F047044607464FF00109DFF84C80C8
:1014540094FAA4F5B5FA85F509FA05F32E0108EB1B
:1014640005156FEA030A24EA03042B7B63B158F8D9
:1014740006301B696BB94644736804222846196810
:1014840007EA0A070AF0F3FF002CE1D13846BDE869
:10149400F087284698470028F6D1ECE7A0F1000031
:1014A40010B5002288B00E490E480DF099FA0022BA
:1014B40000230024CDE906230E234FF44072CDE926
:1014C4000334CDE90144084B08490094084806F068
:1014D400E1FC0849064806F067FC204608B010BD48
:1014E400FD140000A80D002015180000D8270020C6
:1014F400F00800203EF90000014806F00DBA00BFD4
:10150400A40400202DE9F047804621480F460AF044
:1015140092FF0646002833D000252846BDE8F08710
:10152400237B83B12368DB680BB12046984763684B
:1015340083F8069023681B69D3B9636804222046A4
:1015440019680AF094FF013610345445E8D3B8F111
:10155400000FE2D0002DDFD02846FFF771FF0546CB
:10156400002FF7D000214FF4A4700DF045F9F1E7F6
:10157400204698470028E0D009FA06F31D43E2E725
:1015840005464FF00109034CDFF80CA0DDE700BF6E
:1015940008130020A0F10000B0F10000014B53F843
:1015A4002000704700F3000008B5034608462BB13D
:1015B400044A136000F038FC002008BD6FF01500E9
:1015C400FBE700BF5801002010B5044C237813B981
:1015D400034806F0A1F90123237010BD4C2100201B
:1015E400A404002010B5044609480AF024FF3CB1C5
:1015F400084BD3E8EF1F0139C3E8E21F002AF8D1F2
:10160400054807F00DFABDE81040044806F084B917
:101614000013002004130020A80D0020A4040020BF
:101624000022044BD3E8EF0FC3E8E12F0029F9D1DE
:10163400704700BF0013002070B5FFF7F1FF0546A7
:10164400074C084EB44200D370BD63685B792BB17C
:1016540023685B6813B12946204698471034F1E7A4
:10166400A0F10000B0F1000010B5044C044920467C
:101674000AF0B2FA034B1C6010BD00BFB403002093
:10168400ECF20000F812002000230D4A10B513708C
:101694000C4A4FF4004113600B4A0C481360FFF7E7
:1016A40083FFFFF7E1FF0A4B0A4918468B4200D338
:1016B40010BD1A1A5C681211013222711033F5E759
:1016C4004D210020001300200413002037C4000023
:1016D400A0F10000B0F100000146002200230148FF
:1016E4000AF09BBAB403002001480AF032BB00BFE1
:1016F400B4030020024B014618680AF085BB00BF02
:10170400F812002001480AF0BABB00BFB40300205D
:1017140070B5284B1B78002B4AD0FFF7E5FF044631
:10172400002842D1244B254D1B68002B19DD0DF0F8
:101734000FF94FF47A76A0FB063206FB0121D5E9B6
:101744000020DB0B43EA41439B1A40F2E9324FEAA3
:10175400D13161EB0001934271F1000101D3FFF734
:101764006BFFD5E9003213F57A7342F10002C5E943
:101774000032ECB1BDE87040FFF7C4BF6B685B7921
:1017840023B12B68214628461B6898471035B5427B
:10179400F4D32046FFF7AEFF094BD3E8EF1F01391E
:1017A400C3E8E21F002ABDD0F7E7064D064EEEE778
:1017B400002070BD4C21002000130020A00D00204B
:1017C40004130020A0F10000B0F1000070B50D4D2D
:1017D400297861B90120FFF795FE0B4C0B4EB442FA
:1017E40006D3FFF795FF0028FBD101232B7070BDB2
:1017F40063685B791BB1236820469B689847103463
:10180400EDE700BF4D210020A0F10000B0F1000081
:1018140000212DE9F8430846FFF774FE044648B357
:1018240040F267684FF0000901F0B6F81A4B1B4A02
:101834001B58136033B11A4B1B68092B02DD19487E
:1018440006F06AF80025184F44B12046FFF7F8FD6A
:10185400044618B94FF0FF384FF0FF39FFF758FF2F
:10186400064628B9B5B90F4842464B4606F088F8F3
:101874003546E9E74FF0FF384FF0FF39D4E72B68DE
:101884009B691BB100222846114698471035BD427A
:10189400F5D3E8E7054DFAE708000000FC12002044
:1018A40004130020A4040020B0F10000A0F1000003
:1018B40013B518480AF0BFFD174B1B7873B1EFF34B
:1018C4001184202383F31288BFF36F8FFFF720FF67
:1018D40084F31188BFF36F8F02B010BD0F4B1B68E8
:1018E400002BF9D050B9002200230D48CDE9002384
:1018F4004FF40042002307F05BF8EDE70928EBD131
:10190400074807F08DF8074802B0BDE8104006F01C
:1019140003B800BF041300204D210020FC12002056
:10192400A80D0020A404002010B5064B04461B6833
:1019340098472146A06004480AF0ECF9BDE810403D
:10194400FFF7B6BF58010020B4030020044A054B3A
:101954009B1AB1EBD30F34BF52F83100002070470B
:10196400D8F00000A0F100002DE9F04F8FB0C1F3D2
:101974004A2604AF0D469046B8607B600C0D002EDD
:1019840061D04FF000090A234FF0040B07F1140A49
:10199400FE60C7E90799C7F824900093CDF808B012
:1019A400CDF804A007F11C034A464046F968FEF747
:1019B40079FEB0F5006F03461CD36C468AB0D8F8A4
:1019C400041004AB24481A46C3E9050140F2FF7130
:1019D400D9614FF400711984204B42F8103F4FF441
:1019E40012514B461E48FFF7BFFFA5462C37BD4694
:1019F400BDE8F08FC0F30A0604F11700184420F084
:101A0400070080083B60FFF767FE66F35325044632
:101A140080B13B6800F11001C7E908390A23F96174
:101A2400CDE901AB009340460E4AF96807F11C0367
:101A3400FEF738FE66F353252A4620467B68B968CC
:101A44000AF035FDD2E704F1170020F00700800802
:101A5400FFF742FE0446EDE753F9000004000001DD
:101A640040F1000085C400002DE9F04F87B0054621
:101A7400DDE9106BDDE9127A884614469946BFB158
:101A840010213B465A460020CDF800A0CDF814A002
:101A9400FEF756FCB0F5006F01460BD340F2FF731E
:101AA4000221184A184807B0BDE8F04F0AF058BDA3
:101AB4003946384604F0070305F00704E40044EA15
:101AC400831444EA402444EA065406F11700084407
:101AD40020F0070080080391FFF7FEFD054640B1A2
:101AE4003FB13B465A460399CDF800A01030FEF7AB
:101AF40027FC4B4622464146284607B0BDE8F04F36
:101B04000AF0D5BC92F9000040F10000406820B111
:101B1400034BC01A40F3CF0070474FF0FF307047BB
:101B2400D8F000000EB403B503AB53F8042B014600
:101B34000448019301F064F902B05DF804EB03B0CA
:101B4400704700BFC7C50000CA0605D48B064CBF4A
:101B540002490349FFF7E6BF704700BFDF0D0100EC
:101B6400DE0D01002DE9F04F89B098469DF85090A4
:101B7400159B044606930D46DDE916A3189F0592AE
:101B84000493B9F1000F00F0B08007F48073079359
:101B94000AF06BFC07F0020B0246002874D02046C2
:101BA4007749FFF7BFFF0646BBF1000F08D017F0D7
:101BB400440F6BD12A4620467249FFF7B3FF06440F
:101BC40007F0010353B1704B204653F829206F4BA3
:101BD4006F49002A08BF1A46FFF7A4FF07F4807371
:101BE400002B07F0080318BF4FF00008002B79D032
:101BF400684B204653F829206749FFF793FF0546B1
:101C0400059B2BB11A4620466449FFF78BFF054418
:101C1400B8F1000F05D0424620466149FFF782FF24
:101C2400054460483544069B1BB122465E4909F0D1
:101C340066FE049B002B00F08E80DDF81080394690
:101C4400B8F1100F204628BF4FF010080026FFF708
:101C54007BFFB54250DC0026334620461AF80320A9
:101C64005249FFF75FFF0136102E4BD0710703D1A5
:101C740020464F49FFF756FF46453346EDD32046ED
:101C84004C49FFF74FFFEEE706468DE74A4B1868CD
:101C9400002894D0494B4FF47A7B1B684FF03C0CDE
:101CA400B5FBF3F5B5FBF0F14FF4616300FB11559F
:101CB4000BFB05F5B1FBF3F2B5FBF0FE03FB1211D0
:101CC40000FB1E55B1FBFCF30BFB05F5B5FBF0F572
:101CD4000CFB131120460091CDE901E53849FFF7CB
:101CE40021FF6CE707F008058AE7B8F1010F4D46BC
:101CF4000CBF2C48334896E720462D49FFF712FFC6
:101D04000136A6E7002620462F49FFF70BFF33468E
:101D14001AF803202046A2F120035F2B28BF2E22AD
:101D24002A49FFF7FFFE0136102E0DD0720703D1AA
:101D340020461F49FFF7F6FEB0453346E8D8204653
:101D44001B49FFF7EFFEEEE7049BC244B3EB080325
:101D540004937FF472AFB9F1000F0AD0FB0704D5E6
:101D640020460A4A0A49FFF7DDFE39462046FFF7B6
:101D7400EBFE204609B0BDE8F04F0AF015BC00BFE9
:101D8400CFF90000D3F9000010F30000CAF90000F5
:101D94006802010024F30000F8F90000FEF90000D5
:101DA40002FA0000C7C50000052E000007FA000073
:101DB400AA0D0100A80D0100101300200C1300202F
:101DC400DCF90000F5C500000DFA00000FFA000070
:101DD40042F20F7373B58B4228BF0B460568044665
:101DE400052168460D4A09F021F90646636828462C
:101DF4000B225B680A490AF0C9FB636832466946EC
:101E040028465B680AF0C2FB63681B2228465B68AD
:101E140004490AF0BBFB02B070BD00BF2C000100F6
:101E24001A0F0100FE0E010000210123064A904210
:101E340006D8064A01B901231360054B18607047A0
:101E4400012140085B00F2E740420F000C13002020
:101E540010130020F8B50D460446064F4618B44248
:101E640001D12846F8BD14F8011BBB6801485B6822
:101E74009847F4E7CCED0000014B03600020704765
:101E84006CF3000008B5044809F08BFD034809F021
:101E940088FD002008BD00BF4CFA000081FA000054
:101EA400014807F05DB900BF6CF3000038B5044683
:101EB40018B90F4B0F485B6898476168B1F5683FE4
:101EC40010D0B1F5680F0DD00B4DA9420AD011F412
:101ED4006861206807D0014608480CF0E6F9002341
:101EE4002360656038BD14220CF019FEF9E700BFC9
:101EF400F4020020AEFA00002C5F5CA93818002020
:101F040008B560B34368B3F5683F0ED0B3F5680F06
:101F140018D0144A934220D000684FF0FF324FF09B
:101F2400FF3305F005FC58B115E001220368D3E83E
:101F3400EF1F002903D1C3E8E02F0028F7D10AD10D
:101F4400002008BD0368084A1B7803F5807352F823
:101F54002330002BF4D00548F3E70548F1E76FF48C
:101F6400E040EEE72C5F5CA900000350E98FFFFF1F
:101F7400EA8FFFFF08B520B34368B3F5683F09D083
:101F8400B3F5680F13D0114A93421DD0006805F0D1
:101F940041FC14E000220368D3E8EF1F012903D1B8
:101FA400C3E8E02F0028F7D109D0094808BD002173
:101FB4000368084A1B7803F5807342F82310002055
:101FC400F4E76FF4E040F1E70348EFE72C5F5CA926
:101FD400E98FFFFF00000350EA8FFFFF10B50446AE
:101FE40018B91D4B1D485B6898476368B3F5683F93
:101FF4002FD0B3F5680F2CD0194A934219D1236816
:1020040003BB4FF0FF324FF0FF332146154805F074
:1020140061FB08B923681BB90F4B13485B689847E9
:102024001422002120680CF07AFD4FF46863636089
:1020340008E0B3F5680F0DD83A2B03D040F6BA6226
:102044009342DED120680CF07BF9636843F03A03D5
:10205400636010BD054AF3E7F4020020AEFA000005
:102064002C5F5CA938180020D4FA00003A00003A2A
:1020740008B506494023142205480CF009F9BDE8C7
:1020840008400449044807F0FBBA00BF3813002095
:102094003818002074F3000088F3000008B50348E2
:1020A400034A0021121A0AF021FB08BD480500204A
:1020B400D8230020074808B5074A0849121A0AF02D
:1020C40017FBBDE808400648064A0749121A0AF0F9
:1020D4000FBB00BF00000020440500208C0F01004E
:1020E40000000020000000208C0F01002DE9F047C3
:1020F40006460C4600AF002936D0D1E90012E94665
:102104008AB06D46A3684FF0050AE8461F48CDE93A
:102114000723CDE9050148F810AF002342464FF4E8
:1021240021511B48FFF720FCD4E90312CD46636913
:10213400AD461848C5E90723C5E90501C5F810A04F
:10214400002342464FF421511148FFF70DFCCD46C0
:10215400E3690121104A0E480AF002FAA369012139
:102164000E4A0B480AF0FCF9012E07D1EFF3058360
:102174000B4A31460648103B0AF0F2F92146304634
:1021840005F0F0F8BD46BDE8F08700BF01FB000094
:1021940078F1000030FB00005FFB00006EFB0000E4
:1021A4009CFB000030BFFFF7FDBF00BF2DE9F041ED
:1021B40005460B4EDFF82C80324606EB0807CC1B95
:1021C400204609490CF085FCA01942460021083C30
:1021D4000CF0A5FCC5F8A44007F10800BDE8F081A7
:1021E4000000000004000000F4F1000010B5244CCD
:1021F400244925480AF089FAA36A99013ED5224860
:1022040022490AF082FA1E20A36ADA0104D51E4884
:102214001F490AF07AFA1F20194CA36ADB0204D57D
:1022240019481C490AF071FA0220A36A1C0304D558
:10223400154819490AF069FA2120114CA36A590377
:1022440004D5114815490AF060FA2220A36A9A03BA
:1022540004D50D4812490AF058FA2320084CA36A01
:10226400DB0304D508480F490AF04FFA2420A36A77
:102274006FEA03436FEA1343A36210BD1D20C3E753
:1022840000ED00E0AFFB000078F10000C7FB0000A8
:10229400DAFB0000F4FB00001EFC00003CFC000024
:1022A40061FC00007BFC000070B506460D46294C1D
:1022B40029492A480AF029FAA36ADB0647D52748A0
:1022C40027490AF022FA1120A36A1C0704D52348DF
:1022D40024490AF01AFA12201E4CA36A990712D54F
:1022E40021491E480AF011FA636BA26A120609D545
:1022F40001211E4A19480AF033F91EB1A36A23F0DA
:102304008003A3621320134CA36ADE0704D5134889
:1023140017490AF0FAF91420A36A9C0604D50F4859
:1023240014490AF0F2F915200A4B9A6AD10658BFEB
:102334009A6A9A6A920642BF5A6A22F400525A6210
:102344009A6A42F0FF029A6200232B7070BD10203B
:10235400BAE700BF00ED00E0A6FC000078F1000041
:10236400BCFC0000EFFC000002FD00001AFD0000B0
:1023740030FD00004FFD000070B506460D46284CA8
:10238400284929480AF0C1F9A36AD9043CD526484A
:1023940026490AF0BAF91720A36A1A0504D5224877
:1023A40023490AF0B2F918201D4CA36A9B0512D5E3
:1023B4001D4820490AF0A9F9A36BA26A100409D5A3
:1023C40001211D4A18480AF0CBF81EB1A36A23F470
:1023D4000043A3621920124CA36A590504D512487C
:1023E40016490AF092F91A20A36ADA050ED50E48A6
:1023F40013490AF08AF91B20094A936A43F47F437C
:10240400936200232B7070BD1620C5E7A36A9B045A
:10241400F2D505480B490AF078F91C20ECE700BF17
:1024240000ED00E07EFD000078F1000094FD000066
:10243400EFFC0000A5FD0000BEFD0000D3FD000080
:10244400EEFD00004FFD00002DE9F0418AB0674B1E
:102454000446D3F80480002500AFC8F3080685F3CA
:102464001188BFF36F8F02F07F43B3F17F4F07D121
:1024740002F00C03082B12D15D495E480AF045F9BD
:1024840000252C460023FB71F31E092B00F28E80DD
:10249400DFE803F00A8487808C8C8C8C8C8A10078C
:1024A4004CBF0C460125EDE7534952480AF02DF97B
:1024B40000234E4EFB71F36A9A0705D54F494D48E8
:1024C4000AF023F900232DE0F36A002B01DA4C49CA
:1024D400F5E7F36A5B00F5D54A4946480AF015F971
:1024E4007369A26943F480737361BFF34F8FBFF3C1
:1024F4006F8F32F8023C726922F480727261BFF30A
:102504004F8FBFF36F8F03F47F42B2F55F4F2BD130
:10251400DBB2022B28D1236801213B4A35480AF05B
:102524001FF82368FA79DAB907F1080604F1200CD8
:10253400324620686168083403C264451646F7D100
:102544007A6A002D4FD0C2F3080121B96FEA5222F2
:102554006FEA42227A62184607F10801FFF7C6FDC6
:102564002837BD46BDE8F081204B9A6AD2B222B129
:102574000120F91DFFF798FE0EE09A6A12F47F4FCE
:1025840004D00120F91DFFF7F7FE05E09B6AB3F5BF
:10259400803F97D3FFF72AFE0346C3E70020F91DC7
:1025A400E8E70020F91DEEE7184988E7184A18F40F
:1025B400F87FE8468AB0174B08BF13466A461649A7
:1025C400103ECDE905134FF40073ADF82030134BE2
:1025D400079642F8103F00234FF411510548FFF7C6
:1025E400C3F9C5466EE76FF30802B3E700ED00E0F8
:1025F40034FE000078F100005FFE000076FE00006B
:1026040097FE0000A5FE0000C4FE0000E0FE0000EE
:1026140006FE00001BFE000004FF00000400000191
:10262400064B5A6942F010025A615A6942F48062B8
:102634005A615A6922F008025A61704700ED00E0BD
:10264400EFF30880EFF3098101B57246FFF7FCFE52
:1026540001BD00BF002080F31488BFF36F8F0020FA
:1026640080F30A8880F30B88104880F308880020E0
:102674000F49087003F06CFD00200E490860BFF399
:102684004F8F00F02DF8202080F311880A484FF472
:102694000061401880F30988EFF314800221084395
:1026A40080F31488BFF36F8F00F0A6F878430020FE
:1026B400D523002094ED00E0383200200023184692
:1026C4000649D1F89020C2F30722934200DB7047F9
:1026D400C1F89830C1F8A0000133F6E700ED00E03E
:1026E40010B572B6002484F31388FFF7E7FF23467E
:1026F4004FF0FF300C4A03F120010133102B42F854
:102704002100F8D100234FF0FF30074A03F16001A4
:102714000133102B42F82100F8D162B6BFF34F8F7A
:10272400BFF36F8F10BD00BF00E100E01EF0040F87
:102734000CBFEFF30880EFF30980816911F8021CE4
:102744000229FFD001B5724609F0D4FF01BD00BFD4
:1027540040B2002807DB01234109034A00F01F00AF
:10276400834042F82130704700E100E040B2002885
:102774000CDB01220649430900F01F00824020338C
:1027840041F82320BFF34F8FBFF36F8F704700BF13
:1027940000E100E0054B420953F82220012300F038
:1027A4001F0003FA00F01040704700BF00E100E092
:1027B40040B2002801F10101ACBF00F16040064BBA
:1027C4004FEA4111C9B2ABBF00F5614000F00F0000
:1027D40080F800131954704714ED00E0044B054AC7
:1027E40023F07F039360BFF34F8FBFF36F8F704766
:1027F4000000000000ED00E008B5FFF7EFFF074A16
:10280400D2F8883023F47003C2F88830FFF746FC0E
:10281400FFF750FC00F0A2F804F0CCFE00ED00E05D
:1028240042F8203C009B0B4942F81C3C019B21F0E0
:10283400010142F8183C029B42F8081C42F8143C7F
:102844004FF0807342F8043C0023203A0265C0F83C
:10285400A8307047810A000000B50E4B15469860F9
:10286400D0F8A4200C4B0E461A60D0F8943083F3B1
:102874000B882C4686F309880020044B9847204691
:10288400002100220023024C204700002FC7000033
:10289400810A0000C81A0020541800201022014B9D
:1028A4001A61704700ED00E0054B5A699B689A4233
:1028B4001FBF044A536843F080535360704700BFFE
:1028C400C81A002000ED00E0084B9B6883420BD13E
:1028D400EFF3058343B1064B5A6842F080525A60C5
:1028E4005A6A22F400425A6205F058BDC81A002000
:1028F40000ED00E016498A684FF030001044EFF311
:10290400098C80E8F01F202080F31288BFF36F8FBA
:10291400104F4FF000664A698A603E60D2F8A40006
:102924000D4C2060D2F8A8000023C2F8A83080F330
:10293400118802F1300090E8F01F8CF3098802F14D
:10294400000004B509F0E9FEBDE80440704700004A
:10295400C81A002004ED00E05418002000232021B0
:102964000348C2180133452B82F80013F9D170478C
:1029740000E100E008B5EFF30583064A103B02EBE3
:10298400C30152F8330049688847BDE80840FFF79F
:102994008BBF00BF3CEE0000014800687047000098
:1029A400541800201FB50121094B0A4A0A4800F0B7
:1029B4000FF90023064A0393084B0121019301A850
:1029C400D31A029300F00EF905B05DF804FB00BFC2
:1029D400000007200000002098F3000048050020B4
:1029E4000A7A0B6810B562F304031C46CB685209DB
:1029F40023F01F0343EA4203044A43F00103C2F8ED
:102A04009800C2F89C40C2F8A03010BD00ED00E070
:102A140010B50A4BD3F89030C3F30723013B984217
:102A240008D901210346064A064809F099FD6FF0CA
:102A3400150010BDFFF7D4FFFBE700BF00ED00E079
:102A44001BFF000060F100002DE9F04F8946144699
:102A540006464FF000084F4D85B0C84527DAD6F832
:102A640004A0BAF1000F44D0BAF11F0F17D91AF01D
:102A74001F0F14D1D6F800B01BF01F0F0FD158460A
:102A840009F08FFE07460AEB0B00013809F089FEB6
:102A9400874210D06FF015073F4A3B4601E043469A
:102AA4003E4A01213E4809F05BFD6FF015042046C3
:102AB40005B0BDE8F08F17F1160FEDD0BC42EBDD89
:102AC400C5F89870D5F89C10C5F89870D5F8A03062
:102AD40021F01F0143F01F0BD6E900321A4499423A
:102AE40002F1FF3A1AD1D34507D13146F8B209F0C1
:102AF40061FE08F101080C36AFE73146C5F898705D
:102B0400D5F89C30E0B263F30402C5F89C2009F0C8
:102B140051FE10F1160FC8D0441CEAE7C5F89870AE
:102B2400D5F8A020013B23F01F0302F01F0213433A
:102B3400D3453146E0B2C5F8A030E8D009F03AFEFA
:102B440010F1160FB1D0C5F89870D5F89C209DF8F7
:102B540008300BF1FF3B62F304038DF80830D5F81D
:102B6400A0309DF808205B0863F347128DF8082015
:102B7400D6E900321344009323F01F035B44A3EB14
:102B84000A03013023F01F036946C0B20393FFF721
:102B94003FFFBEE700ED00E067FF000041FF0000DB
:102BA40060F100000522044BC3F89420BFF34F8F5B
:102BB400BFF36F8F704700BF00ED00E0BFF35F8F7E
:102BC4000022024BC3F89420704700BF00ED00E0E0
:102BD40010B5034C2278FFF737FF207010BD00BFFB
:102BE4004F2100202DE9F74F294D8A4606464FF024
:102BF4000008AB46274FD0451BDAD6F80490B9F14C
:102C0400000F3FD031680846019109F0CAFD0199CF
:102C1400044609EB0100013809F0C3FD84424FF07A
:102C240014021D4B08D002FB08F36FF015024BF899
:102C3400032003B0BDE8F08F14F1160F2C60F8D018
:102C44001978A142F5DD02FB08B0C7F89840C7F82F
:102C54009840D7F89C4000F10801007B64F304001D
:102C64000871D7F8A0000C79400860F347140C7180
:102C7400D7F89C1021F01F016960D7F8A01021F04B
:102C84001F01296108F1010814350C36B3E700BFB0
:102C94005818002000ED00E04F210020F0B5534902
:102CA400534DD1F890302C68C3F307239C4287B06E
:102CB40000F299800020FFF781FF4E4BC1F8C0302D
:102CC400844216D14C4D01A82C70FFF7D5F800268C
:102CD40007464A4CB74213D100202B784349D1F818
:102CE4009020C2F30722934277DBFFF75BFF0020BB
:102CF40046E0696801EB0011FFF772FE0130DFE77F
:102D04000199300101EB0613DA682240B2F1807FA9
:102D140052D00AD8B2F5001F34D0B2F5800F3ED09D
:102D2400B2F5801F12D00136D4E7B2F1006F43D060
:102D3400B2F1805FF7D15A689B680958013B22F0D1
:102D44001F00034423F01F03012032E05A689B68EC
:102D54000958013B22F01F0003440120844623F05C
:102D64001F0340EA4C10CDE902218DF8100002A99E
:102D740028780593FFF74CFE00282ADA6FF0150037
:102D840007B0F0BD5A689B680958013B22F01F0048
:102D940003444FF0020C012023F01F03E1E75A68BB
:102DA4009B680958013B22F01F000344062023F0CE
:102DB4001F034FF0000CD4E75A689B680958013B85
:102DC40022F01F0003444FF0030C012023F01F03E3
:102DD400C7E72B7801332B70A5E7C1F89830C1F809
:102DE400A00001337BE74FF0FF30C9E700ED00E0BE
:102DF400A4F30000AAFF44004F2100200000F0FFCC
:102E0400F0B587B007460E461446002110226846E6
:102E14001D460BF084FE02238DF80230054B2A4632
:102E240021466846CDE90476019308F029F907B0F4
:102E3400F0BD00BFEBC7000008B5024808F0D6F8A3
:102E4400FEE700BF99FF000008B5024B1B689847D6
:102E5400002008BD6C180020034B044A18609378C6
:102E640043F00203937070476C180020A401002003
:102E740008B50649064821F00701C1F1005202F5E0
:102E8400E02208F0EAFC002008BD00BFF761002042
:102E94007018002070B541690446867A0A4D59B10C
:102EA400437ADB0706D4242303FB0653DB691B6840
:102EB4009B689847002363612420214600FB065049
:102EC400BDE870400BF0D7BAB40400202422024BB2
:102ED40002FB0030704700BFB40400202421827A32
:102EE400054B01FB02331A6A1B7D801A1B3323F046
:102EF4000303B0FBF3F07047B404002038B5242476
:102F0400827A064B04FB0233DB69D3E901240C60AB
:102F14001568FFF7E3FF04FB005038BDB40400203C
:102F24002DE9F04385B00546684690461C4603915A
:102F34000BF010FDDDE90067EFF31189202383F323
:102F44001288BFF36F8F6B8A002B41D02A8A9A4272
:102F540025D900220023284604F0ACFC0446F0B135
:102F640089F31188BFF36F8F039B002B41D0324646
:102F74003B4668460BF013FD2421A27A254B2046DC
:102F840001FB0233DB6903A91B681D68DDE900232B
:102F9400A847606170BB2046FFF77CFF24E0698A84
:102FA4004B1E6B8289F31188BFF36F8F2B7D2A8AA6
:102FB4002C6A1B3323F00303521A02FB0344154B00
:102FC400154AEB1A9B105343A3722B7DE372CBE794
:102FD40089F31188BFF36F8F23464246284604F0D5
:102FE40069FC04460028BFD10024204605B0BDE892
:102FF400F0836361012300252381039B29466382B7
:10300400E27A656004F118000BF089FD636925829A
:10301400E360EAE7B4040020398EE33870B5242570
:103024000C4C00B970BD037A4668002BFAD0013B02
:10303400DBB20372002BF5D1C3604360837A05FBD6
:1030440003439B6913B198473046EAE7FFF722FF31
:10305400FAE700BFB4040020052370B5144D154EE3
:103064002C780134B4FBF3F303EB8303E41A09F083
:10307400CDFE114A137823B156F82430C01A07281C
:1030840014D94FF05023D3F8141141B10021C3F8DF
:103094001411D3F814312C700CB9012313702C784B
:1030A40009F0B4FE46F82400012070BD0020FCE7BE
:1030B400512100207C18002050210020054B03EBF7
:1030C4008000D0F8003223F0E04343F04053C0F8CE
:1030D4000032704700258450012208B50B4B0C497F
:1030E400C3F8002502230020C1F8D036FFF7E6FF1D
:1030F4001046FFF7E3FFC1F80427C1F80429C1F81B
:10310400002BBDE8084000F065B800BF0010005077
:103114000040005007B500220D4B0E49C3F8A8210A
:10312400C3F8AC204FF48062C3F8B8254FF40062B2
:103134000948C3F83C250DF1070209F0EFFE002809
:1031440003DB9DF8070003F0EFF803B05DF804FB20
:1031540000A002502CA0025028A1025048B1054BF7
:10316400054A1B68B3FBF2F35843044B43F00103D5
:1031740018477047A802002040420F0070F2000078
:1031840070B50025104E1149114C000716F8013B8B
:1031940003F01F025B090FD0012B0FD1234603EB71
:1031A4008203D3F80022013522F0E0420243042DC9
:1031B400C3F80022EAD170BD0B46F0E70023803249
:1031C40053F82230FFDE00BF260F01000025845093
:1031D400002884500149024808F0B8BEDCF300001E
:1031E400901800201FB578B10023019303930123A5
:1031F40069460848029308F0BCFE029B9B0700D175
:10320400039B05B05DF804FB024805B05DF804EBD0
:1032140008F0FABE9018002008B54FF0FF33044AB6
:1032240013603F231046536003F06AF8002008BD82
:10323400AC18002070B50B7892B006460C4607AD6A
:10324400032B31D8DFE803F0022A2C2E1949284633
:10325400FCF788FF05956378174A0493A3781E2129
:103264000393E3780AA80293237910AD0193637959
:103274000093A37907F0DAFE32460AAB1C4603CC6E
:10328400AC4210605160234602F10802F6D1206876
:1032940010603046A388938012B070BD0749D6E70A
:1032A4000749D4E70749D2E70A212846064A07F026
:1032B400BDFECFE7B9FF0000DBFF0000C0FF000048
:1032C400C7FF0000D1FF0000990001000E4B402908
:1032D40028BF402170B51D460C4C4618B04203F17E
:1032E400020304D1002305F81130074870BD0278A9
:1032F4001209A25C03F8022C10F8012B02F00F0251
:10330400A25C03F8012CE9E7522100203D0F0100E3
:1033140010B509F042FB0BF0ACF9044608B904F00F
:1033240073FF064BD3E8AF3F0BB10A2098471CB993
:10333400BDE8104004F07CBF10BD00BFB4180020ED
:1033440038B50446084809F05FFA054648B1631EDB
:10335400DBB21F2B96BF054A0021D15C0C3009F06B
:1033640099FA284638BD00BFFC0400204E0F010026
:103374000E38012810B50AD8094809F045FA044660
:1033840018B104210C3009F085FA204610BD09B1AA
:103394000448F2E70220BDE81040FFF7D1BF00BFA8
:1033A40020050020B404002010B501210C3009F0E0
:1033B40092FA03780121BDE81040024A024809F05C
:1033C40006BB00BF0D000100F8F0000010B500249A
:1033D400084B86B0039303AB00934FF42C724FF069
:1033E400FF3305490548CDE9044404F033FC204685
:1033F40006B010BD2F000100D82A0020E00D0020E7
:1034040010B5094BD3F80C3163B1084908480BF0E7
:10341400E0F8031E06DABDE810400121054A06481B
:1034240009F0D5BA10BD00BF0000002054020020EE
:10343400B00E00203F000100F8F000000B46B0B5CC
:103444000D8A00AF04462946D868FFF73FFF8AB0CB
:103454006A46094BCDE90750CDE9053440F20243F1
:10346400ADF82430054B4FF43251054842F8103F73
:1034740009F0BAFABD46B0BD5C00010005000001C8
:10348400F8F0000037B50446084602EBC3039A423D
:1034940002D16FF05E0010E0114611F8085BA542FE
:1034A40011D1038A5178994209D908480121084A5F
:1034B400009409F05FF86FF0150003B030BD536855
:1034C40098470020F9E70A46E1E700BFF8F000005A
:1034D4007E00010010B5012104460C3009F0FBF90F
:1034E4002146BDE810400023014A007809F07FBA64
:1034F40078F4000010B5012104460C3009F0EBF912
:103504002146BDE810400023014A007809F06FBA53
:1035140090F40000F8B50121044600AF0C3009F026
:10352400DAF90678002321463046104AFFF7AAFF4D
:103534005F3019D1258AE0682946FFF7C7FE6C463B
:103544008AB06A460A4BCDE90750CDE9053640F208
:103554000243ADF82430074B4FF43251064842F889
:10356400103F09F041FAA546BD46F8BD90F40000AD
:10357400A000010005000001F8F000002DE9F74F5C
:103584000023804689461746DFF800A1DAE8EF4FAA
:10359400CAE8E23F002AF9D1264644B9012143464C
:1035A4003B4A3C4803B0BDE8F04F09F010BA20464E
:1035B400FFF794FC4FF00C0B374D0BFB0050438886
:1035C40043451BD02046FFF789FC0BFB0050438882
:1035D40001210093314A43462E4808F0CBFFDAE834
:1035E400EF3FCAE8E26F002AF9D1002B4BD01E4608
:1035F400304603B0BDE8F04FFFF710BDA74208D036
:10360400204609F0FCF83A8AF96804F10C0009F044
:1036140038F92046FFF762FC0C2707FB005043688B
:10362400ABB1B9F1000F12D12046FFF757FC0121CD
:1036340007FB00504268536803F01F008140106884
:103644005B0900EB8300137ACBB109F0C2F9204681
:10365400FFF744FC0C2707FB00508368002BC7D0FE
:103664002046FFF73BFC784305F800902046FFF71F
:1036740035FC07FB0055A86804F04EF9B8E7C943C8
:1036840009F0C3F9E3E703B0BDE8F08F08010020B7
:10369400D2000100F8F00000B8180020FA00010080
:1036A400054BD3E8AF2F02F00B02D3E8EF1FC3E8BA
:1036B400E02F0028F9D17047D40000202DE9F0470D
:1036C4000C4604F0A1FDE568268A2B78042B7DD1F5
:1036D400022E0ED83346434A4348012109F077F9B4
:1036E4002046FFF79BFC002404F0A2FD2046BDE821
:1036F400F0876B783E2B0CD1032E02D13B4A334624
:10370400EAE7EB78012B01D00A2B49D14FF00308EB
:1037140006E0052BFAD00E3B012B41D84FF00108EF
:1037240004F10C0701213846D4F814A009F0CBF8B1
:103734000221384609F0CFF8037881463E2B07D1A1
:10374400E3681B78012B01D00A2B06D1032714E070
:10375400052BFBD00E3B012B32D941F26813244ACE
:103764002449254808F02AF9002383F31188BFF37C
:103774006F8F0323184602DF0227032321461F4AC3
:1037840099F8000009F033F9BB071BD56369A5EB71
:103794000A0513FA85F5E5602682B8F1010FA2D077
:1037A4002146174809F034F8164917480AF011FF62
:1037B400031E98DA0121154A0B4809F008F992E72B
:1037C4000127DAE72046FFF729FCE6E70121104A42
:1037D400054809F0FCF82046FFF720FC6FF01504BB
:1037E40082E700BF2D010100F8F00000490101004B
:1037F400690101009D010100B601010060F40000AF
:103804000C01002054020020B00E00203F000100F3
:10381400D301010038B51C4809F00FF8044690B3F1
:1038240000F10C05284609F05EF80428034624D16B
:103834002846022109F04FF8037805460E3B012B78
:103844000ED840F69A43114A1149124808F0B6F8C6
:10385400002383F31188BFF36F8F0323184602DF1D
:10386400032321460C4A287809F0C1F82046FFF7C3
:10387400D5FBBDE83840FFF7C3BD0121074A08481E
:1038840009F0A5F8F2E738BD0C0100206901010038
:10389400E7010100B601010078F4000015020100FF
:1038A400F8F0000010B5C1E900239DF808300C467B
:1038B4000B72FFF713FB0C22024B02FB00335C601C
:1038C40010BD00BFB8180020F8B502460B461048DA
:1038D40008F09AFF0446C0B104210C3008F0C7FF79
:1038E4002046FFF7FBFA0C2700260A4D07FB005081
:1038F40046802046FFF7F2FA07FB00508660204618
:10390400FFF7ECFA07FB00556E602046F8BD00BFD8
:10391400D8040020B818002010B5044692B04822FC
:10392400684606490BF0D5F8112C9DBF12AB03EB8A
:10393400840454F8480C024812B010BD1CF2000074
:1039440029020100034B0146D3F8240182689268DE
:10395400104700BF000000202DE9F04F91B0042172
:1039640000AF4A4809F035F86D4688B06A46484BBE
:103974004FF4E6510593474B474806934FF40073C1
:10398400ADF81C30454B464C42F8103F09F02CF87A
:10399400AD46E179434B444E07F12008012998BF15
:1039A4001E4640462146FFF745FC8AB06A463F4B17
:1039B400CDF81C80CDE905363D4B4FF423510893D7
:1039C4003C4B354842F8103F09F00EF8A246AD468C
:1039D4000125394EDFF8E480E3790AF1070A9D42B4
:1039E4003BDB94F870506E462846FFF795FF8CB089
:1039F4006A46B4F87210B4F87630CDE907514FF442
:103A04000075DFF8BCC009932E4BCDE905C0ADF8B5
:103A140028504FF4535142F8103F1F4808F0E4FF78
:103A2400B54694F871603046FFF776FF8AB06A466F
:103A3400B4F874302449CDE90763244BCDE905106B
:103A4400ADF824504FF43351134842F8103F08F0B6
:103A5400CBFF4437BD46BDE8F08F51463846FFF7EB
:103A6400E9FBE9468AB06A4640F20133CDE90565CF
:103A74000797ADF820304FF41351074842F8108FE0
:103A840008F0B2FF0135CD46A6E700BFD400002000
:103A94003502010047020100F8F0000003000001B4
:103AA40000000020E00D0100310201004B02010082
:103AB40000020103040000025A0201000400000194
:103AC4006B02010006000001A902010005000001CB
:103AD400014902480AF07DBD44020020E00D0020A7
:103AE40070B505460C4639B1CB684A699B1A032B5D
:103AF4000ED86FF0150509E04FF0FF304FF0FF319D
:103B0400FFF7E2FE044618B96FF06805284670BD59
:103B14002046FFF7E3F90C22164BA61802FB0033EC
:103B2400032130465D8008F0BDFE0580238A012113
:103B3400033B8370304608F0BDFE40F635439D429A
:103B44000FD12046FFF7FEFE05460028DED00121F6
:103B54000346094A094808F03AFF2046FFF75EFA8F
:103B6400D4E7214606480AF07BFC0025FFF7B0FFA6
:103B7400CCE700BFB8180020D0020100F8F0000024
:103B8400140100202DE9F04784B0804691460C468C
:103B940000AF71B94FF0FF304FF0FF31FFF794FEE3
:103BA400044660B96FF0680528461037BD46BDE885
:103BB400F087887AFFF78AF93C4B83426FD1012260
:103BC400002138460AF061FC2046FFF787F90C23F0
:103BD400DFF8DCA003FB00A08760204608F043FE6A
:103BE40001464046FFF77CFF054618B12046FFF723
:103BF40015FAD9E74FF4A0220023384603F0C0FE9B
:103C0400064690B14FF4F1732A4A2B492B4807F02A
:103C1400D5FE324641462A4807F0D0FE85F3118886
:103C2400BFF36F8F0323184602DF2046FFF756F9D0
:103C34000C2358431AF800605EB36D468AB06A4696
:103C4400204B0796CDE905381F4B4FF432510893AA
:103C540040F20243ADF824301C4B1D4842F8103F9B
:103C640008F0C2FE2046AD46093EFFF7D7F9092EFB
:103C74000CD8DFE806F0050B0B08170B0B0B0B1425
:103C84006FF06E0590E76FF00C058DE76FF004059B
:103C94008AE7B9F1000FA9D0C9F8004084E76FF0B2
:103CA400150581E76FF00B057EE700BFD8040020FF
:103CB400B818002069010100F2020100B6010100F8
:103CC400FB02010040030100E00D010005000001BA
:103CD400F8F00000F7B5144B054693F99B300C46F9
:103CE400002B1DDA14B9204603B0F0BD082C4FF0A8
:103CF400000142F2180001AA264628BF0826FFF751
:103D040041FF0028F0D1019F3246F968284601316D
:103D14000AF0DFFE3846FFF781F93544A41BE1E7DA
:103D24006FF08500E0E700BF0000002000222DE9CD
:103D3400F04182B0114640F6034000AFFFF722FF86
:103D4400044600285FD1FFF7ABFC214641F2030093
:103D54003A1DFFF717FF0446002854D17A68C54D71
:103D6400D16805F17803D1F80100D1F8051003C337
:103D74001046FFF753F9214641F201003A1DFFF7BF
:103D840001FF044600283ED17868C3685A7885F854
:103D940070205A88A5F872201A7985F87120B3F832
:103DA4000720A5F87420B3F80530A5F87630FFF79E
:103DB40035F9214641F202003A1DFFF7E3FE0446BD
:103DC40008BBD7F804C005F18006DCF80C20531CAE
:103DD4004132344618685968083303C4934226466E
:103DE400F7D16046FFF71AF900F03CFF044650B9DA
:103DF40095F87C305E060BD401219F4A9F4808F059
:103E0400E4FD6FF0120420460837BD46BDE8F0819A
:103E140001463A1D42F20300FFF7B4FE04460028AF
:103E2400F1D17A68964BD168D1F80100D1F8051028
:103E340003C31046FFF7F2F81F23A5F8E83095F8FE
:103E44007C30980619D44FF0FF304FF0FF31FFF764
:103E54003BFD0646002800F03D8102210C3008F0AD
:103E64000AFD0123447022460370314640F66D403A
:103E7400FFF788FE04460028C5D195F89C30190741
:103E840012D5002142F21C003A1DFFF77BFE0446C6
:103E94000028B8D17868C368D3F80120D3F8053076
:103EA400C5E93823FFF7BAF84FF0FF304FF0FF3180
:103EB400FFF70AFD0446002800F00C8108210C30AD
:103EC40008F0D9FC02260022214606704270827056
:103ED400C270027142718271C27142F20100FFF735
:103EE40051FE044600288ED14FF0FF304FF0FF31D1
:103EF400FFF7EAFC8046002800F0EC8008210C3033
:103F040008F0B9FC8023437020230470847004718A
:103F1400447184712246C670C371414640F6014023
:103F2400FFF730FE044600287FF46DAF01463A1DCA
:103F34004FF60140FFF726FE60B1524A02214F4876
:103F440008F043FDEB79002B40F0B48000F034FC22
:103F5400044658E77B686E46DC688AB0B4F80130E2
:103F6400042B96BF484A494952F823106A460793DE
:103F74004FF400734648ADF82030464BCDE90501B7
:103F840042F8103F4FF413513C4808F02DFDB4F8AB
:103F94000120B546022AB4F803304BD1052B49D889
:103FA4003D4A52F823106E468AB06A4607934FF48E
:103FB40000733A48ADF82030364BCDE9050142F89C
:103FC400103F4FF413512D4808F00EFDB5466379A8
:103FD40094F806C0032B98BF314AB4F80760D4F8AC
:103FE40009006C468CB094BF52F8231027496A46E6
:103FF400CDE9073C4FF40073DFF8A8E0ADF82C30AE
:10400400294BCDE905E1CDE909604FF4735142F83C
:10401400103F1A4808F0E8FCA5467868FEF7FEFF52
:1040240000214FF602403A1DFFF7ACFD044618B1DB
:104034001E4A83E71549B6E77868C368B3F80130C8
:10404400A5F8C130FEF7EAFF95F8C1305A077FF5AD
:1040540079AF21464FF603403A1DFFF793FD08B1AF
:10406400134A6BE77868C3685B7885F8C030FEF75D
:10407400D5FF67E7000000205F030100F8F00000AF
:10408400D8000020830301004CF400002902010041
:10409400A70301000400000134F40000C003010080
:1040A40024F40000D8030100070000010504010006
:1040B4002E0401002E78002E7FF448AF95F8C1300D
:1040C4009B061FD54FF0FF304FF0FF31FFF7FCFB8D
:1040D400044610B96FF0680495E606210C3008F028
:1040E400CAFBD5F8013021460360084B32469B8851
:1040F40083804FF60640FFF745FD044600283FF451
:1041040025AF80E66FF085047DE600BF0100002046
:1041140073B52C4D0646D5F824010AF060F848B969
:104124000121294A294808F050FC6FF01204204666
:1041340002B070BD6FF0020105F1D40008F065FC17
:10414400012108F046FC10EA010437D1204B1E601F
:104154000A4605F1F8000AF098F905F58A700AF0A4
:1041640077F91C480AF060FA6FF007034FF496627F
:1041740019491848009403F06DFD1849154803F0D7
:1041840013FED5F82401164983681B689847044632
:1041940030B101210346134A0C4808F018FCC6E765
:1041A4003EB9FFF7C3FD04460028C0D1FFF7D4FB96
:1041B400BDE705F1C40003F047FDB8E76FF07704ED
:1041C400B5E700BF0000002057040100F8F000002C
:1041D400C4180020B00E0020882D00206F040100B8
:1041E400C13600007804010010B5FFF79FFD0446B6
:1041F40008B9FFF7B1FB044B1B681BB12046BDE8AF
:104204001040184710BD00BFC418002038B5042161
:1042140004460C3008F05FFB034640885D7818B113
:1042240022461978FFF7AAF935B1044803F074FB64
:10423400BDE83840FFF74CBC38BD00BFF800002093
:10424400B0B50446032100AF0C3008F044FBE2682B
:104254000346117840F63542B0F80100904216D179
:104264006C468AB06A46104B1048CDE90531104BB4
:104274004FF41251079340F20133ADF820300D4B47
:1042840042F8103F08F0B0FBA546BD46B0BD1D780E
:1042940010B12246FFF772F9002DF6D0064803F05C
:1042A4003BFBFFF715FCF0E794040100F8F0000075
:1042B400E00D010004000001F800002038B503F00F
:1042C400A3FF2E4DD5F81431002B52D00022002329
:1042D40005F1F80003F054FB00284AD10022002322
:1042E40005F58A7003F0E6FA044668B940F6AA4375
:1042F400234A2449244807F061FB84F31188BFF35F
:104304006F8F0323184602DFD5F808315BB1012112
:104314001E4A1F4808F059FBD5F80801FEF77EFE37
:104324000023C5F80831204608F09DFAC5F80801B5
:104334002046FFF707FB0346C8B10121154A14487C
:1043440008F045FB144803F0E7FA2046FEF7C6FDE3
:104354000C22124B02FB0033588818B122461F214D
:10436400FFF70CF92046FEF759FEFFF7B1FBFFF704
:10437400AFFBBDE8384003F05BBF00BF0000002086
:104384006901010001000100B6010100CC04010033
:10439400F8F00000D0020100F8000020B818002056
:1043A400F8B506460024094DEF79E3B29F4202D8DE
:1043B4006FF0010007E02946304608F02EFB073570
:1043C400631C08B12046F8BD1C46EEE7000000203F
:1043D40070B51A4E0622314605460AF0AFFB38B3D3
:1043E4004FF0FF304FF0FF31FFF76EFA044608B389
:1043F400062229460C3008F044FA2146002242F2F3
:104404000500FFF7BFFB044648B110F10D0F04D1BE
:1044140002210B4A0B4808F008FB204670BD3346C6
:104424002A6843F86929AA88B280012283F868209F
:104434000024F2E76FF06804EFE700BF6900002092
:104444000C06010018F1000073B504460D4689B14D
:104454002846174908F0E1FA60B9164A2968C4EBFE
:10446400C4041151A318AA889A80AA799A710020C9
:1044740002B070BD6E46304608F081FA0028F7D1CC
:104484003046FFF78DFF0028F5DA0A4A0098C4EB9E
:10449400C4041051B179B088A31898809971002D83
:1044A400E5D012592A609A88AA809B79AB71DEE71D
:1044B4002A0F01000000002070B5044629BB38B360
:1044C400264908F0AAFA18BB2046FFF769FF00281E
:1044D4003EDA23786BB9224AD379002B38D120688D
:1044E4001060A179A0889171012190801846D17142
:1044F40070BD012B04D1A37903F0C003C02B07D0F6
:104504000121184A184808F090FA6FF01500EFE7F7
:10451400134DEB79012B1ED005F1D403D3E8AF3F43
:10452400DB0707D4002CF0D020460C4908F075FABC
:104534000028EAD1EE792146731C3046EB71FFF76F
:1045440083FF08B93046D3E7EB79013BEB71CFE742
:104554006FF07700CCE76FF00B00C9E72A0F01007A
:10456400000000201B06010018F100002DE9F341B2
:10457400044640B91A4A02211A4808F056FA0020A3
:1045840002B0BDE8F081002141F2090001AAFFF761
:10459400F9FA054608B1144AEDE7019E0622D6F859
:1045A4000C80124908F1010738460AF0C7FA28B10D
:1045B400062238460E490AF0C1FA18B93046FEF709
:1045C4002DFDDCE7D8F801303046C4F80130BB8853
:1045D4002570A4F80530FEF721FD0120D0E700BFC7
:1045E4004906010018F1000062060100370F0100BE
:1045F400310F010007B56846FFF7B8FF044BD871C7
:1046040018B169460020FFF71FFF03B05DF804FBF3
:10461400000000202DE9F041304E88B0F1790029E6
:1046240054D196F8C24014F0010411D12C4A02214D
:104634002C4808F0FAF90024F47116250024012707
:10464400F379E0B283422BD8002B3FD000203AE02C
:104654006A464FF60940FFF795FA08B1224AE6E7A1
:10466400DDF800C0DCF80C5095F80180B8F1000FBB
:104674000ED0AB1C02AA12351746186859680833C5
:1046840003C7AB423A46F7D1186838609B88BB80B1
:104694006046FEF7C3FCB8F1000FCDD1134AC6E75C
:1046A40008AB05FB003353F8182C33F8143C694667
:1046B400CDF80120ADF805308DF80070FFF7C4FE89
:1046C40001340028BCD008B0BDE8F08100210846C0
:1046D40008B0BDE8F041FFF7EFBE00BF00000020C6
:1046E4008006010018F10000AC060100CC060100B0
:1046F4002DE9F0411D460E461746034648B145B123
:104704000A0311D54C0708D50121284A284808F086
:104714008CF96FF01500BDE8F08108F090F90028DD
:10472400F9D101232B70F6E7B107047824D021498D
:104734002FB1B20603D591F8D820500632D5C4EB78
:10474400C40411F80480B8F1010F09D101341846EA
:10475400214408F06CF90028DDD185F8008002E0DE
:10476400B8F1000FF9D02FB1B30642BF2B7843F054
:1047740002032B700020CEE7720710D50D49C4EB5D
:10478400C4040F5D012F07D10134214408F04FF90F
:104794000028C0D12F70E7E7002FE5D1FAE708F031
:1047A4004EF9BEE76FF08500B5E700BFF5060100DE
:1047B40018F100000000002038B5104DEB7913B15A
:1047C4000024204638BDFFF715FF044628B10C4AE3
:1047D40001210C4808F029F9F3E7EB79002BEFD11C
:1047E400FFF718FF04460028F1D1681CFFF7F0FD1D
:1047F40004460028E5D0044AEAE700BF0000002090
:104804001407010018F10000330701002DE9F74FE8
:10481400884601904FF0FF314FF0FF30FFF754F816
:10482400044600284ED020210C3008F024F800273C
:104834000646002120220AF072F93946D8F80050C1
:1048440006F1010BD8F804309F4208D331700022DE
:104854002146019803B0BDE8F04FFFF793B96A7899
:10486400881C13181F2B95F800C05FFA80F915D91E
:10487400BCF1090FC9F11F0201D1002A0CDC01218E
:10488400124A134807F063FE2046FEF7C7FB6FF099
:10489400150003B0BDE8F08F4FF0080C5FFA82FA00
:1048A4000AF1010E0BF801E00131C9B20BF801C0A5
:1048B40069685844D1440AF00CF901375FFA89F168
:1048C4000835BFE76FF06800E3E700BF5607010053
:1048D400E0F00000F7B5CDE90001694642F20800B6
:1048E40016461D469DF82070FFF790FF044648B910
:1048F4005FB90B4BD3E8EF1F41F00401C3E8E21F9B
:10490400002AF7D1204603B0F0BD694642F20900FF
:10491400CDE90065FFF77AFF0028EAD00446F1E705
:10492400280000202DE9F04FD0F8109089B00293B0
:10493400B9F1000318BF012305460F469346DFF87B
:10494400A8A20393DAE8AF3F5A0740F12E814668E4
:1049540073050BD56FF01504002340F201119B453C
:1049640040F02C81204609B0BDE8F08FD0F81080CB
:10497400B8F1000F01D0B407ECD09C4C2878E3794F
:104984008342E7D9C0EBC0000722994920440AF0CA
:10499400D5F80028DED0B00706D194F87030082B83
:1049A40002D8AB689F2BD5D916F0300F6DD0B8F173
:1049B400000FCFD0F1066BD406F46036B6F5603F35
:1049C400C8D0284608F052F880460028C2D0894E44
:1049D400D6E8AF2FC2F30023D20500F1E980CDE978
:1049E4000533CDF81B30AB686A68ADF81030EB685E
:1049F40012F4004FADF8123014BF06230723D0037E
:104A040048BF03F00503910348BF03F0FB038DF88F
:104A14001D30DAE8EF3F23F48073CAE8E23F002A4E
:104A2400F7D12B78039A237684F86F30696872483B
:104A34000DF11503FFF75CFE044600288CD16F4B83
:104A4400B9F1000F30D02A6911684AF8B31C918873
:104A5400998092799A716B689A0727D0B9F1000FFF
:104A64002AD013F0100F0CBF012304238DF8143047
:104A74002B691A68CDF816209A88ADF81A209B790C
:104A84008DF81C304FF0000819E0B8F1000F93D1F5
:104A9400D5E902239A423FF65DAF1F2A7FF65AAF4B
:104AA400B3F5804F88D955E7514ACDE79C0501D429
:104AB400029B5BB3022300E04B468DF814304FF0A9
:104AC400FF304FF0FF31FEF7FFFE0446002872D09E
:104AD4000F2204A90C3007F0D4FE2146002242F232
:104AE4000600FFF74FF8044600287FF435AFB9F10C
:104AF400000F0FD00121404807F0BCFF0446A8B1C5
:104B040001213F4A3F4807F022FD25E703238DF8A2
:104B14001430B7E759463846129B029ACDF8008004
:104B2400FFF7D8FE04460028E4D015E76B68980721
:104B34001FD0D6E8EF3F43F40073C6E8E23F002AF3
:104B4400F7D1B8F1000F1DD0D6E8EF3F43F48063EE
:104B5400C6E8E23F002AF7D16B6859071BD5D6E8AF
:104B6400EF3F43F48053C6E8E23F002A3FF4F4AE3B
:104B7400F5E7D6E8EF3F23F40073C6E8E23F002AE6
:104B8400DFD0F6E7D6E8EF3F23F48063C6E8E23FE0
:104B9400002AE1D0F6E7D6E8EF3F23F48053C6E8D5
:104BA400E23F002A3FF4D8AEF5E76FF00A04D3E6FB
:104BB4006FF07704D0E66FF06804CDE63A888A4255
:104BC40004D17A6812B11278D20702D401330837BB
:104BD400C5E60D490D4809F02DFD4FF47022002360
:104BE4000A4803F0DBF8BDE6D400002000000020F2
:104BF4002A0F0100280000201800002021000020B6
:104C04006F070100E0F00000454C00003000002078
:104C140008B5094807F054FF084BD3E8AF2FC2F397
:104C24000020D20506D5A3F110000021BDE80840FC
:104C340007F020BF08BD00BF180000202800002096
:104C440010B5FFF7E5FF034630B1BDE8104002217F
:104C5400024A034807F084BC10BD00BF8A07010064
:104C6400E0F0000008B504F08BF938B101210346E7
:104C7400034A044807F074FC6FF0040008BD00BF49
:104C8400B007010010F1000008B504F027F938B1AD
:104C940001210346034A044807F062FC6FF0040054
:104CA40008BD00BFCC07010010F10000F8B50426D0
:104CB4000D460769374438462A8AE968FCF77AF8CA
:104CC40010F10C0F044608D000280CDA08492246DB
:104CD400084807F0FCFE2046F8BD4B2009F063FAB3
:104CE400013EE8D1F2E72846FEF798F90024F2E7FE
:104CF400FB07010000F100002DE9F04F1746D2F840
:104D040010A002780646042A0D4685B001F1FF334F
:104D14000BD0052A00F09C80022A6AD06F497048A3
:104D240005B0BDE8F04F07F0D2BE012B09D802222E
:104D340000926C4A01216A4807F01CFC05B0BDE8EA
:104D4400F08F43783E2B35D190F803B0ABF10203DA
:104D5400D3F1000B4BEB030BB6F80120EB1EB3EBC6
:104D6400122FADF80C204FEA122529D1BBF1000F08
:104D740023D04FF000084FF0000942464B465946F5
:104D84009DF80C00FEF7F4FA0446E0B100F10C08BB
:104D9400022203A9404607F074FD228A638A6169EE
:104DA4009B1AE268521A9B1A9D4215D94E4A0093E7
:104DB4002B463DE04FF0000BCEE74FF4A028DAE796
:104DC4004A4A0095B6E7BBF1000FB7D10221484A21
:104DD400434807F0BCFBD0E72A46F11C404607F0E5
:104DE40050FD21463846DAF8003005B0BDE8F04FF2
:104DF4001847032B03D8042200923E4A9AE7002264
:104E040000230820FEF79CFA0446C8B1D6F8013006
:104E140000F10C080422404603A9039307F031FD76
:104E2400BDF80E30053D9D424BD000932B46324ACF
:104E340001212B4807F09EFB2046FEF7EFF87DE7A3
:104E440001212E4A264805B0BDE8F04F07F07FBB8C
:104E5400032B03D804220092294A6BE70022002383
:104E64002020FEF76DFADFF89C900446B8B1D6F81E
:104E7400013000F10C080422404603A9039307F013
:104E840000FD0023C9F80030BDF80E30053DC3F322
:104E94000D039D4215D01C4A00932B46C8E764219C
:104EA400D9F80020B2FBF1F301FB13231BB9174916
:104EB4000B4807F00CFED9F800300133C9F8003074
:104EC4003CE7228A638A61699B1AE268521A9B1A38
:104ED4009D423FF66BAF2A46711D7FE7AF09010083
:104EE40000F1000013080100A30801003F080100BD
:104EF4006E080100C60801000A090100F00801005B
:104F040037090100C8180020810901006109010066
:104F140070B5056900200E4600F060F8044630B113
:104F240002461549154807F0D2FD204670BDA86B0E
:104F3400FBF7B2FE044628B110F1780F02D01049F5
:104F44000246EFE7A86B05F10C02291DFBF7E4FE0E
:104F5400044610B10B490246E4E74FF480320023C3
:104F640005F1280002F00CFD044610B10649024682
:104F7400D8E72E60D9E700BFC309010000F10000A3
:104F8400E8090100180A01003C0A010038B5056966
:104F9400281DFBF7E3FE044630B102460B490C48DA
:104FA40007F095FD204638BDA86BFBF795FE044637
:104FB40010B108490246F2E707F08EFD044610B12D
:104FC40005490246EBE72860ECE700BF5C0A0100F4
:104FD40000F10000870A0100AB0A0100102208B5A5
:104FE400034B0120C3F84024FEF7FCF8002008BD61
:104FF40000300050084B70B5C31A0D4607499B108A
:10500400044659434022064807F075FD2B460146E5
:105014002046BDE870401847E0180020B76DDBB6A5
:1050240040ED0000402373B50B4C0093041B0B466A
:105034000D460A49A41061430646094A094807F087
:1050440086FD014628B130462B4602B0BDE87040CB
:10505400184702B070BD00BFE0180020B76DDBB682
:10506400BFCB000040ED00002DE9F84300220121F0
:1050740007460520FDF79CFB114801F075F904462D
:10508400C0B901F0A5F925464FF01C094FF00C08F2
:105094003E690C4909FB056006F058FF031E0CDB52
:1050A400012308FB05661D44042DB367F0D1204697
:1050B400BDE8F8836FF00404F9E71C46F7E700BF86
:1050C400F5510000A4F400001FB5002201236C4632
:1050D400CDE902236B46074ACDE9004407F066FD9B
:1050E40028B94FF480420023684602F049FC04B01A
:1050F40010BD00BFE9CB000010B5EFF311842023ED
:1051040083F31288BFF36F8F074A136823F00201F9
:10511400DB07116002D4012007F02EFF84F311880D
:10512400BFF36F8F10BD00BF801900200C22104BFD
:10513400014602FB0033002030B4D3E91C52186747
:10514400EFF31180202484F31288BFF36F8F9C6FD8
:1051540004F0C00444F002049C6780F31188BFF398
:105164006F8F1DB12B4630BC0248184730BC7047C6
:10517400E018002040ED000010B4EFF3118020226D
:1051840082F31288BFF36F8F17490B6843F0020450
:1051940013F001030C601AD04FF05023D3F80C1411
:1051A400D3F80C3413F0010311D0EFF3118182F31F
:1051B4001288BFF36F8F0D4A936F03F0C00343F05F
:1051C4000203936781F31188BFF36F8F012380F388
:1051D4001188BFF36F8F1BB1002010BCFFF7A6BF6F
:1051E400012010BC07F0B9BE80190020E01800208F
:1051F400092813D8DFE800F0051012121212121257
:105204000E0C074B986F10F0070007D1FFF78EBF05
:105214000220FBE70320F9E70120F7E7704700BF0E
:10522400E01800202DE9F041012280463749D1E8F9
:10523400EF3FC1E8E02F0028F9D133B934493548AC
:105244004B60CB608A6006F094FE08F1FF33012BBB
:105254004FD8B8F1010F07D14FF05023D3F81C34C5
:1052640003F00303022B44D009F003FA054658B1B6
:10527400EFF31186202383F31288BFF36F8F012588
:105284004FF05024244F22E0244B1B78002BEFD006
:105294004FF0502302220646C3F80823F0E755B323
:1052A400304607F062FAD4F81835DBB2012B0ED180
:1052B400D4F804215AB10022C4F80421D4F80421FA
:1052C4000222C4F818252022C7F88021A360D4F84C
:1052D4001824D4F81834D203E1D503F00303022BC5
:1052E40002D0B8F1010FDAD155B186F31188BFF3BA
:1052F4006F8FBDE8F0810021212009F07DFAD2E70B
:105304004FF050230222C3F80423F2E7DC180020F4
:10531400CC180020FC18002000E100E0D523002078
:1053240008B5074808F05BFF38B10648FDF794FD5F
:105334000448FBF79DFB002008BD6FF01200FBE75B
:10534400CCED00004D5300000A2838B50446074D43
:1053540004D1AB680D2128465B689847AB680348C5
:105364005B68E1B29847204638BD00BFCCED000031
:105374002DE9F04340F206364768D00648BF4FF0A7
:10538400030C3B7C02EA060658BFC2F3401C87B0FC
:1053940001F01F05B6F5837F144645EA43158DF8E1
:1053A40003C043D00DD8062E16D005D8A6B1022EC0
:1053B4003ED06FF0150036E0B6F5807FF9D10126B6
:1053C4000AE040F20222964234D0B6F5407F33D050
:1053D400B6F5007FEDD1022622032FD501237A688A
:1053E4008B409360B86890BB05F01F036D092CD007
:1053F400012D75D13C4A02EB8302C4F30043D2F879
:10540400001283F00103C4F3404444EA430421F44A
:10541400706144EA8C0421F00F0144EA06230B4333
:10542400C2F80032002007B0BDE8F0830726D3E7B6
:105434000426D1E70526CFE70326CDE7630341BF62
:1054440001237A688B40D360CCE7284AD3E7294606
:105454000DF1020208F04FF814F4403F80460CD1DD
:105464002946B86808F060F8B8F1000FDAD19DF861
:105474000210B86801F0C4F9D4E74FF0000901AB99
:10548400CDE90199CDE90439CDF80C902946B868E5
:1054940003AA07F005FF4845C4DB14F4003314D015
:1054A4009DF80330C4F3004484F001048DF80E30F9
:1054B4008DF80C608DF80D404B462946B86803AA58
:1054C40007F0A1FF0028CFDAACE7CDE904330DF1F2
:1054D400030303932946B86803AA07F0E1FEF1E742
:1054E400803350F82330FFDE002884500025845098
:1054F4004209034670B502D0012A17D070BD0D4E83
:10550400326951680029F9D0012503F01F030C68A2
:105514009D400029F2D08A682A4002D030464B6868
:1055240098472CB1236821461C46F2E7024EE7E770
:105534002346F8E778ED00005CED000038B54568D7
:10554400A86890B107F0EAFF014670B9A86801F0B5
:1055540025F9044658B902460649A86807F0C8FF69
:10556400224605210D20FDF723F9002038BD6FF0F8
:105574000400FBE7F5540000F0B544681646A06843
:10558400227C01F01F0587B045EA421500286CD043
:10559400B6F5001F04D1294608F018F8002055E09C
:1055A4006268607CB6F5800F50624FF0000001AA7B
:1055B4000190506037D1B3F1007F14BF0523042359
:1055C4008DF804300023CDE904230393E3680DF13F
:1055D400030723FA01F111F0010139D1B6F1A07FDB
:1055E40036D105F01F036A0903F1800326D0012A8E
:1055F4003ED1214A52F82330DB0729D43A462946C2
:10560400A06807F078FF16301AD002972946A068E0
:1056140003AA07F045FE002818DB01222946A068EA
:1056240007F084FFBAE7B3F1C06F05D0B3F1007F90
:1056340014BF01230223C3E70323C1E70F4AD9E7B9
:105644003946A06801F0E6F80028DEDA07B0F0BDBC
:105654003A462946A06807F04EFF0028D6D19DF8A7
:105664000310A06801F0CCF8D0E76FF08500EDE7F7
:1056740051F82330FFDE00BF0028845000258450F9
:1056840010B504460269A2B02049C2F88000002087
:1056940001F0B4F9002201212A20FDF789F8646899
:1056A4008422002101A809F03AFA6368B3F5803F27
:1056B40004D30221164A174806F049FF2368B3F5BC
:1056C400803F04D30221144A124806F040FF00230D
:1056D4000120219301AA61680432D940C90744BF5B
:1056E40000FA03F142F8041C2168D940C90748BFF5
:1056F40000FA03F103F1010348BFD163102BEAD18F
:1057040001A801F08FF9002022B010BDF957000064
:105714007D0B010058F10000A90B010038B50F29D9
:105724000C4605693CD843681B68CB40DB0737D57A
:10573400D5F88430CB4003F001031AB9EBB96FF00C
:1057440077002CE0002BFAD155F8213023B902213F
:10575400154A164806F0FBFED5F8843013B92A2002
:10576400FCF7F6FF0122D5F88430A2401343C5F8B4
:105774008430E0B201F076F90AE0C8B201F07AF9B7
:105784000122D5F88430A24023EA0203C5F884300C
:10579400D5F8843013B92A20FCF7E8FF002038BD7F
:1057A4006FF01500FBE700BFD50B010058F10000B6
:1057B40038B505460C4622B102210C4A0C4806F0C5
:1057C400C6FE0F2C0ED86B685B68E340DB0709D577
:1057D40001230020A400E4B204F1A04404F5283419
:1057E400236038BD6FF01500FBE700BF050C010016
:1057F40058F1000070B50F2804460D46D1F88060BA
:1058040004D873681B68C340DA0704D402210E4A23
:105814000E4806F09CFED5F88430E340DB0704D440
:1058240002210B4A094806F092FE05EB840255F862
:1058340024503DB121463046AC46BDE870400023BB
:10584400126C604770BD00BF200C010058F10000CD
:105854003C0C0100036803F01F025B09026004D0E2
:10586400012B034818BF002070470248704700BF4F
:1058740000288450002584502DE9F74F154607462B
:105884004FF0010800EB8101B94203D1002003B0BD
:10589400BDE8F08F3B68C3F3C322082AC3F30804AE
:1058A40000F2B4805B48865C40F2FF12944208BF69
:1058B4004FF0FF34B3F10C5F4FEA136215D2222A82
:1058C40015D8DFE802F017262B3A2E353A141414B3
:1058D40014404C1414141414141414144F86898C86
:1058E4001414148F94979A9DA0004E2A28D06FF018
:1058F4008500CCE7C5F80C45621C68D001A801946A
:10590400FFF7A8FF019B4FF0010908FA03F3836036
:105914003BE0C5F814454FF000091BE0C5F8084505
:10592400EAE74FF00009C5F80845601C25D14EE0B0
:105934004FF00109C5F80C45F7E7C5F81045EAE74B
:10594400C5F81445D8E7C5F80845002EE3D14FF053
:1059540000090626631C3AD04FF0000A17E0C5F888
:105964000C45F2E7C5F860457B88621C03F001032F
:105974002DD0002BC2D14FF0010901A80194FFF7EB
:1059840069FF019B08FA03F3C3604FF0010AD7F8DB
:1059940000B001A81BF4004F1CBF4FF001094FF0E9
:1059A400000A0194FFF756FF019B1B4C00EB830098
:1059B400D0F80022CBF3412B330243EA8B0343EAB2
:1059C4000A031440234343EA4903C0F8003204376E
:1059D4005AE7C5F86445C7E7C5F86845C4E7C5F89C
:1059E4006C45C1E7C5F824454FF00109B2E7C5F895
:1059F400284581E7C5F83045F6E7C5F83445F3E7AF
:105A0400C5F83845F0E7C5F83C4575E76FF0150073
:105A14003DE700BF6E0F0100F0F0FCFF2DE9F041FF
:105A240004460D46476808F024FE88B14FF020086C
:105A3400EFF31186314688F31288BFF36F8F6068E5
:105A440007F098F950BB86F31188BFF36F8FEFE727
:105A54001F4B1B78002BE9D04FF0200864266068A8
:105A640007F088F970B9012007F023FA013EF6D156
:105A74000021212008F0C0FEF0E786F31188BFF36F
:105A84006F8FF5E7EFF31186314688F31288BFF381
:105A94006F8F606807F06EF90028EED0FB69002074
:105AA4001D706368FA691B68C3F844250122C3F8B2
:105AB4004825C3F82001D3F82041C3F85801D3F88E
:105AC40058019A6081F31188BFF36F8FBDE8F081AC
:105AD400D52300202DE9F0410546002201210820AC
:105AE400FCF766FE0820FCF733FE6C680121E068D1
:105AF40007F071F96B6819682369C1F82435A27D30
:105B0400637D207D1343228B02431343C1F86C351C
:105B14006F680022D7E9004313F001031CD0D5F8C5
:105B2400108004F10C01C4F8A02104F59070C4F8AD
:105B34008C2008F1080207F0F1F9061E07DA0121AA
:105B4400214A224806F003FD3046BDE8F08198F86A
:105B5400080000F0E9FB01230822C4F80025FA69D3
:105B64000121C4F844250022C4F84825A1606BB97A
:105B7400D4F82031002BFBD0C4F82021D4F82031F4
:105B84000123E3604FF48073C4F80433D4F858312C
:105B9400002BFBD00021C4F800156D68E8682C6860
:105BA40007F019F90823C4F800352A7A52B92B6A88
:105BB400C4F834350123C4F83835C4F81021D4F8B6
:105BC400102123600026BFE7720C010098F1000049
:105BD4000123834070B5DC430C4AD2E8EF1F01EA8D
:105BE4000405C2E8E65F002EF7D14FF4803282400C
:105BF4000748C0F80823BFF35F8FBFF36F8F03EA32
:105C04000100003818BF012070BD00BF341A002005
:105C14000050015070B4124922F07F46D1E900349B
:105C2400D01AC31844F10004C1E90034A6F50013E6
:105C3400B3F5400F09D20B4B1B681A0A1B069C19BB
:105C4400094B42F10005C3E90045EFF3118120231C
:105C540083F31288BFF36F8F70BC02F0AFBD00BF37
:105C6400900F0020381A0020980F0020D9B101238A
:105C74000D4A8340D2E8EFCF4CEA030CC2E8E1CFEF
:105C84000029F7D14FF48033084A8340C2F8043323
:105C9400074BD3E8AF3FC340DB0742BF4FF40012CA
:105CA400044BC3F800217047341A002000500150FF
:105CB400301A002000E100E00D4B1868010A0006CC
:105CC400BFF35F8F0B4BD3F80435181841F1000173
:105CD400B3F5801F0AD2084BD3E90023904271EB3D
:105CE400030303D210F1807041F10001704700BF3B
:105CF400381A002000500150980F00202DE9F04F71
:105D040085B016461F4604469DF840A0FFF760FF85
:105D14000190FFF7D1FFB04271EB07035CD23B4B1C
:105D2400301A67EB0101984271F1000109D36FF059
:105D3400150520460199FFF799FF284605B0BDE8EF
:105D4400F08F334B03EB0413D3E902239F4208BFC4
:105D540096424ED04FF480382E4908FA04F8204673
:105D640026F07F4BC1F8488307F044F84FF003094D
:105D7400584604F15005AD00ADB205F1502504F5C7
:105D8400A87305F580350293029A20F07F4341F809
:105D94002230C1F84483D1F804351F4AC01A0338AD
:105DA40020F07F40904224D9286868B1D1F80435A6
:105DB400A3EB0B0020F07F40B0F5000F039318D93C
:105DC400204607F017F8039BBAF1000FAFD109EB97
:105DD400030009F10109D7E7BAF1000FA7D10123A4
:105DE4000E4AA340D2E8EF0F1843C2E8E10F00299E
:105DF400F8D107490E982301C8500F9B01EB0412F8
:105E04000025C2E90267536093E700BF01008000E8
:105E1400800F002000500150FDFF7F00301A002049
:105E24007FB500254FF0FF304FF0FF31194C1A4B6E
:105E34000226C4F80833C4F84833184BC4F808558C
:105E4400C3E902014FF480334FF40012C4F8043361
:105E5400134B0121C4F804631520C3F880212A469A
:105E6400FCF7A6FC1520FCF773FC01230D4AA36084
:105E7400236013600C4B0D4A009328460023CDE9A0
:105E84000155FFF73BFF3046FFF7CCF9284604B035
:105E940070BD00BF0050015003000F00800F0020B0
:105EA40000E100E0341A0020195C0000FFFF7F00CD
:105EB4002DE9F7432D4BD3F8042391070BD5D3F8E1
:105EC400042142B10022C3F80421294AD3F8043141
:105ED400136801331360254CD4F80433DA033FD537
:105EE400244BD3E8EF2F22F00101C3E8E01F002880
:105EF400F7D1D30702D4D4F840318BB30025C4F8CA
:105F04004051D4F84031FFF7D7FEEFF3118220233C
:105F140083F31288BFF36F8F174BD3E90267B04244
:105F2400B94120D3D3E900984FF0FF304FF0FF314F
:105F34001D60C3E902014FF48033C4F84833C4F848
:105F44004051D4F8403182F31188BFF36F8FB9F117
:105F5400000F05D032463B460020CDF80080C847EC
:105F640003B0BDE8F083A946EDE700BF005001503F
:105F7400381A0020301A0020800F002030B5431C4E
:105F8400124C85B005D08442A8BF0446012CB8BF8A
:105F94000124FFF791FE0E4B0C4DD3E90013401A78
:105FA400B0F5000F0FD22218AA4228BF2A460020BB
:105FB40052180849CDE90100009143F10003FFF7AD
:105FC4009DFE05B030BD2A46F1E700BFFFFF7F000C
:105FD400900F0020195C000008B5FFF76DFE024B1E
:105FE4001B68C01A08BD00BF900F002008B5034904
:105FF400034806F034FF6FF0150008BDAB0C010038
:1060040030F100002DE9F041074688460025104E86
:1060140027FA05F212F0010210D128FA05F3DB0782
:106024000ED53179306806F00AFF044640B10949BB
:10603400094806F014FF2046BDE8F0810122F0E78C
:106044000135042D06F10806E2D10024F3E700BF70
:1060540058F50000C60C010030F1000070B50025B1
:106064000B4E4FF40031304606F0D4FE044648B9D6
:106074000135042D06F10806F3D1BDE870400F2167
:10608400FFF7C0BF0349044806F0E9FE204670BD8F
:1060940058F50000DC0C010030F1000003280A462A
:1060A40010B505D9FFF7A2FF6FF01504204610BD07
:1060B400074B03EBC001097953F8300006F0BFFE2B
:1060C40004460028F2D00349034806F0C8FEEDE771
:1060D40058F50000C60C010030F100004FF40071C7
:1060E400014802F069BE00BFD521002008B5FBF7C6
:1060F400D7FEFBF7BDFF0E4B0E4A92E803000E4A93
:1061040083E8030092E803000C4B0D4A83E8030084
:1061140092E803000B4B0C4A83E8030092E8030067
:106124000A4B83E80300BDE8084002F0C3BF00BF88
:10613400601A0020740100206C010020541A002011
:1061440064010020481A00207C0100203C1A002031
:1061540008B506F09EFE58B1614BD3F8202A3AB92F
:106164000D21C3F8201A0121C3F81C19C3F81C29F6
:106174000022D30003F57F03D3F80013013107D0C5
:10618400D3F800130132D3F80433202A0B60F0D182
:1061940006F07FFE002840F09A8006F07AFE40B1B7
:1061A400504B514AC3F830254FF050230122C3F815
:1061B40058254FF47F03D3F83021D3F83431072A1C
:1061C40006D1023B012B9EBF0022484BC3F84C254D
:1061D40006F05FFE50B14FF05023D3F80024D107EE
:1061E40042BF0022C3F81421C3F818214FF47F03DF
:1061F400D3F83021D3F83431072A09D14FF0502392
:10620400D3F80024D20744BF6FF00102C3F800247E
:1062140006F03FFE18B16522314BC3F80C274FF44A
:106224007F03D3F83021D3F83431072A16D12F4B0A
:10623400D3F82034002B11DA4FF050230322C3F893
:10624400182501229A60D3F80421002AFBD00022E9
:10625400C3F804210122DA60C3F818254FF47F0340
:10626400D3F83021D3F83431072A20D1023B022B52
:106274001DD97E221A4B1B49C3F80C27C3F83C29AD
:106284007F231B4AC2F818310023C1F8043EC1F829
:10629400083E01F54821C1F81031C2F82431C2F892
:1062A4002C3102F5FF1202F58052C2F8A032114AD5
:1062B400D2F88C3043F44063C2F88C300E4A0F4B52
:1062C4001168C3F84415D269C3F84C2508BD2922C6
:1062D400034BC3F80C270322C3F83C275DE700BF38
:1062E40000400050009003504400EFBE00200350D3
:1062F4000020005000ED00E00080FF00006000502E
:10630400014B1860704700BF6C1A002010B5054B94
:106314001446186806F0CFFD0028A4BF20700020A2
:1063240010BD00BF6C1A00200123024A8340C2F84A
:106334000435704700700150014B00201B6818475A
:10634400701A0020014B1B68184700BF701A002008
:10635400014B09201B681847701A0020014B0820C4
:106364001B681847701A002010B5144C237913BB0E
:1063740001232371124B0028206018BF184600F037
:1063840037F8D0B923680F48002B08BF184600F02F
:10639400B9F890B923680C48002B08BF184600F0E0
:1063A400F9F850B923680948002B08BF1846BDE81E
:1063B400104000F063B86FF0770010BD701A002031
:1063C4003D63000055630000496300006163000001
:1063D40008B5064B1B6843B10520FCF7DBF920B96F
:1063E400BDE808400520FCF7B3B908BD701A0020C9
:1063F400074B0246187938B91A6001221A714FF016
:106404005023C3F8142570476FF07700704700BF1E
:10641400781A00204FF050230022C3F80021D3F84B
:106424000021012208491A60096811B1C3F8042344
:106434007047D3F80021002AFBD00022C3F80021C2
:10644400D3F80031704700BF781A00204FF0502372
:10645400D3F80423D2070DD5D3F8002152B100227A
:10646400C3F80021D3F800210122C3F80823024B0A
:106474001B681847704700BF781A0020054B024676
:10648400187918B91A6001221A7170476FF07700F1
:10649400704700BF801A00204FF050230022C3F839
:1064A4002021D3F8202101229A61094A126822B1DD
:1064B4004FF48072C3F804237047D3F82021002AD4
:1064C400FBD00022C3F82021D3F82031704700BF4D
:1064D400801A00204FF05023D3F80423D2050ED5A0
:1064E400D3F820215AB10022C3F82021D3F8202167
:1064F4004FF48072C3F80823014B1B681847704798
:10650400801A0020074B0246187938B91A60012214
:106514001A714FF05023C3F8802570476FF077004D
:10652400704700BF881A00204FF050230022C3F8A0
:106534002421D3F8242101221A62094A126822B1C3
:106544004FF40072C3F804237047D3F82421002ABF
:10655400FBD00022C3F82421D3F82431704700BFB4
:10656400881A00204FF05023D3F8042392050ED547
:10657400D3F824215AB10022C3F82421D3F82421CA
:106584004FF40072C3F80823014B1B681847704787
:10659400881A0020074B0246187938B91A6001227C
:1065A4001A714FF05023C3F8182570476FF0770025
:1065B400704700BF901A00204FF0502310B5D3F855
:1065C40018141E4C11F4803FD3F818241BD002F089
:1065D4000302022A02D0012A12D101224FF05023D1
:1065E400C3F818250022C3F80421D3F8042101229A
:1065F4009A602268A2B9D3F80421002AFBD017E0DC
:1066040006F02AFDE9E7D3F81424D207E5D5D3F838
:106614001C2402F00302013A012AF1D822681AB1BB
:106624000222C3F8042310BDD3F80421002AFBD0AE
:106634000022C3F80421D3F80431F4E7901A0020AF
:10664400F8B54FF0502301250026D3F80443184F22
:1066540004F0820404B9F8BDB4FA84F0C0F11F0058
:10666400830003F580739BB203F1502305FA00F213
:10667400196892B224EA02040029EBD01E601B6858
:106684004FF05023022AC3F808230DD1D3F818146D
:10669400D3F8181401F00301012905D1C3F8182512
:1066A400C3F804239960D5E73B68C0B29847D1E7A3
:1066B400901A0020036803F01F025B09026004D0F3
:1066C400012B034818BF002070470248704700BFE1
:1066D4000028845000258450034A4309D35C00F009
:1066E4001F001844C0B27047770F0100024611F032
:1066F400010010B50BD18B07C1F340000DD507493C
:10670400086A50600862003818BF012005E0044C94
:10671400236A13602362002BEDD010BD002884503F
:1067240000258450F7B504460846FFF7D5FF04EB6F
:106734004006B38A0D46DB072AD5204606F08EFDB7
:106744002946204606F0FBFC50B1204606F00DFD1C
:106754000023276807EB8000C0F81035C0F8103517
:106764002946204606F02AFD002101A8B1820195A0
:10677400FFF7A0FF019B00EB8300D0F80022064B3B
:10678400134043F00203C0F80032084603B0F0BDE2
:106794006FF01500FAE700BFF0F0FCFF70B590F859
:1067A4008C40054690F88D6024BB2146602214304D
:1067B40008F0B5F92146114B286853F836608E422B
:1067C4000ED10024C0F87C41D0F87C3140F307306E
:1067D400FBF7BEFF0123204685F88C30AB6770BD04
:1067E400CBB29B0003F580727C2B04BF845083588A
:1067F4000131E4E76FF07700F1E700BF78F50000BE
:1068040090F88D00024B03EB800006F06EBB00BFD6
:10681400AC02002010B5064B90F88D000C4603EB3B
:10682400800006F048FB0028A4BF2070002010BDA3
:10683400AC0200202DE9F04F804658F804AB90F8E4
:106844008D40DAF804136A4BC9B2074653F8342072
:1068540050468BB041F0004106F0D9FC051E39DAF0
:106864000023CDE90833624BE60003EBC4046368FC
:1068740008A819460093FFF739FF331D03934FF01F
:10688400000B5C4B0DF120090293029A584912F84F
:10689400013B0292039A02EBD3028A5C03F00703E2
:1068A40022FA03F3DB071BD40BF10103022B4FF095
:1068B400010B09F10409E8D14FF0004100225046D0
:1068C40006F0A5FC009908A8FFF710FF0028D6D110
:1068D40025F000450124002D73D10BB0BDE8F08FE5
:1068E400454B5B440493D9F80060002EDCD096FA43
:1068F400A6F6B6FA86F6049B1C7846EA44142046AB
:10690400FFF7EAFE07EB4000818AF208C1F3820335
:1069140005930193012319F8020006F0070603FA10
:1069240006F620EA060009F8020007A80794FFF714
:10693400C1FE079A11F0100F02F1800250F8226094
:10694400059BC6F3014623D04046019A214606F032
:1069540016FC07A80794FFF7ADFE079BF6B2803339
:1069640050F82330C3F301439E4207D1002120464F
:1069740006F0D6FB3146204606F0D2FB07A8079462
:10698400FFF798FE0122079B02FA03F30362AAE7CA
:10699400022E14BF022103212046059306F0C0FBFA
:1069A400059B032B03D0022E07D1012BE6D12146F0
:1069B4004046019A06F0E3FBE0E7032EDED1022B0A
:1069C400F4E795FAA5F3B3FA83F304FA03F225EA9C
:1069D400020503F5A2725AF8222007EB430340464E
:1069E400B3F87C10C2F3014206F0C9FB73E700BFA1
:1069F40078F50000870F0100870F0100F8B5084DF6
:106A04000F462C79164644B92A20FBF7A1FE012330
:106A140020462B712F60AE60F8BD6FF07700FBE766
:106A2400981A0020002330B50D4A50F8234003F58E
:106A3400A2710133102B42F82140F6D10023084AF9
:106A440000F13C0103F5B27451F8045F0133102BDB
:106A540042F82450F6D1D0F88030C2F8043330BD67
:106A640000A002500123024A8340C2F80433704755
:106A740000A002500123024A8340C2F80833704741
:106A840000A00250F8B5012600270B4B0B4DD3F89C
:106A94000C4304B9F8BD94FAA4F0B0FA80F006FAF5
:106AA40000F324EA0304064B82009F502B68002B5A
:106AB400EFD0A9689847ECE700A00250981A00208C
:106AC40000A102502DE9F0410E4617460C4D55F831
:106AD4001C4FAC4203D16FF01200BDE8F081314687
:106AE40054F8440CA4F14408F9F732FB30B9C7F860
:106AF40000804046BDE8F04106F03ABE2468E8E76D
:106B0400A41A002010B5D0E909124A60416A00F1C4
:106B140024031160C0E909334368044603B198476C
:106B2400054A936833B11279062A03D907202268EB
:106B340002499847002010BDA41A00200A0D010044
:106B44002DE9F04107460D460B4E56F80C4FB44262
:106B540002D16FF001000AE0394654F8240CA4F184
:106B64002408F9F7F5FA20B91DB1C5F80080BDE88D
:106B7400F0812468EBE700BFA41A002038B504466E
:106B840000B30068F0B10378E3B10021FFF7D8FF48
:106B9400D8B104F11C03C4E907330D4B04F12402FA
:106BA400196903F10C00A16260621A610A609D68B0
:106BB40035B11B79062B03D9072022680549A8475C
:106BC400002038BD6FF01500FBE76FF01000F8E708
:106BD400A41A00200C0D010038B5124C054621689A
:106BE40019B100200131216038BD2422204607F06C
:106BF40096FF2B682846A3602B79237104F10C03BC
:106C0400C4E9033304F11403C4E9053304F11C0398
:106C1400C4E9073300F01AF80028E5D123680133EA
:106C24002360E1E7A41A002038B5074D2C68013C25
:106C34002C6044B900F012F821462846BDE83840DB
:106C4400242207F06CBF38BDA41A002008B50248FE
:106C5400FFF794FF002008BDB40200200148FFF7AD
:106C640051BF00BFB40200200EB4431E062B33B53F
:106C740088BF0020094B05AC54F8045B53F820107E
:106C8400074804F08EFE21462846019404F087FE4E
:106C940002B0BDE8304003B0704700BF88F5000083
:106CA400680201002DE9F04F87B017469B46044661
:106CB400DDF840A000284BD0056A35B12D6825B118
:106CC400AC4607B0BDE8F04F6047E36A9F4242D844
:106CD4000026BE4203D1002007B0BDE8F08F182380
:106CE40003FB06F8D4F83090A26909EB08052B1DC4
:106CF4000593CAB9686969680368B5F80CC0C91A0C
:106D0400AB680CF1030E5D1E05EB0C155B4205EB45
:106D14004E051D4005EBCC0385680633A94228BF08
:106D24004FF0FF3106F0F0FC59F80830204602938A
:106D3400236AB1B29B6A01935AF8263000935BF838
:106D44002620059B06F059FD0028C5D10136C0E771
:106D54006FF01500C0E70148BEE700BF40F4FFFF35
:106D640010B5044690B1028D43899A4209D0084A6D
:106D7400936833B11279032A03D942680549042080
:106D840098472046BDE8104007F04EBE10BD00BF36
:106D9400A41A0020BF0D010030B544898C4212D9D9
:106DA400436A013C5D882C4003EBC40359609A603C
:106DB400BFF35B8F426A538801335380438D0133A1
:106DC4004385002030BD0148FCE700BF41F4FFFFCC
:106DD40070B4039E144658B1006A48B143B10134FB
:106DE40006D0002E04DBC46F14B1A44670BC604707
:106DF400014870BC704700BF2DF8FFFF70B4039EBC
:106E0400144660B1006A50B14BB1013407D0002E72
:106E140005DBD0F88C4014B1A44670BC604701482F
:106E240070BC70472DF8FFFF2DE9FF47DDF8348073
:106E34000E4691469A460546002876D0002974D01D
:106E4400B8F1000F71D001F16407384606F03FFE37
:106E5400BAF1FF3F49D1346E06F1500204F18000CB
:106E6400844204F01F0C07D2C4F3411152F82110DC
:106E740021FA0CF1C90736D4012104F07F0460091A
:106E840052F8203004F5806A01FA0CF104F201444E
:106E94000B4304F07F0442F8203034666B6C4A469E
:106EA40003930E9B2946CDE901830C9B3046009346
:106EB400534606F0ABFE384600F02EFD2C7874B134
:106EC40096F89C405CB1AB6A013330D1002128466E
:106ED40006F03CFE044610B1284606F00DFE20469E
:106EE40004B0BDE8F0870134BAE7BAF5806FD5D3B2
:106EF400AAF580637F2B06F150010FD8580951F889
:106F0400204003F01F0324FA03F2D2070BD401221A
:106F140002FA03F3234341F82030BFE7054C384617
:106F240000F0FAFCDBE7044CF9E7024CD7E7002455
:106F3400D5E700BF2DF8FFFF29F8FFFF08B58368E8
:106F44001A0C0AD1094A93682BB11279022A02D980
:106F5400032007499847002008BDA3F580338360C8
:106F6400180CB0FA80F04009F6E700BFA41A00201C
:106F7400E10D010038B50446E8B100F16405284686
:106F840006F095FED4F8AC309B692BB9D4F8A04038
:106F9400103C002C03DC01E0012B05D0074C2846F3
:106FA40006F083FE204638BDD4F8B40006F077FD21
:106FB400A0F11004EDE7024CF4E700BF2EF8FFFF48
:106FC4002DF8FFFF38B50446E8B100F16405284602
:106FD40006F06DFED4F8AC309B692BB9D4F8A4400C
:106FE400103C002C03DC01E0012B05D0074C2846A3
:106FF40006F05BFE204638BDD4F8B00006F04FFD25
:10700400A0F11004EDE7024CF4E700BF2EF8FFFFF7
:107014002DF8FFFF2DE9F04385B00F46904603A9F4
:107024000D9A0546994606F0E7FF0446E0B10C9E2A
:10703400039BD5F8B8009E42A8BF1E460168D0F84D
:1070440008C0611A33464A46614528BF4FF0FF31F4
:1070540006F021FB2346424639462846009606F0B0
:107064006BFF05B0BDE8F0830048FAE72EF8FFFF98
:107074002DE9F0478AB00D46DDE912971646984689
:10708400044620B9944E30460AB0BDE8F087002982
:10709400F8D0002BF6D00021A022C0F8C81007F0C9
:1070A4003EFD012204F16400114607F0EEF98B4B1A
:1070B400C4F8AC506667AC62E367894BC4F88030AF
:1070C400884BC4F88430884BC4F88830874BC4F8A4
:1070D4008C30874BC4F89030864BC4F89430864B80
:1070E400C4F89830AB693BB9002FCBD097E80700C0
:1070F40004F1A00383E80700AB69012B04D02B6AD9
:1071040003BB6FF00506BEE7D4F8AC00002800F01E
:10711400E080036A002BF4D09B68002BF1D09847E1
:1071240042060CD50021D4F8AC0006F0AEFD0646AC
:107134000028A8D10021212007F05EFBE4E74307E3
:10714400F8D5DCE71B69002BDBD028469847AB69F0
:10715400012B04BF0023286100F0010008BF6B610C
:1071640084F89C00AB69DBB93B7A002B00F0838088
:1071740009F10C03C4F8BC30B9F1000F82D0D9F87E
:107184000820002A00F0A3809B68002B00F09F8059
:107194005A4B04935A4B05935A4B06935A4B0793F5
:1071A400AB69012B07D1564B0493544B0593564BB3
:1071B4000693544B0793002104F1C003C4E9303310
:1071C40006ABC4F8B880022200932846019104ABB0
:1071D400FFF768FD064600287FF455AFAB693BB95D
:1071E4002B6B1B68C4F8B0302B6B9B69C4F8B430AC
:1071F400AB69012B07D12B6B9B69C4F8B0302B6BA7
:107204001B68C4F8B430D4F8B40006F0E4FB2B6B6C
:107214001B68C3F82C802B6B9B69C3F82C80D5F8B2
:1072240018A0BAF1000F07D1D4F8A4300993D4F808
:10723400B0305B89534520D894F89C30C4E90044AD
:1072440063B100230293314B204601933523304A26
:107254000394009304F1080106F0D8FCAB69002BF9
:107264007FF411AF0421284606F00FFD07460028DD
:107274003FF409AF26E04B467CE74846D4F8A41017
:1072840006F0ABFE0746E0B1D8F800100890411AAA
:10729400D8F808000022814228BF4FF0FF31D4F80B
:1072A400A430404606F030FA009701230022D4F8B7
:1072B400B00008A906F0CEFA074618B90AF1010A87
:1072C400B5E7144F284606F0D9FC3E46DBE6114EDE
:1072D400D9E66FF01506D6E62DF8FFFF1970000009
:1072E40007DD00003FDE0000FDDF00003DDF0000A1
:1072F400BFDC0000C96F0000796F0000020E0100BE
:10730400080E010073DE0000ADDC00002BDD000080
:107314000E0E01002EF8FFFFF0B505460E46174687
:1073240087B0074A03AC07CA84E807000C9A3146C1
:10733400009228463A460194FFF79AFE07B0F0BD42
:1073440064F2000010B50446FAF740FA034801213C
:10735400034A05F0FCF8204606F04CFF78F10000E3
:10736400110E01002DE9F84304460D4600AFEFF37A
:107374001188202383F31288BFF36F8F04282A4ACD
:1073840098BF2A4BE9468AB09668117C98BF53F897
:1073940020306A4688BF264BCDE9073140F20133DD
:1073A4002448ADF82430244BCDE9050442F8103FBD
:1073B40000234FF431512148FAF7D6FACD4645B1AE
:1073C400EB69C3F3080323B101211D4A1B4805F0EF
:1073D400BEF82EB1304607F052F908B1037803B96C
:1073E4001848E9468AB06A46174B0790CDE9053636
:1073F40040F20133ADF82030144B42F8103F002323
:107404004FF411510D48FAF7AFFA2946CD462046FC
:10741400FFF798FF88F31188BFF36F8F3046FBF7AF
:1074240053FABD46BDE8F883C81A0020A8F5000049
:10743400200E01002E0E01000500000178F100006D
:10744400560E010029020100770E0100040000011C
:1074540038B50A4B53F82040013053F82050A54268
:1074640000D838BD606830B1037EDB0701D406F074
:107474009EFE0834F3E723689847FAE7BCF500005A
:10748400012270B52A4B86B003201A70FFF7E0FF83
:10749400FBF740FE07F0CFFA0420FFF7D9FF254C95
:1074A400254D2646AE4204F130040FD300F0ACFE65
:1074B400204CAC4226D300F0BBFEF8F763FE1F4A13
:1074C400938923F00103938106B070BD54F80C3CFA
:1074D400059354F8103C049354F8143C039354F863
:1074E400183C029354F81C3C019354F8203C00933C
:1074F40054E90A2354E90C0100F066FC54F8303CCA
:107504005E65CEE7D4E90A23B3F1FF3F08BFB2F1C9
:10751400FF3F05D052EA0301206803D107F085F943
:107524003034C6E70649183001F0B8F8F8E700BF70
:10753400D523002064F0000064F000005010002007
:107544005FE70000B02370B5144E86B003FB0066FD
:10755400134B012205930F23CDE903320023CDE918
:10756400013314234FF4A0720E4D0F4903FB005551
:10757400044602FB00110D4B3046009500F024FC3C
:10758400337C2C7423F004033374094B013403EB70
:10759400C423EE606B6006B070BD00BFA00F002076
:1075A400D90E0100C81A0020383A00201FE3000059
:1075B400383200207FB50020FFF74AFF2A4B03F53D
:1075C400006282F3088883F30A880024E023274DAD
:1075D40085F82230EC772C766C76AC7685F82040F2
:1075E4006B6A43F4E0236B6285F82340FBF718F8D9
:1075F400FBF754F94FF0FF33AB62EB62FBF74EFB42
:10760400FBF7D0F9FAF740F8194800F06FFCFBF7E4
:1076140063FD0120FFF71CFF0220164DFFF718FF42
:1076240000F030FE144B4FF400625D61134B1449BB
:10763400059301232846CDE90343CDE90144114BC9
:10764400009400F0C1FB06462B7C284623F004037B
:107654002B7407F04EF82046FFF774FF3146284696
:10766400084AFBF7F9F800BF3832002000ED00E0CB
:107674000011002050100020C81A0020DE0E010066
:10768400783B00208574000038B5064C064DAC42AA
:1076940001D3002038BD2046D4E9011206F0B2FD22
:1076A4001434F4E7F00300200404002038B5074C38
:1076B400074DAC4201D3002038BD204606F0C6FD7C
:1076C40008B91C34F5E76FF01500F5E7F003002066
:1076D400F003002073B50C46EFF31181202585F3E8
:1076E4001288BFF36F8FC5685DB125602B68C360D6
:1076F400836901338361002081F31188BFF36F8FA5
:1077040011E052EA030603D16FF00B002560F3E7A2
:10771400CDE900230246083000F0D4FC18B9034B2D
:107724009B685B69236002B070BD00BFC81A00206B
:107734002DE9F341044617461E46EFF31188202332
:1077440083F31288BFF36F8F304BC2689B6872B1AA
:107754008068984217D057EA060216D188F3118838
:10776400BFF36F8F6FF00F0002B0BDE8F08193F9A3
:107774000E1001322161C4E9023288F31188BFF38B
:107784006F8F0020F0E72169F3E793F90E1090F969
:107794000E30994230DA9942A8BF194606F0C8FD66
:1077A400054622464146CDE90076194800F08AFC98
:1077B4000028E6D0EFF31186202383F31288BFF369
:1077C4006F8FA068D0B1236821699C420AD04BB165
:1077D40093F90E309942A8BF19466FF07F0399427E
:1077E400B8BF194606F0A4FD40B13146084806F07A
:1077F400DAFF6FF00A00B7E70025D2E7002DF4D1D5
:1078040086F31188BFF36F8FF3E700BFC81A002017
:10781400D6230020F8B583680546002B40D0234AC0
:10782400926893423FD1C368012B03D9013BC360E3
:107834000020F8BDEFF31187202383F31288BFF3F0
:107844006F8F0169806806F073FD2C68A54207D12B
:107854000023C5E9023387F31188BFF36F8FE7E78D
:10786400002CF5D0D4E90032002613605A60237C42
:10787400C4E9006623F002032374A66004F118002F
:1078840007F02DF8AC6094F90E3020462B61C4F853
:10789400AC6006F02EFF3946054806F084FFC7E7C2
:1078A4006FF01500C5E74FF0FF30C2E7C81A00209B
:1078B400D623002037B51146EFF31185202282F339
:1078C4001288BFF36F8F04689CB12368426823F069
:1078D40003039442036008BF43600121204606F07D
:1078E400ABFD044685F31188BFF36F8F204603B0C8
:1078F40030BD51EA0302F5D000F10802CDE90013CE
:107904001046294600F0DEFB0028EFD1014B9B68AE
:107914005C69EBE7C81A002070B5EFF311862023E9
:1079240083F31288BFF36F8F0468A0421BD0D4B1D5
:10793400D4E90032002513605A60237CC4E9005561
:1079440023F002032374A56004F1180006F0C7FFB6
:107954002046C4F8AC5006F0CCFE3146BDE8704079
:10796400064806F020BFD0E902329A4218BF01331C
:10797400836086F31188BFF36F8F70BDD623002018
:1079840013B5EFF31181202484F31288BFF36F8FB2
:10799400846844B1013C846081F31188BFF36F8F24
:1079A400002002B010BD52EA030406D181F311880D
:1079B400BFF36F8F6FF00F00F3E7CDE900230246AA
:1079C400014800F07FFBECE7D62300202DE9FF41BE
:1079D40004462027534EEFF3118887F31288BFF330
:1079E4006F8FD4F8B450F5B9022104F1CC0006F03D
:1079F40058FD002870D004F1C40500220121284656
:107A040006F033FF0028F8D100234FF0FF32029331
:107A14004FF0FF334146CDE90023434804F1BC0253
:107A240000F05EFDD7E7D4F8B8202B689542C4F87F
:107A3400B43008BFC4F8B830D4F8CC3043F00203F3
:107A4400C4F8CC30EB6823F0040343F00103EB608B
:107A54006B6888F31188BFF36F8F28469847EFF35C
:107A6400118887F31288BFF36F8FEB68D80623F071
:107A740001023ED4EA60EB689A0717D5306823F018
:107A84000203EB6090B10021036878B1426895422B
:107A94003DD10368002934D172683360904200D12B
:107AA4007360002340F8083BFFF736FFD4F8CC306E
:107AB40023F00203C4F8CC30DB0530D4D4F8B4305E
:107AC400003B18BF012388F31188BFF36F8F002B8D
:107AD40081D000F0DFFB7EE7D4F8CC30D90693D513
:107AE400C4F8CC0088F31188BFF36F8F04B0BDE8ED
:107AF400F08123F01103EB6005F11000FFF70CFF98
:107B0400B9E70B607368984208BF7160C9E7014622
:107B14001BB11A6818461346B7E71A46FAE700235A
:107B2400D1E700BFEC1A0020D6230020F8B5C368C3
:107B340004469A070E46C3F3400542D45F0742D475
:107B44000B680BB983680B60E368D80742BFA3686E
:107B540002253360376858BF012557B31B4B9A6819
:107B6400D7F8B0309A421ED106F083FD80F00100B0
:107B7400C0B2D7F8CC30D907C3F380021CD5F2B118
:107B8400F8B100232360D7F8B83073B9C7E92D449E
:107B9400384606F0A1FCE36843F00403E36033686D
:107BA400A3602846F8BD0020E3E71C60C7F8B8408E
:107BB400EEE76FF0150506E06FF0120503E01B0712
:107BC400DFD56FF00F0500233360EAE7C81A002001
:107BD400F8B5C368064603F00503002B0C4614BF32
:107BE400012700271CD085680122002104F1100020
:107BF40006F04BFC2046134906F0CFFCE36843F043
:107C04001003E360F3685B0712D5336823606BB934
:107C1400D5F8B83033B9C5E92D44284606F05CFCE4
:107C24003846F8BD1C60C5F8B840F6E73460F4E7A0
:107C3400D5F8B4302360D5F8B830C5F8B440002B7B
:107C4400EBD1F0E7BDE400000146014806F0C1BCF9
:107C5400D0110020F0B50446002089B00E9DC4E97F
:107C64002D0004F1BC00C4E92F0004F1C400C4E9F0
:107C7400310055B32879002840F2011008BF0120D3
:107C8400C4F8CC0000204FF0FF364FF0FF37CDE9A9
:107C94000330CDE90100CDE9066720460C4B009482
:107CA40000F0F8F855B1296811B1204600F07CF8CD
:107CB4006B791BB1A38943F00103A381204606F02D
:107CC400B4FDC4F8B04009B0F0BD0120D8E700BF4E
:107CD400D179000030B5044685B0EFF31185202238
:107CE40082F31288BFF36F8FD0F8CC2012F0060F06
:107CF40008D1F9B9D0F8B40028B985F31188BFF3D5
:107D04006F8F15E0B1B942F004022046C4F8CC20CC
:107D140006F0E2FB00234FF0FF3202934FF0FF33F3
:107D24002946CDE90023054804F1C40200F0D8FB3C
:107D340005B030BD42F00C02E7E700BFD6230020B7
:107D4400F7B50C4616461D460190EFF31187202324
:107D540083F31288BFF36F8F084606F0AEFB55EA33
:107D6400060309D1204601A9FFF7E0FE87F3118835
:107D7400BFF36F8F03B0F0BDE368324643F00803EE
:107D8400E360019B0449A36204F110002B4600F058
:107D940085FC0120EAE700BF51E5000001460148E7
:107DA400FFF7CEBFD011002010B5044608B9054B2B
:107DB4009C681F2204F1740006F0E2FE002084F89F
:107DC400930010BDC81A00202DE9F04F984685B0E5
:107DD40000F15803C0E91633129B00258381042364
:107DE400D61D26F007060374119B01EB060A0F4605
:107DF400C0E90655514685608373C5730446DDF8B2
:107E040038B0DDF84C90FAF7D1F9109B073020F028
:107E14000700C4E92576C4F89C0002930F9BAAEBE3
:107E24000006CDE900B33246434639462046FAF708
:107E3400F7FC0F9BC4E9188BA366109B6565E3668A
:107E4400EFF31183202282F31288BFF36F8F104F58
:107E54003A6A3C62226783F31188BFF36F8FB9F1EA
:107E6400000F11D01F22494604F1740006F088FE69
:107E740084F89350BB680BB1D3F8A0303046C4F8F3
:107E8400A03005B0BDE8F08F84F87490F2E700BF2D
:107E9400C81A0020F0B5002587B00595109DDDE9CE
:107EA400127604950F9D044603950E9D02950D9D33
:107EB40001950C9D0095FFF787FFB6F1FF3F08BFC2
:107EC400B7F1FF3F05D056EA070305D1204606F077
:107ED400ACFC204607B0F0BD3A46334604F1180026
:107EE400014900F0DBFBF4E75FE70000012310B574
:107EF4000374838100230446C0E9253300F0E6FDC2
:107F0400014B9C6010BD00BFC81A00206FF00A012D
:107F1400094A9368C3F8AC100849C3F8A8004B6831
:107F240043F080534B60002383F31188BFF36F8FBA
:107F34009368D3F8AC007047C81A002000ED00E045
:107F440070B590F91020037C002A2FDBD9062DD1BF
:107F54001A4C63F07F032246037452F8183FE16918
:107F6400934207D1C0E900210860E0610FE0994223
:107F7400F8D01B68002BF5D093F90E6090F90E50E1
:107F8400AE42F4DD5968C0E9003108605860A56963
:107F9400954200D005B9E568A3681A7CD20606D1DB
:107FA400DA897F2A03D9AA690AB9636170BDAB4231
:107FB40002D0284600F0D6FA6561F7E7C81A002017
:107FC40038B590F910200146002A037C04DA03F046
:107FD4007F03037406F055FB0D4D2A4652F8184FE3
:107FE400AB68944200D004B9EC688B4207D01A7C89
:107FF400D20604D1DA897F2A01D9A2692AB1A3421F
:1080040002D0204600F0AEFA23466B6138BD00BFB3
:10801400C81A0020B3F1FF3F08BFB2F1FF3F03D0FD
:108024000249183000F03ABB704700BF5FE7000018
:10803400034648B9EFF3058232B9064A516992689A
:10804400914201D0FFF762BF83F31188BFF36F8FB2
:10805400704700BFC81A002038B5184CA168E06901
:108064000B68814214BF1A46002249680B605960AC
:10807400A368E1692AB9124AC3E900210B60E361EC
:108084000AE092F90E5093F90E00854212DD516810
:10809400C3E900210B605360A569094B9D4200D0E0
:1080A40005B9E568A3689D4202D0284600F05AFA53
:1080B400656138BD8A42DED01268DBE7C81A002049
:1080C400E01A0020F8B5DDE906670D4B0C46986808
:1080D40011460C4A1060EFF31182202282F31288B9
:1080E400BFF36F8F9D68284606F0DDFA28463246B6
:1080F4003B46FFF78FFF2046BDE8F840FFF706BF79
:10810400C81A0020F41A0020F8B50446EFF31187CA
:10811400202383F31288BFF36F8F037C49B203F0EB
:108124001F02002A0CBF0126002635D103F07F036D
:108134002A4D037406F0A5FA2A46037C817363F082
:108144007F03037452F8183FE869934207D1C4E9E6
:1081540000200460EC610DE09842F8D01B68002B0D
:10816400F5D093F90EC08C45F6DD5968C4E90031A9
:108174000C605C60AC69944200D004B9EC68AB68F4
:108184009C4202D0204600F0EDF96C6187F311881F
:10819400BFF36F8F3046F8BD9B071CD5856806F08A
:1081A40070FA81732B689D4209D16B68C4E900534E
:1081B4001C606C60EAE76A689A42F6D01B68002B80
:1081C400F3D093F90E208A42F5DD5A68C4E90032EF
:1081D40014605C60DAE78173D8E700BFC81A002036
:1081E400034648B9EFF3058232B9064A51699268E9
:1081F400914201D0FFF78ABE83F31188BFF36F8FDA
:10820400704700BFC81A0020EFF31181202383F3C5
:108214001288BFF36F8F054B9A68D37B013BD373EE
:1082240081F31188BFF36F8F704700BFC81A002015
:1082340070B5EFF31186202383F31288BFF36F8F99
:108244000F4DAB68DA7B0132DA732A4652F8184FC5
:10825400944200D004B9EC681A7CD20604D1DA89BD
:108264007F2A01D9A2692AB19C4202D0204600F09B
:1082740079F923466B613046BDE87040FFF7D8BEFC
:10828400C81A0020024B03F11802C3E90622704702
:10829400C81A002070B5EFF31186202383F31288E7
:1082A400BFF36F8F1A4CA168E0690B68814214BF59
:1082B4001A46002249680B605960A368E1692AB92B
:1082C400144AC3E900210B60E3610AE092F90E50FD
:1082D40093F90E00854216DD5168C3E900210B6055
:1082E4005360A5690B4B9D4200D005B9E568A368AE
:1082F4009D4202D0284600F035F965613046BDE85C
:108304007040FFF703BE8A42DAD01268D7E700BF95
:10831400C81A0020E01A0020F8B550EA0103064606
:108324000C4603D1FFF7B6FF0020F8BDEFF3118729
:10833400202383F31288BFF36F8F124D124BA8686A
:108344001860FFF73DFEA868234632460F491830EF
:1083540000F0A4F9AA680446137C384643F00403E9
:108364001374FFF7D3FDAB68D3E90A23B3F1004FCD
:1083740008BF002AD8D106F0E7FA201A20EAE070F4
:10838400D3E700BFC81A0020F41A00205FE70000FA
:10839400014B9868704700BFC81A00202DE9F843C4
:1083A40004468789EFF31186202383F31288BFF3F1
:1083B4006F8F037C190705D586F31188BFF36F8F80
:1083C400BDE8F883D90943F0080272D10274A368A6
:1083D40013B1204606F05DF904F1180006F07FFAA7
:1083E400A56D04F15808A84511D04FF0000975B1E6
:1083F400284606F04EF905F1180006F070FA2846F2
:10840400C5F8AC90FFF79CFDA56DA845EFD1DFF84A
:10841400C480D8F808309C4253D1EFF30589B9F1F0
:10842400000918BF4FF00109D8F818502A4A95429C
:1084340000D00DB9D8F80C50AB4202D0284600F059
:1084440091F82046C8F8145004F06CF9204600F066
:10845400D9F8B9F1000F02D02048FFF747FDD8F84A
:1084640008309C4230D1EFF305836BBBA289D2075D
:1084740011D586F31188BFF36F8F83F31188BFF38F
:108484006F8F0423184602DFEFF31186202383F352
:108494001288BFF36F8F3046FFF738FDFB078FD587
:1084A400002383F31188BFF36F8F0423184602DF80
:1084B40086E703F07F0343F00803037406F0E1F852
:1084C40085E74FF00009AFE786F31188BFF36F8F9C
:1084D400E4E700BFC81A0020E01A002000110020C1
:1084E400D3B5DDE90667089CCDE90067FFF7EAFD2F
:1084F4001CB1034B9B685B69236002B0D0BD00BF15
:10850400C81A0020027C034612F01F0210D10A4947
:1085140088420DD00949086868B1D9897F2909D8EA
:1085240093F90E20064B1B689A42B8BF002070478F
:108534000020704710467047A00F0020E002002082
:10854400F81A00200122044BC01A044BC0105843EF
:10855400034B1A54704700BFB0110020ABAAAAAA5B
:10856400D623002070B50C4B0C4D1E7CFFF7CAFFC0
:10857400182303FB06550446284606F0B0F90022EA
:10858400074B9A553CB1621E2846BDE87040054928
:10859400D31700F083B870BDC81A0020B0110020B2
:1085A400D62300204985000038B5EFF31185202338
:1085B40083F31288BFF36F8F0F4B104A9C681068C7
:1085C400A04206D1FFF7CEFF85F31188BFF36F8F6A
:1085D40038BD00211B7C1160094AD35C002BF3D009
:1085E4002046FFF78FFF0028EED0237CDB0601D165
:1085F400FFF732FD2046E5E7C81A0020F41A0020F0
:10860400D6230020EFF31181202383F31288BFF3D4
:108614006F8F0A4A136A834207D11B6F136281F377
:108624001188BFF36F8F70471346002BF7D01A6F72
:108634008242F9D1026F1A67F1E700BFC81A00201D
:10864400024B1868984208BF00207047E4020020DB
:10865400034B1B680BB9FDF7BFBC0020704700BF7C
:10866400FC1A002030B570B10B4B5B6898420AD0FD
:10867400036843B1D3E90421D0E90445121941EB5D
:108684000501C3E90421D0E9003213605A600023D4
:10869400C0E9003330BD00BFE4020020B3F1FF3F66
:1086A40008BFB2F1FF3F2DE9F84F0446994615463D
:1086B4001F467AD08160EFF31188202383F3128858
:1086C400BFF36F8FB9F1000FDFF8E4A020DBFFF7F1
:1086D400BFFFDAE90027013549F100092D1849EBFC
:1086E400E07306464FF00109C4E90453AD1843EBA7
:1086F4000707FFF7A5FF0346DFF8B8E0DEF804A09C
:10870400EBB9C4E900EACAF80040CEF8044028E016
:108714006FF00103DAE900125B1A4FF0FF3161EBED
:1087240002025B1B62EB0902012B72F10001BCBF68
:10873400012300224FF00009C0E90432D9E7D3E94C
:10874400041CD4E904208A4270EB0C0B24DA891A45
:108754005A686CEB0000C3E90410C4E900321460E9
:108764005C60FFF76DFF84420ED1134B1B685BB94D
:10877400B9F1000F02D1FFF76BFF0646304606F051
:1087840097F80021FDF7FAFB88F31188BFF36F8F88
:1087940028463946BDE8F88F521A60EB0C00534561
:1087A400C4E90420ADD01B68AAE700252F46EFE7F3
:1087B400C8110020E4020020FC1A00202DE9F04733
:1087C400DFF8A8900246C9F800000D46FFF738FF0D
:1087D40000260027DFF898804FEAE27ED8E90013EC
:1087E40050B1D0E9044CA2427EEB0C0A1ADAA41A66
:1087F4006CEB0E06C0E904460024521843EB0E034A
:108804002046C8E90023C9F8004006F051F8214683
:10881400FDF7B4FB85F31188BFF36F8FBDE8F04714
:10882400FFF7C2BE611843EBE473C0E90467C8E90B
:108834000013FFF717FF01224FF00043C0E90423A0
:1088440085F31188BFF36F8F83689847EFF3118521
:10885400202383F31288BFF36F8FD9F80020121BF3
:10886400C9F80020FFF7ECFEB6E700BFFC1A0020B1
:10887400C811002010B5EFF31184202383F312886C
:10888400BFF36F8FFFF7E4FE0346054AD2E9000108
:10889400181841EBE37184F31188BFF36F8F10BD97
:1088A400C8110020F8B50446EFF31187202383F3A1
:1088B4001288BFF36F8FD0E90423B3F1004F08BFD0
:1088C400012A04D087F31188BFF36F8FF8BDD0E974
:1088D4000A566A1C46F10003022A73F1000334D3DA
:1088E400013D46F1FF36002EBCBF00252E4606F0A2
:1088F4002FF8013041F10001401946EB0101012834
:1089040071F1000148DB06F023F86FF00203013037
:1089140041F10001401946EB010183426FF000432D
:108924008B413EDB06F014F8013041F100016FF099
:108934000102401946EB01034FF0FF31121A61EBBB
:10894400030320461949FFF7A9FE236B0133236370
:10895400236A63B187F31188BFF36F8F204698476A
:10896400EFF31187202383F31288BFF36F8F54F83A
:10897400185FA542A6D0002DA4D0284605F0C8FE55
:108984000023C5F8AC3087F31188BFF36F8F2846F6
:10899400BDE8F84005F0ADBE6FF001024FF0FF33C3
:1089A400CFE700224FF00043CBE700BFA9880000C7
:1089B4002DE9F04105461C4690461F46EFF311860B
:1089C400202383F31288BFF36F8FB4F1FF3F08BFF6
:1089D400B2F1FF3F05D186F31188BFF36F8FBDE875
:1089E400F081002C09DB012A74F10003BCBF0122D1
:1089F400002412F1FF3844F1FF37284605F06FFFD9
:108A0400DDE906010023C5E90A012B6342463B4622
:108A140028460249FFF742FEDDE700BFA9880000AF
:108A240070B50546EFF31184202686F31288BFF350
:108A34006F8F05F054FF20B184F31188BFF36F8F5B
:108A440070BD6B6A63B184F31188BFF36F8F2846DE
:108A54006B6A9847EFF3118486F31288BFF36F8F24
:108A640005F1180005F089FE0028E5D005F041FE67
:108A74002146BDE87040014805F095BED72300208B
:108A84002DE9F04105460E46174605F0F2FD30B9D2
:108A9400074B9B68D3F8A04014B9BDE8F081054C9E
:108AA4003B46324629462046BDE8F04105F0A4BFC6
:108AB400C81A0020F003002002460021014B02489E
:108AC40005F09ABF59B80000F0030020014BC0F82C
:108AD400A0307047F00300200146024A0020FFF74F
:108AE400CFBF00BF59B8000007B5074B4FF4006271
:108AF400009306494FF0FF330548FFF7ABF8002019
:108B040003B05DF804FB00BFD4F50000C05300209F
:108B1400D011002001680E4A0346914215D1C16963
:108B2400A2F11022A2F1EF1291420ED18268012A21
:108B34000BD8C26812B101698A4206D0586928B1BB
:108B44009B691B1A5842584170470120704700BF67
:108B540055AA00FF70B50E4B9E68B6B13046FFF7BC
:108B6400D9FF044618B9F3687BB935690DB92046B5
:108B740070BD2846FFF7CEFF28B9EB68B34204D195
:108B84002E462D69F2E70446F1E70124EFE700BF22
:108B9400001B00202DE9F041404D064668698846D7
:108BA40000F04CF918B100242046BDE8F0812C688F
:108BB400DCB1AC68CCB1002E6AD0B8F1000F69D03A
:108BC40008FB06F7B7FBF6F6B04565D1391D63D847
:108BD400BA0710D027F003020432EC6803E061689E
:108BE40091420AD2A469002CF9D1686900F030F9E5
:108BF4000028D9D0D7E73A46EFE7D4F808C0BCF14B
:108C0400000F02D0012005F092FF891A232904F1F4
:108C140020061CD80123A360D4E90523AAB19361DB
:108C2400A3690BB162695A610023C4E905332B6956
:108C3400DB0703D5FFF78EFF0028E3D13A46002176
:108C44003046344605F06BFFCFE7EB60E8E702F10E
:108C5400200023182039C3E9011CDC602169DFF8F6
:108C640040C0196144F800C00E48D86101B1CB601E
:108C740061695961A069986141B18B61996901B1D8
:108C84004B6101212361C4E90121CDE7EB60F5E7E4
:108C94003446AAE74446A8E70446A6E7001B00209A
:108CA40055AA00FF669911EE70B5424E05467069EB
:108CB40000F0C4F800287BD1002D5FD03368002B6E
:108CC4005CD0B268002A59D09D4203D37268134421
:108CD4009D4202D3012005F02AFFA5F1200420467D
:108CE400FFF718FF0028F5D155F8183C012BF1D1F6
:108CF40055F8143C45F8180CC3B19A68002A42D1BF
:108D040055F81C2C02F120015A680A445A6055E9AE
:108D140005321A6155F8145C2B6903B1DD602046F5
:108D24002022002105F0FBFE23462C462069002862
:108D340036D08268002A33D16368426820331344F2
:108D4400636003692361D4E90523F2B923BB436952
:108D540063618269A2610BB39C61A36903B15C6125
:108D6400236903B1DC602022002105F0D8FE3369B9
:108D74009B0703D5FFF7EEFE0028ABD17069BDE871
:108D8400704000F065B80023D0E79361A369002B1D
:108D9400DDD062695A61DAE7F360F7E7F460DCE793
:108DA400002BE4D1F368A36103B15C61F460DEE7F6
:108DB40070BD00BF001B002070B50C46164E142277
:108DC40000210546304605F0AAFE1448706100F003
:108DD4002DF81349134800F04BF8232C1BD915F038
:108DE40003031FBF043CE418C3F10403ED18224637
:108DF4000021284605F093FEC6E90054203CB560E6
:108E04006C60B368084A1A60B368A2F11022A2F138
:108E1400EF12DA61F36070BD001B00203C1A0020E1
:108E2400AD8C0000998B000055AA00FF024B1B6813
:108E340003B11847704700BF10030020034B9B6821
:108E440003B118476FF01D00704700BF10030020E6
:108E5400034BDB6803B118476FF01D00704700BF78
:108E640010030020014B1B68184700BFEC020020D0
:108E7400024B1860024B002019607047F00200207A
:108E8400EC02002010B50A46044619B1024B002139
:108E94001B68984710BD00BFE0F5000038B50C4CC6
:108EA4000C48FFF7CBFF65780A48FFF7D1FF0A4863
:108EB400FFF7C4FF022D08D12478E31F5C425C4114
:108EC4000548FFF7C5FF204638BD0024F8E700BF7A
:108ED400181B0020481A0020541A002038B50446F4
:108EE4000D46FFF7DBFF30B12A462146BDE8384086
:108EF400024805F0DBBD6FF0880038BD1C1B002064
:108F040010B51B4C1B48FFF799FF2378590744BF42
:108F140003F0FB0323709A0705D500F0B1F823781A
:108F240023F0020323701348FFF792FF1248FFF760
:108F340085FF637813B1114805F0C9FD00230421AE
:108F44000E486370FFF79EFF0B48FFF781FF094847
:108F5400FFF774FF2378DB0705D505F0A4FD23781C
:108F640023F0010323700348BDE81040FFF770BFEE
:108F7400181B0020541A0020481A00201C1B002033
:108F840070B5FFF78BFF10B10024204670BD344844
:108F9400FFF754FF044620B16FF08F04FFF7B0FFD2
:108FA400F3E7304D2B789E0706D400F061F80446B1
:108FB4002B7843F002032B702948FFF749FF10B1C7
:108FC400002CE9D0EAE7002CE8D12548FFF736FF6A
:108FD40004460028E0D12B78D80706D405F061FDBB
:108FE40004462B7843F001032B701D48FFF730FF34
:108FF4000028E5D1002CD1D11948FFF71FFF002824
:10900400CAD117482E78FFF723FF0028C4D1164889
:10901400FFF714FF04460028BED16B783BB9F10773
:1090240005D5124805F040FD022304466B700E4836
:10903400FFF70EFF0028C3D1002CAFD10848FFF77B
:10904400FDFE0028A8D12B7805485A075CBF43F0E1
:1090540004032B70FFF7FCFE002895D09CE700BFAB
:10906400541A0020181B0020481A00201C1B002042
:109074000122024B002083F8C0227047201B0020ED
:109084002DE9F0410A4C002526464FF0010803273C
:109094002046C4F820802777013505F0E5FC102D23
:1090A40004F12C04F4D1002386F8C032BDE8F08129
:1090B400201B002010B50C4C236813B10B4B1B680C
:1090C4002BB900F041FF30B90122084B1A6001238B
:1090D4002360002010BD0138072801D9044810BDC1
:1090E400044B53F8200010BDE81D0020E41D0020AF
:1090F400FE8FFFFFE4F50000BFF34F8F0549064BD9
:10910400CA6802F4E0621343CB60BFF34F8F00BF21
:10911400FDE700BF00ED00E00400FA0530B44FF0B5
:10912400FE3200250B4B0C4C0C494968C3F8002453
:10913400C3F80424C3F80824C3F80C24C3F8102487
:10914400C3F81424C3F81824C3F81C24C4F8005525
:1091540030BC08470050845000408450F402002082
:10916400024BD0E90012C3E900127047F402002058
:109174000B4670B58CB006461446202103AA04A8F9
:109184001D4600F0B7F9002835D1039B202B32D1BE
:109194004FF0FF31194800F08BFF40BB002000F076
:1091A400B7FF00BB00942B46202206F1100004A94F
:1091B40000F096FC0446012000F0AAFF78B90F489D
:1091C40000F07EFF38B9B4B9202104A800F04EFFA6
:1091D40020460CB070BD0A48FFF7A0FFF3E709482A
:1091E400FFF79CFFEBE70748FFF798FFDAE704482F
:1091F400FFF794FFD2E7044CEAE700BF80030020A6
:1092040004F600001CF60000FE8FFFFFF0B50446D4
:109214000E4615468FB0002859D03E4B02689A423C
:1092240064D00DB1002969D027464FF4A0713846A7
:1092340000F01CFF202106A805AA00F05BF9002815
:109244005FD1059B202B5CD14FF0FF31324800F0F9
:109254002FFF70BB002000F05BFF30BB00230295A2
:109264002022019606A907F11000009300F0DAFA13
:109274000546012000F04CFF98B9274800F020FF74
:1092840058B9002D41D1202106A800F0EFFE214B52
:109294003B609CB128460FB0F0BD2048FFF73EFF6D
:1092A400EFE71F48FFF73AFFE7E71D48FFF736FFF0
:1092B400D4E71A48FFF732FFCCE70025194800F03D
:1092C400FFFE0028E6D01548FFF728FFE2E74FF03D
:1092D400FF31144800F0ECFE60B9134B0D4A1B68D3
:1092E4009342EAD005B196B10F4F9EE70025284678
:1092F4000FB0F0BD0948FFF711FFEEE76FF4E0454A
:10930400C8E7202106A800F0B1FE084DC1E76FF4BC
:10931400E045D3E7A5BCC95A8003002004F6000049
:109324001CF600006C030020EC1D0020FE8FFFFFE4
:109334002DE9F04F83B0002B00F0C7801D460023B9
:109344000446884617462B608AB1002900F0BD8088
:10935400002800F085805E4B02689A4244D1B7F53C
:10936400806F0AD95B4E304603B0BDE8F08F002809
:1093740076D0574B02689A4236D1A146D9F8383193
:109384001BB1D9F83020934235D94FF0FF31524800
:1093940000F08EFE00287CD1002000F0B9FE0028E9
:1093A40073D1002309F1100A4FEAC70B424659460C
:1093B4005046009300F09AFA0646012000F0A8FEF9
:1093C40000285ED1444800F07BFE002855D11F2EB2
:1093D4001AD076B92F6044B9404800F071FE20B12C
:1093E4003F48FFF79BFE00E03E4E304603B0BDE829
:1093F400F08F3D4EEFE7002248461146FFF7B8FED6
:1094040006460028C1D0E6E7002248461146FFF789
:10941400AFFE06460028DED14FF0FF312E4800F0A3
:1094240047FE00284DD1002000F072FE002844D1F0
:109434000023424659465046009300F057FA064628
:10944400012000F065FE002833D1234800F038FEE7
:109454000028BED02248FFF761FE002EBAD0C8E72C
:109464004FF0FF311D4800F023FED8B91F4B1A6896
:10947400174B9A4211D01B4EAEE71948FFF74EFE28
:10948400A5E71B48FFF74AFE9CE71948FFF746FE8D
:1094940087E71348FFF742FE7EE7B7F5806F05D9EB
:1094A4000C4E99E70E48FFF739FEDFE7DFF83C90F2
:1094B40064E70F48FFF732FEC7E70D48FFF72EFEBB
:1094C400B6E70748FFF72AFEADE76FF4E0468CE7FE
:1094D400A5BCC95ADE8FFFFF800300206C03002067
:1094E40004F60000E88FFFFFFE8FFFFFEC1D002055
:1094F4001CF600002DE9F047DFF89CA080460D46DD
:10950400DAF800004FF0FF31914600F0D1FDA8BB1E
:10951400002000F0FDFD68BBC5B100261F4F0AE026
:10952400182D2C4628BF18243946224600F09CFDED
:109534002D1B26440BD01821384600F027FB034688
:1095440008EB0600002BEBD0154C03E02E4600245C
:10955400C9F800601148182100F088FD012000F0CE
:10956400D7FDA8B9DAF8000000F0AAFD50B92046EA
:10957400BDE8F0870B48FFF7D1FDCDE70A48FFF7B8
:10958400CDFDC5E70848FFF7C9FD2046BDE8F087D3
:109594000448FFF7C3FDE5E7700300202C1F0020FB
:1095A400FE8FFFFF1CF6000004F6000010B5044611
:1095B40050B1636813F0685F05D0064A934202D045
:1095C40000236260236010BD034B04485B68984726
:1095D400EFE700BF2C5F5CA9F40200203CF600001A
:1095E400C8B143680D4A934213D013F0685F0ED09C
:1095F400012350E8002F194640E8001C9CF0000F9E
:10960400F7D1012AF5D0BFF35F8F002070470448DB
:109614007047044870476FF4E04070472C5F5CA9C2
:10962400E98FFFFFEA8FFFFF034680B142680949D3
:109634008A420AD012F0685F05D0BFF35F8F002220
:1096440010461A60704704487047044870476FF426
:10965400E04070472C5F5CA9E98FFFFFEA8FFFFFB2
:1096640010B5044620B10023034A2360626010BD94
:109674000248FFF753FDF6E73A00003A64F60000AB
:1096840070B5184CD0F804C00568C4F804C0D0F80C
:1096940008C0C068C4F808C0E06025600868124BC0
:1096A400124A18604868586088689860C8680969F0
:1096B400D8601961536813F0685F05D000230C4922
:1096C400104651601360A8470A48436813F0685F66
:1096D40007D0002206492368C0E90021BDE8704094
:1096E400184770BD10030020FC0200203003002046
:1096F4002C5F5CA9280300202DE9F047044684B0C0
:10970400A64694F81FC015464FF01008002294F89E
:109714001E90637F0CF1010A09EB1A2994F81CC00E
:1097240003EB19230CEB132C6377E37E84F81CC042
:1097340003EB1C2394F81AC0E3760CEB132C637E22
:1097440084F81AC003EB1C2394F818C063760CEB5E
:10975400132CE37D84F818C003EB1C2394F816C083
:10976400E3750CEB132C637D84F816C003EB1C2308
:1097740094F814C063750CEB132CE37C84F814C0C8
:1097840003EB1C2394F812C0E3740CEB132C637CDE
:1097940084F81E9003EB1C23637484F81FA084F8E0
:1097A40012C094F810C00E460CEB13230EF8103FB1
:1097B40004AF022110462346CDE901E8009200F0EF
:1097C40073FE10B1BD46BDE8F0872021204600F0AD
:1097D40001FF0028F6D12946304600F0FDFE00289E
:1097E400F0D11F2D15D8C5F1270323F007036E46CA
:1097F400ADEB030DC5F120050DEB080401462A4627
:10980400204605F08CF92946204600F0E5FE38B9DB
:10981400B5460021084600F01BFFBD46BDE8F087B1
:10982400B546CFE7F0B589B00546DDE90F46002C13
:1098340047D02022684605F04CF966B3731E022B0C
:1098440051D921466A4626F00300204451F8043BCE
:109854001768814283EA070342F8043BF6D1B30751
:1098640019D026F003031DF80310E25C4A400DF8FA
:1098740003205A1C96420ED91DF80200A15C023343
:1098840041409E420DF8021005D91DF80310E25C18
:109894004A400DF8032024220021284605F03FF910
:1098A400202269462846FFF727FF044610B9012302
:1098B40000242B620821684600F022FB204609B0F0
:1098C400F0BD0F462422214605F029F9202239460D
:1098D4002846FFF711FF04460028EFD10123204654
:1098E4002B6209B0F0BD0023BDE700BF2DE9F043B2
:1098F40000271D46036ABDB00133CDE90477CDE9E5
:109904000677CDE90877CDE90A7775D004460E4687
:109914009046002D6ED02946449AFFF7EDFE0028AC
:1099240065D100221020E17F94F81EC0637F01F10D
:10993400010E0CEB1E2C217F03EB1C2301EB1321E6
:109944006377E37E217703EB1123A17EE37601EBBA
:109954001321637EA17603EB1123217E637601EB51
:109964001321E37D217603EB1123A17DE37501EB44
:109974001321637DA17503EB1123217D637501EB35
:109984001321E37C217503EB1123A17CE37401EB28
:109994001321637CA17403EB1123217C637404F110
:1099A400100701EB1323237484F81EC084F81FE00E
:1099B4002346CDE9017002211046009200F074FDA7
:1099C400A8B94046F10800F005FE80B95FEA1629FF
:1099D40016D080464FEA092901E0C84510D020215D
:1099E40004A800F0F9FD08F580780028F5D03DB012
:1099F400BDE8F08304AD94E71F203DB0BDE8F083DB
:109A0400B14507D0A6EB0901C90804A800F0E4FD9C
:109A14000028ECD10CA800F0AFFD0021084600F0AE
:109A240017FE0028E3D1102212A9384605F051F898
:109A3400E07FA37F0138627FA3EBD0739BB2A2EBDC
:109A4400D332A377237F92B2A3EBD233E077E07EC5
:109A54009BB2A0EBD3302377A37E80B2A3EBD033A9
:109A64006277627E9BB2A2EBD332A376237E92B25C
:109A7400A3EBD233E076E07D9BB2A0EBD330237628
:109A8400A37D80B2A3EBD0336276627D9BB2A2EB5E
:109A9400D332A375237D92B2A3EBD233E075E07C7D
:109AA4009BB2A0EBD3306275A27C80B2A2EBD03221
:109AB4002375637C92B2A3EBD233E074207C9BB217
:109AC400A0EBD330A274207429462022204663746C
:109AD400FFF712FE00288AD1236A0133236286E746
:109AE400F0B589B005460E9E002B43D06846174654
:109AF4001C4604F0EEFF66B3731E022B44D9A6463F
:109B0400EC4626F003022244DCF800305EF8041B25
:109B1400594096454CF8041BF6D1B30719D026F0EA
:109B240003031DF80310E25C4A400DF803205A1C9D
:109B340096420ED91DF80200A15C023341409E42B8
:109B44000DF8021005D91DF80310E25C4A400DF827
:109B540003203A4669462846FFF7CEFD044610B96D
:109B6400012300242B620821684600F0C9F920462D
:109B740009B0F0BDFFF7C0FD04460028F7D101236A
:109B840020462B6209B0F0BD0023CAE72DE9F04F4F
:109B94008FB0BF4C00AF2378C7E901012BB9204631
:109BA40000F0B2FF204601F0E9F84FF0000BB94B8A
:109BB400BA68A3FB02231B09C7E9043BB44800F0BD
:109BC400FDFF8246002852D1B34C237C002B40F089
:109BD400B3804FF47F03D3F80C2CE946013200F034
:109BE4008081D3F80C2CAB4B172AA3FB02134FEA4A
:109BF400131640F29F80FE604FF000084E46C7F8EF
:109C040000A00622A24807F1200101F017F800285D
:109C140040F06A81A14BA168E568986807F1200CBF
:109C240007F1380EDCF800301F22994603E0A84201
:109C34000ED0531C20D04B46D34013F0010313BF66
:109C4400002101311D460135884202F1FF32EED177
:109C54009348C4E902154FF00E0AFFF75FFAB546C0
:109C640000F0E2FF8A4801F08DF80028A6D15046A2
:109C74003C37BD46BDE8F08F0CF1040CE645D1D16C
:109C8400864B4FF0180CD3E900921346C4E9021531
:109C940062464FF0000B41469C46206807F1200EB7
:109CA400C0F580684FEA58184FEA8808904528BFE5
:109CB40090465FEA980A034627D0C7E9063EAEF10C
:109CC4000400656800EB8A0A50F804EF4FEA5E036B
:109CD40003F05533AEEB03034FEA930E0EF0333E1D
:109CE40003F03333734403EB131303F00F3303EB29
:109CF400032303EB03431B0EC3F1200382451D44DE
:109D0400E2D1D7E9063E1846656000EBC803B3F517
:109D1400806F1846A2EB08024BD0C644002ABFD17C
:109D2400FB6801F1010898452060FFF46AAFD7F899
:109D340000A0B54601232374BB68172B40F2A18011
:109D440000237A697968984601EB82018946D346F3
:109D5400FA61062249464E4800F070FFCC460028BE
:109D640040F0C580D4E902564C4BA9F1040E996821
:109D7400FB699A461F225EF8040F03E0B1420ED03D
:109D8400531C22D020FA02F313F0010313BF002561
:109D940001351E4601368D4202F1FF32EED14048B4
:109DA400C7F814A0C4E902564FF00E0AFFF7B6F93B
:109DB40056E763684B4580F08A80634540F28780AC
:109DC4000023C4F804B01846A7E709F11403734547
:109DD400C4E90256CED15246182140462F4BFA61AF
:109DE400D3E900EA2368C7F81490C3F580684FEA02
:109DF40058184FEA8808884528BF88465FEA9809BA
:109E040026D0ACF10405666805EB8909C7F818C0CB
:109E140055F804CF4FEA5C0202F05532ACEB020273
:109E24004FEA920C0CF0333C02F03332624402EB02
:109E3400121202F00F3202EB022202EB0242120E65
:109E4400C2F1200216444D456660E1D1D7F818C02E
:109E540003EBC803B3F5806F2360A1EB080121D0A5
:109E6400C4440029C1D1FB69D7F814900633FB61BF
:109E74003B6900F10108984509F11809FFF469AF3D
:109E8400DA4600F0D1FE50463C37BD46BDE8F08FBF
:109E94005C1F0020ABAAAAAAA0120020580300202D
:109EA40088F600006368734507D2534505D900233B
:109EB4000022C4E900230023D2E7FB690F487B6139
:109EC4004FF00D0AFFF72AF900F0AEFECAE64FF490
:109ED40080630A4823604FF00D0AFFF71FF9B54667
:109EE400BEE64FF4047686E68246B546B8E60546F5
:109EF400FB69AA467B6100F097FEB3E688F6000092
:109F0400890000F047B900BF3AB101EB820251F871
:109F1400043B914240F8043BF9D1704708B500F086
:109F240037F830B900F03EF828B9064AC2F80C0AEE
:109F340008BD032008BD00F02DF800F06DF80420E2
:109F440008BD00BF0050845030B583B0FFF7E6FF72
:109F5400044610B90B4D2B6813B1204603B030BD35
:109F640002460146FFF752F950B96822064901AB8F
:109F7400FFF7DEF920B92046044B2B6003B030BD57
:109F84000524EAE76C1F0020701F00205AEA5A5A81
:109F94000020704700207047014BC3F8040A704743
:109FA4000050845010B5154800F06EF800B110BD93
:109FB400134800F069F80028F9D1124C204600F04B
:109FC40063F80028F3D1104B10481C6000F05CF8D3
:109FD4000028ECD10E4800F057F80028E7D10D48CE
:109FE40000F052F801460028E1D100F039F80446A7
:109FF40008B900F06FF8204610BD00BF80030020B0
:10A004007C030020780300207003002074030020E8
:10A014006C0300206803002008B50B4800F03EF8EC
:10A024000A4800F03BF80A4800F038F8094800F004
:10A0340035F8094800F032F8084800F02FF8BDE878
:10A04400084000F00FB800BF800300207C0300200C
:10A0540078030020740300206C03002068030020B0
:10A0640000207047704700BF04F040BD82B00190EB
:10A0740041B100239C461A4601980133994200F8E5
:10A0840002C0F8D102B0704708B5034B02681B68E0
:10A0940010689847002008BD1003002008B5034B42
:10A0A40002685B6810689847002008BD1003002010
:10A0B400024B02689B681068184700BF1003002019
:10A0C40008B5034B0268DB6810689847002008BD98
:10A0D4001003002070B5094C094D2069AB689847FE
:10A0E40018B1084B08485B6898470021074AEB6899
:10A0F40011602069BDE87040184700BFFC020020D1
:10A1040010030020F402002094F60000D81F002061
:10A11400F8B51A4D1A4E0446B26828699047E8B952
:10A12400184F3B684CB1A3B1012B19D0013B3B60E4
:10A134002869F36898470020F8BD43B90121124A01
:10A14400C2F800151149D1F81029002AFBD10133B6
:10A154003B60F368286998470020F8BD0C48F8BDB7
:10A164000A4AD2F81039002BFBD1074A6FF07E401F
:10A17400C2F80035FFF710FF3B68D7E7FC02002068
:10A1840010030020D81F0020004084500050845049
:10A19400E98FFFFF2DE9F0410E4682B0002879D007
:10A1A40000296FD0054601273D4C55E0D4F80CC07A
:10A1B4002068D4E901E14FEACE524B0980EAC05845
:10A1C40042EA502243EACC638EEA02004B404FEA53
:10A1D400984E4EEA803E83EA08038CEA5C1283EAD6
:10A1E4000E03424011EB030E82EA90424CEB020054
:10A1F400082EB046C4E9023228BF4FF0080815F013
:10A204000303C4E9001CCDE900E032D1072E3DD898
:10A21400032E2CD9B8F10402C5F800E018D00423A9
:10A2240003F10801694411F8081C012AE9540FD00C
:10A2340003F10900684410F8080C591C032A6854F7
:10A2440006D103F10A026A4412F8082C0233EA54D4
:10A25400B6EB0806454415D0237E002BA6D1182161
:10A264002046FFF793FC0028F9D127769EE7424663
:10A27400D6E728464246694604F02BFCB6EB0806AE
:10A284004544E9D1002002B0BDE8F081C5F800E002
:10A294006860DDE70029F5D0142002B0BDE8F08144
:10A2A400B812002031B10023013800F8013F013316
:10A2B4009942FAD1704700BF01202DE9F041764C54
:10A2C400764DC4F8100800F00BFC00236A68C4F84B
:10A2D4004034C4F84434C4F84834C4F84C34C4F8A2
:10A2E4006034C4F86434C4F86834C4F86C34C4F812
:10A2F400BC34D4F8C03402F0010223F00103C4F8E2
:10A30400C034D4F8C0341A43C4F8C02428680728D9
:10A3140005D1D4F8C03423F00103C4F8C0345E4C32
:10A324008300D4F8C02403F01C0322F01C02C4F8F8
:10A33400C024D4F8C0241343C4F8C034D4F8C034BF
:10A3440095F89C2023F00203C4F8C034D4F8C03438
:10A3540095F8341023F44053C4F8C034AE6BD4F8E9
:10A36400C074002A4FEA063202F4405242EA07025D
:10A374004B4BC4F8C02408BF002309BB1A68C4F8B7
:10A3840000245A68C4F804249A68C4F80824DA68D3
:10A39400C4F80C24002E76D01A69012EC4F81024B7
:10A3A4005A69C4F814246ED09A69C4F81824DB6975
:10A3B400C4F81C342868072868D00020BDE8F08160
:10A3C4000229F8D11F683146384600F0F9FCDFF85D
:10A3D400D48050B3D8F800202F4B1268C3F800245F
:10A3E400D8F800205268C3F80424D8F800209268F2
:10A3F400C3F80824D8F80020D268C3F80C24D8F88D
:10A4040000201269C3F81024D8F800205269C3F858
:10A414001424D8F800209269C3F81824D8F800202E
:10A42400D269C3F81C24BDE8F081D8F80030314665
:10A434001B683846C4F80034D8F800305B68C4F8A8
:10A444000434D8F800309B68C4F80834D8F80030D5
:10A45400DB68C4F80C34D8F800301B69C4F8103435
:10A46400D8F800305B69C4F81434D8F800309B691C
:10A47400C4F81834D8F80030DB69C4F81C3400F090
:10A48400B5FC0028A6D12868072896D10122024BE2
:10A49400C3F87C2491E700BF00508450DC1F0020E7
:10A4A4007C200020640300202DE9F84F0024984606
:10A4B40083460F4691462D4E2D4DC02221463046EF
:10A4C400DDF828A004F02BFBC5F84044C5F844444B
:10A4D400C5F84844C5F84C44C5F86044C5F864441C
:10A4E400C5F86844C5F86C4400F0F2FA2046C5F893
:10A4F400C04400F0F5FAC5F81048C6E9007B86F8B8
:10A504003490C6F838A0B8F1000F0AD001230AF13C
:10A5140002024146D20006F1A00086F89C3004F005
:10A52400D8FA102000F0C6FAFFF7C6FE40B9022F91
:10A5340008D0072F04D01FB10E48FEF7EFFD062008
:10A54400BDE8F88F0B9B1A68094BC3F860240B9A7B
:10A554005268C3F864240B9A9268C3F868240B9A6F
:10A56400D268C3F86C24BDE8F88F00BFDC1F00205C
:10A574000050845088F6000010B50446C0221249E9
:10A5840004F0A7FA114B6022D3F840041049A060EC
:10A59400D3F84404E060D3F848042061D3F84C04B1
:10A5A4006061D3F86004A061D3F86404E061D3F877
:10A5B40068042062D3F86C3404F13C006362BDE8A3
:10A5C400104004F086BA00BFDC1F00200050845005
:10A5D400EC20002000F074BA70B51B4C2368072BE4
:10A5E40017D0A36A06460D46B3B1012000F078FAED
:10A5F400A36A2B440F2BA3621CD9012301222946F1
:10A60400304600F0C1F9034620B9104B1B6C102BE7
:10A6140016D00023184670BDE36A002BE5D0012054
:10A6240000F02CFA2368072BDFD1A36A2B440F2BED
:10A63400A362E2D82368012B94BF00230123DDE742
:10A6440000F01CFAE5E700BFDC1F0020EC2000202E
:10A654002DE9F04184B0DFF85481554BD8F84020FF
:10A66400544CC3F8BC24A36A06460D4600AFB3B3EA
:10A674002368072B7ED1002000F000FA00224C4B07
:10A68400C3F8BC2415B1D8F858302B602368072BC5
:10A694002FD000260024464DC0222146454804F010
:10A6A4003EFAC5F84044C5F84444C5F84844C5F8E2
:10A6B4004C44C5F86044C5F86444C5F86844C5F81A
:10A6C4006C4400F005FA2046C5F8C04400F008FACE
:10A6D40030461037C5F81048BD46BDE8F081E36A3E
:10A6E400002BCBD02368072B57D0012000F0C6F9EC
:10A6F400C4E7E36A1BB901222D4BC3F824252C4B74
:10A70400256BD3F8402403353A60D3F84424AD08CC
:10A714007A60D3F84814EA1DB9606168D3F84C0430
:10A72400012922F007036C46F860ADEB030D2CD130
:10A7340029466846FFF7B6FD65B30020013D0DF1DB
:10A74400FF316D4411F8013F07F1100202EB83025F
:10A7540052F8102C56F823305340034314BF012001
:10A764000020A942EED1ABB11348FEF7D7FC122664
:10A77400A5468FE7012000F0B3F92368002B7FF48E
:10A784007AAF012000F07AF978E72A463046394654
:10A79400FFF7BAFB0026A5467CE7012000F0A0F9EC
:10A7A4002368072B3FF467AF9FE700BFEC2000202E
:10A7B40000508450DC1F002088F60000F0B501240E
:10A7C4006E4A6F4B92F85C5092F84870A5428646E8
:10A7D400C3F820483AD04FF4FE64C3F8044AD3F8CF
:10A7E400084A44F47F64C3F8084A002F3AD1002D84
:10A7F40040F0BE80634B1C7C14B11C6884425ED95B
:10A8040093F8244014B15C69844269D993F83840C0
:10A8140014B19C6A84426FD993F84C401CB1DC6B30
:10A82400844240F28480564BC3F828ECC3F82C1CB5
:10A834004FF40061524AD2F8003A31EA0303FAD1E4
:10A844000023C2F8081AC2F82038F0BD4FF4766429
:10A85400C3F8044AD3F8084A44F47F64C3F8084AA6
:10A86400002F43D0474BD46C1F7C17B11F68BC42E8
:10A8740048D293F8247017B15F69BC425FD293F851
:10A88400387017B19F6ABC4261D293F84C7017B10B
:10A89400DF6BBC4263D227460C44D464946D0C44F1
:10A8A4009465374CC4F8287DC4F82C1D002DA2D023
:10A8B400012DC4F8300CC4F8341C1BD0B8E75D6813
:10A8C400254485429CD9002505EB850503EB8503CA
:10A8D400556D9A68DB68161B064405FB036EA2E7F8
:10A8E4009D692544854291D90125EDE7C3F8300CD3
:10A8F400C3F8341C90219DE7DD6A254485428BD939
:10A904000225E1E75E6807EB060C6445B1D24FF01F
:10A91400000C0CEB8C0C03EB8C0CDCF80860DCF802
:10A924000CC0F71B566D274406FB0C77B4E71D6C6F
:10A934002544854288BF03257FF675AFC4E79E6929
:10A9440007EB060C64459AD24FF0010CE1E7DE6A8E
:10A9540007EB060C644598D24FF0020CD9E71E6C45
:10A9640007EB060C644538BF4FF0030C93D2D0E7D5
:10A97400C3F8300CC3F8341C5AE700BFEC200020A5
:10A98400005084509C2000202DE9F843DFF8E49027
:10A994000646D9E9105C0F461446002A59D1CDBBAE
:10A9A400FFB1D9F8401089F8484061BBD9F8443068
:10A9B4007D1EB5FBF3F503FB05F545B1B5F5803F09
:10A9C40012D230462946FFF7F9FE7F1B2E443A4641
:10A9D4003146284804F07DF8D9F840303B44C9F8A2
:10A9E40040300020BDE8F883D9F844403046C4F52F
:10A9F40080384146FFF7E2FEA4F58033ED181F448A
:10AA04004644DBD1E3E71B48FFF7D8FE0023C9F82F
:10AA14004030CBE799F8483043B129464846FFF720
:10AA2400CDFEC9F84040BBE7002DB9D0ACEB050220
:10AA3400BA4209EB0500154628BF3D46314604F0ED
:10AA440048F8D9F840302E442B44C9F840307F1BD5
:10AA5400A6E7002BE8D0D9F850308B4205D35B1A17
:10AA6400C9F85030002DE1D19AE70348FEF756FBB0
:10AA74001320B7E7EC20002088F6000010B50C4C3A
:10AA8400216C29B128B90A48FFF798FE00232364F2
:10AA940010BDC1F140026018002104F040F8616C5F
:10AAA40003482164FFF78AFE00232364F0E700BF14
:10AAB400EC200020014B5864704700BFEC200020BC
:10AAC4000246024B0020C3E913217047EC2000200A
:10AAD40060220021014804F022B800BFEC200020CD
:10AAE400074AD2F81039002BFBD1064B0449C2F8AF
:10AAF40000091870D1F81039002BFBD1704700BF42
:10AB040000508450D72300204FF47F0310B4D3F8AF
:10AB1400102C013221D0D3F8102CF2B9D3F8142C14
:10AB240001322BD0D3F8142C42BBD3F8182C0132A9
:10AB340031D0D3F8182C72BBD3F81C2C013202D0BC
:10AB4400D3F81C3CA3B34FF47F03D3F81C2C03218C
:10AB540001322AD0D3F81C4C08E04FF47F03D3F819
:10AB6400102C0021013210D0D3F8104C0122002304
:10AB7400846001730270436010BC70474FF47F031C
:10AB8400D3F8142C0121013202D140F2DC54EDE758
:10AB9400D3F8144CEAE74FF47F03D3F8182C0221BE
:10ABA400013202D0D3F8184CE0E740F63404DDE774
:10ABB400014810BCFEF7B2BA88F6000070B50378FD
:10ABC40043B3D0E901520124154B90F80CC0C3F8EB
:10ABD400C441C3F84041C3F8C441C3F83021D3F899
:10ABE40030118A42F7D100203F261E210422C3F8E7
:10ABF4002C01C3F80861C3F80011C3F80C21D3F881
:10AC04000C214CEA0202C3F80C21C3F83851C3F8F2
:10AC14002C4170BD0348FEF781FA0C2070BD00BFC3
:10AC24000050845088F600000020034BC3F82C0128
:10AC3400C3F8C401704700BF005084504FF0000CAB
:10AC44002DE9F84F864601244FF0FF354FF03F09B8
:10AC54004FF01E0804270E466046464BD3F80421E5
:10AC640012F00E0F53D0D3F80C21D3F8301102F0A8
:10AC74000302032AC3F82C01C3F8BC41C3F80851EA
:10AC840069D0013242F0040AD2B2C3F80CA1C3F86D
:10AC940030118EF80C20CEF80810D3F80C11D3F82C
:10ACA400302101F0030BD3F838A1C3F8C441C3F831
:10ACB4004041C3F8C441C3F83021D3F830118A426B
:10ACC400F7D1C3F82C01C3F80891C3F80081C3F885
:10ACD4000C71D3F80C210CF1010C4BEA0202C3F8FD
:10ACE4000C21C3F838A1C3F82C41D3F80421D107AF
:10ACF40011D4BCF1640FB1D100221E4B1E48C3F81D
:10AD04002C21C3F8C421FEF709FA102021E0D3F85E
:10AD14000421D207A2D5BCF1640FEDD04FF0FF326D
:10AD240001210020134BC3F8BC11C3F80821D3F848
:10AD340014213260D3F818217260D3F81C21B26058
:10AD4400D3F82021F260D3F824213261D3F82831DA
:10AD54007361BDE8F88F4A1C9FD0491840EB00028C
:10AD64008D4270EB020238BF4FF0FF3100224FF0EA
:10AD7400040A8AE70050845088F600000A234360DE
:10AD8400704700BFC368032B05D0022B14D80133CE
:10AD9400C3600120704783685A1C0FD000224FF013
:10ADA400FF3CDB1842EB020191420CBF194661469D
:10ADB400C0E90212012070478368EFE70020704762
:10ADC4007F2809D851B10139022909D805497F28BA
:10ADD4000CBF084600207047024870470846704779
:10ADE400014870470100F7000300F7000129F0B49F
:10ADF40007D0022900F0898000295AD07248F0BC9B
:10AE040070470022714C724B4FEAC00CC4F8001515
:10AE1400451C0CF57F04C3F8082104F50444C3F869
:10AE24000021C3F80421C3F800556A4E2468B442D3
:10AE340040F0B380196002E0002940F0B580D3F8F7
:10AE44000021D3F80841D3F804112243F4D0002C94
:10AE540040F0B180002940F0A78001245B4AC3F888
:10AE640000150230C2F800455B4AC3F80811C3F864
:10AE74000011C3F80411C3F8000552F80C00574A36
:10AE8400904240F08E80524A1C6002E0002840F05C
:10AE94008B80D2F80031D2F80811D2F804010B43A8
:10AEA400F4D0002940F08C8000287DD1C2F8000540
:10AEB40028E00124464BC200444E204402F57F02A0
:10AEC400C6F8004502F50442C3F80811C3F800119E
:10AED400C3F80411C3F800053E4D1268AA4260D1BC
:10AEE4001C6001E000285FD1D3F80021D3F80811D9
:10AEF400D3F804010A43F5D000295CD1002853D1CA
:10AF0400C3F800050020F0BC704701250022304B37
:10AF14002E4F4FEAC00C44190CF57F01C7F80055B9
:10AF240001F50441C3F80821C3F80021C3F8042142
:10AF3400C3F80045274E0968B1422ED11D6000E0D8
:10AF440091BBD3F80021D3F80841D3F8041122436C
:10AF5400F6D084BB41BB01241C4AC3F8001502305F
:10AF6400C2F800451C4AC3F80811C3F80011C3F81D
:10AF74000411C3F8000552F80C00184A904210D18D
:10AF8400134A1C6000E078B9D2F80031D2F80811F5
:10AF9400D2F804010B43F6D083E7C3F80025104828
:10AFA4002DE7C3F80015FAE70022094B0D48C3F852
:10AFB4000025F0BC70470022C3F800250A481EE7AC
:10AFC4000023C2F80035F9E70C00F100004084507A
:10AFD40000900350005484500884FF00105484509F
:10AFE4000600F7000200F7000100F700F8B50E4B69
:10AFF40006461D68AB789B0712D56F6816F8014B9F
:10B0040029462CB90A20B847002805DB204609E068
:10B014002046B8470028F1DAAB7843F00403AB705C
:10B024004FF0FF30F8BD00BFCCF300000CB430B5D6
:10B034008BB004460D462022002102A803F06FFDC8
:10B044000223002D06948DF80A300C4B039312DB77
:10B0540001D06B1E1C440FAA0E9902A807940192FA
:10B0640000F00EF815B1069B00221A700BB0BDE873
:10B07400304002B070470024EDE700BF6FEC0000E1
:10B084002DE9F04F43688BB0804692460093837855
:10B094009C0740F1F98000250878002800F0F6802C
:10B0A40025280AD04B1C019301354146009B984743
:10B0B4000028C0F2E3800199EEE74E788B1C252E20
:10B0C4000193F1D000270A22B9463C461F2C22D80E
:10B0D400A6F12003102B20D8DFE803F0141F1F1A59
:10B0E4001F1F1F0B1F1F1F121F171F1F090044F0D4
:10B0F4000104019B13F8016B0193002EE6D13AE0A1
:10B1040044F0020444F00404F3E744F00804F0E7D4
:10B1140044F01004EDE77F2C24D8A6F13003092B6A
:10B1240008D860064EBF02FB073744F0200402FB38
:10B134000939DEE72A2E0DD161065AF8043B53D4AF
:10B14400002BA7BF44F020049946C3F1000944F042
:10B154002804CEE72E2E05D1630600F1978044F033
:10B164004004C6E76C2E2ED028D8682E32D06A2E22
:10B1740037D04C2E35D0002F46F02003B8BF24F032
:10B184004004A3F16502BCBF0027A4B2022A01D97E
:10B19400612B2BD10AF1070A07279D4E2AF0070AD3
:10B1A4000AF1080A210760D506EB070B34465C4513
:10B1B4005DD1AE1BA9EB0709A21959E1742E98D0F1
:10B1C4007A2E96D0D7E7260648BF44F4007444F09C
:10B1D40080048EE7E00548BF44F4007444F48074AE
:10B1E40087E744F4207484E71F4682E7A6F16302EC
:10B1F400122A00F2D880DFE812F013004D00D600C6
:10B20400D600D600D6004D00D600D600D600D60013
:10B21400D600E800D100D600D6001A00D600A0005F
:10B224005AF8043B012704AE8DF81030BAE75AF8F7
:10B23400046B784B002E08BF1E4614F0400F3046B6
:10B2440014BF39464FF0FF3103F0ADFC0746A9E7C0
:10B2540041462020009B984700280FDB013CA74271
:10B26400F6D34D44A1462D1B9EE74C46F7E74146D5
:10B2740014F8010B009B9847002898DA98F80230DC
:10B2840043F0040388F802304FF0FF3528460BB032
:10B29400BDE8F08F220630D5A3052AD50AF1070AA6
:10B2A4002AF007039A4659685AF8080B24F0100B41
:10B2B40000291FFA8BFB2FDA40424BF4806B61EBC1
:10B2C400410104AC0A23224603F079FC1BF0400F31
:10B2D400A0EB040200F08E802BF001049742A4B28C
:10B2E40040F38F80002E40F08E802BF01104A4B226
:10B2F4001DE05AF8040BC117D8E7E0055AF8041BFF
:10B3040001D40846F7E7A20547BF48B241F3C0118C
:10B3140008B241F3C031C9E750EA0103D1D1630651
:10B32400CFD5002FCDD124F011043A46A4B23B4628
:10B3340040F206410C4262D124E024F010040A23B6
:10B34400A4B214F0800243D014F4007117BF0AF1C0
:10B35400070A5AF8040B2AF0070292461CBF5168E8
:10B364005AF8080B50EA01023ED124F0160B62068B
:10B374001FFA8BFB3CD5002F3AD124F017043A4630
:10B384003B46A4B221075AD4E10705D5994572DD9D
:10B39400A9EB03039F184B469B464AE044F0100474
:10B3A40010237826CDE7782B04D1C6F1780343F037
:10B3B4001003C6E741462520009B98470028FFF666
:10B3C4005DAF02354146304670E608230026B8E7F3
:10B3D40014F480715AF8040BC4D014F400711ABF29
:10B3E400C0B2114680B2BDE724F006041FFA84FB04
:10B3F40004AC68E713465C46E10699D52EB90133DF
:10B40400C0E71346F8E73B46F6E70233BAE700BF66
:10B41400F60E0100EF0E0100CDE902324146202074
:10B42400009B98470028FFF629AF0BF1010BDDE9DB
:10B434000232D945F0DCEB1A03EB0B055B46E1065F
:10B4440027D541463020CDE90232009B9847002899
:10B45400FFF614AFDDE902327EB901352F44791BC2
:10B464008A4229DB144604AE94BB2A44A9EB03099F
:10B474001546914440E017468EE702354146304672
:10B48400CDE90232009B98470028DDE90232E5DA73
:10B49400F4E640F206410C42E0D014F0020F05F14C
:10B4A4000105414614BF2B20202014F4806FCDE900
:10B4B400023218BF2D20E5E7CDE902324146009B58
:10B4C4003020013598470028DDE90232C7DAD5E695
:10B4D400013C4146CDE90232305D009B984700288B
:10B4E400DDE90232C0DAC9E641462020009B01357D
:10B4F40098470028FFF6C2AEA9EB0503002BF3DC46
:10B50400D9E500BF38B5044C044DAC4200D138BD78
:10B5140054F8043D9847F8E70000000000000000DC
:10B524007047836800EBC101B3F5004F2CBF51F89D
:10B53400220031F81200704700EBC1018068B0F5B9
:10B54400004F2CBF41F8223021F8123070470122FD
:10B5540008B5FFF7E6FFD04008BD836800EBC101E2
:10B56400B3F5004F08D34B681AB143F001034B60A5
:10B57400704723F00103FAE74B881AB143F0010343
:10B584004B80704723F00103FAE753000122FFF7D1
:10B59400D3BF08B58368B3F5004F06D3FFF7D7FFD1
:10B5A40001288CBF0020012008BD0020FCE783682F
:10B5B400B3F5004F34BF04230823C91A081AC0087E
:10B5C40070478368B3F5004F28BF0139B1FA81F0A1
:10B5D400C0F11F0070472DE9F041174603220E46C3
:10B5E4000446FFF79EFF8642054607F104080AD188
:10B5F4000122E368BA4023EA0203E360002344F82B
:10B604002830BDE8F081314602222046FFF789FF49
:10B6140006462B4601460322204644F82850FFF7ED
:10B624008BFF334629462046BDE8F0410222FFF74E
:10B6340083BF38B504460D46FFF7ABFF70B9294602
:10B644002046FFF784FF01462046FFF7BAFF29464C
:10B6540002462046BDE83840FFF7BDBF38BD2DE99E
:10B66400F04705468946FFF7ACFF05EB800ADAF898
:10B674001070064677B94FF0FF34EB680136B440DA
:10B684001C4015D094FAA4F2B2FA82F2131D55F8B4
:10B69400234009E03C464FF0030821462846FFF7C3
:10B6A40056FF814507D8324621462846FFF793FFC7
:10B6B4002046BDE8F087214603222846FFF731FFE4
:10B6C400B8F101080446CAF81000D4D08742E4D186
:10B6D400D1E72DE9F04114460E460546FFF737FF42
:10B6E400A4EB0608371B0744424631462846FFF7B9
:10B6F4004CFF3A4621462846FFF747FF43460022BF
:10B7040021462846FFF718FF21462846FFF71FFF6A
:10B714003B46211800222846BDE8F041FFF70CBF44
:10B724002DE9F041164604460F46FFF710FF314657
:10B7340005462046FFF70BFF05442A4639462046B6
:10B74400FFF723FF31462046FFF701FF2B46311850
:10B7540000222046BDE8F041FFF7EEBE2DE9F0419E
:10B7640004460D46FFF715FFB8BB29462046FFF7F0
:10B77400EEFE01462046FFF724FF04EB80010E692C
:10B7840096B90122E36882401343E36002220D610B
:10B794002B4629462046FFF7CFFE032229462046A2
:10B7A400BDE8F041FFF7C8BE022231462046FFF74C
:10B7B400B8FE0746034629462046FFF7BDFE03228E
:10B7C400334629462046FFF7B7FE39462B46204626
:10B7D400FFF7B2FE02223146E1E7BDE8F08170B521
:10B7E400056809B9002070BDAB6801F00704B3F522
:10B7F400004F34BF0422082207341444E40804EB45
:10B80400D1049C4228BF1C4628462146FFF727FF47
:10B8140006460028E6D001462846FFF798FEA042D7
:10B8240009D93444314628462246FFF752FF2146BF
:10B834002846FFF793FF284601223146FFF78DFE85
:10B84400AB68B3F5004F34BF0423082303EBC603EE
:10B854001844C8E71146FFF7C2BFB2F5802F34BFC2
:10B86400042308232DE9F0410026D21A8C18CD1D9B
:10B8740025F0070524F00704641BE408056021464D
:10B884002846AC60EE60FFF79CFE820002F11B07C5
:10B89400FF083146043205F1100003F040F93A463E
:10B8A40031462846FFF771FE334632463146284674
:10B8B400FFF742FEA4EB0708284631460122FFF7B2
:10B8C4004CFE42463946FFF760FE3B463246394657
:10B8D4002846FFF731FE21462846FFF756FE434629
:10B8E400324621462846FFF727FE214628460122F4
:10B8F400FFF733FE3946BDE8F041FFF72FBF2DE9CE
:10B90400F04706460D46174698462BB34FF0000AFB
:10B9140098F8004093F80190DB78A40004EB43040A
:10B9240098F802301C444444CA4509D33946304689
:10B93400AC46D8F8042008F10803BDE8F047604796
:10B9440014F8013B0AF1010A204648F82340F4F7B1
:10B9540011FC01300444E7E76FF01500BDE8F087FF
:10B9640030B502460024002012F8013B43B178B1FF
:10B974008C4207D1702B04D0A3F140053A2D07D88F
:10B98400002030BDA3F140053A2D01D80134EAE787
:10B99400252B08BF80F00100E6E70020704700F087
:10B9A40053BD0FB407B504A951F8040B019100F07D
:10B9B4004BFD03B05DF804EB04B070470FB407B55A
:10B9C40004A951F8040B0191FFF7E9FF03B05DF8F6
:10B9D40004EB04B0704710B50369024613F0080085
:10B9E40009D11368D4689C429BBF0120126AE31AF0
:10B9F400D31A0B6010BD00231846FAE713B501A94A
:10BA04000446FFF7E8FF20B1019BE268013B1344C1
:10BA14000193206A019BC01A013802B010BD10B511
:10BA2400044650182269236AD20702D5013B184004
:10BA340010BD984228BFC01AFAE710B504460A465A
:10BA4400C168FFF7ECFF2369E06023F0080323617A
:10BA540010BD38B50D46C2698B00016843F002037E
:10BA6400044642F8213001682A46FFF7D8FFE3680C
:10BA74006168984208BF2369206008BF43F0080347
:10BA84002A46204608BF2361FFF7C9FF606038BD1E
:10BA94002DE9F74F0F460021D0F80CB0C66900928B
:10BAA40016F82B209A4602F00302022A14BF894694
:10BAB40056F82B2006EB8B030193009B08BFC2F3BF
:10BAC4009D0919600446CAF80010B9F1000F07D0A7
:10BAD4004946FFF7B2FFE368A3604FF0010804E0B2
:10BAE40001698A0705D44FF00008404603B0BDE859
:10BAF400F08F816906EB8B00884716F82B100546FA
:10BB040011F00108EFD08B071DD51FB1394620462F
:10BB1400FFF79FFF61682A462046FFF780FFD4E9BC
:10BB240002138B42606007D12A462046FFF777FF55
:10BB34004FF000080146A0602369216043F0080328
:10BB4400E1602361D1E701462046FFF776FFE16813
:10BB5400A1601FB12068E16941F82090EA19CAF890
:10BB6400002021682046FFF75AFF2269206042F036
:10BB74000802226116F82B2022F0010206F82B207D
:10BB8400DDE900321A60A8E770B504461546FFF7F0
:10BB940046FF2368834205D12369216023F008030B
:10BBA400236170BDE269AB0043F0020342F8213027
:10BBB40061682A462046FFF732FF6060F1E738B536
:10BBC400036904465B0706D5456AFFF717FF8542FC
:10BBD4002CBF6562606238BD38B50D4604461C2230
:10BBE400002102F09CFF0022EB68A361AB68636153
:10BBF4002B68E3616B68626223622A6923B1591E70
:10BC0400194208BF42F001022261012204F1280016
:10BC14000021BDE8384002F038BC2DE9F04F002582
:10BC24009846036A87B08B4204460E469346AA465A
:10BC34000395059538D3EFF31189202383F31288F4
:10BC4400BFF36F8F059A2AB129462046FFF79CFF60
:10BC54000023059304A92046FFF7BDFE0499074677
:10BC6400B1422AD32268E369204613F8221003EB79
:10BC7400820A21F0030103F8221021683246FFF7FB
:10BC8400CEFEE3682060984212D0002789F3118821
:10BC9400BFF36F8F039929B162690AB120469047B7
:10BCA40000230393002FC6D1504607B0BDE8F08FA0
:10BCB400236943F008032361E7E718B12046FFF73F
:10BCC400C8FEE3E75BEA08031CD0019102F0D1FC53
:10BCD4000199B8B9B9F1000F14D189F31188BFF3F0
:10BCE4006F8F5A46434604F12800FBF749FEEFF3F1
:10BCF4001189202383F31288BFF36F8FB0FA80F782
:10BD04007F09C3E7204605AB03AA2568FFF7C0FEF9
:10BD14000746BBE770B50446836908460D46984755
:10BD24000246EFF31186202383F31288BFF36F8F4B
:10BD34002B78204643F001032B706168FFF76FFEF8
:10BD440060602046FFF73BFF86F31188BFF36F8FD7
:10BD540070BD2DE9F843044600272026EFF3118532
:10BD640086F31288BFF36F8F2369A268190702D480
:10BD74006368934200D2236A9B1A002B42D0E06985
:10BD840010F8221000EB820911F003033AD0022BC1
:10BD940004D150F822305FEA930805D1CB0720D4B0
:10BDA4004846A36998478046A16842462046FFF763
:10BDB40036FE0127A06041462046FFF73EFE3B4683
:10BDC40085F31188BFF36F8F002BC7D137B1B9F159
:10BDD400000F03D104F12800FBF79EFD4846BDE89F
:10BDE400F88341F0020100F82210A3694846D4F810
:10BDF40008809847414602462046FFF710FE00237C
:10BE0400A060DDE79946DBE7F8B504468369084698
:10BE14000D4698470646EFF31187202383F31288D3
:10BE2400BFF36F8F2B7823F001032B7023699B07DB
:10BE340005D5E268E36903EB82039D421AD12B78AE
:10BE440023F002032B70D4E90231994204D1324623
:10BE54002046FFF7E4FDA06031462046FFF7EDFDE4
:10BE640087F31188BFF36F8F04F12800BDE8F84011
:10BE7400FBF752BD2B6860F39F032B60F0E7EFF3F1
:10BE84001181202383F31288BFF36F8F02698368C3
:10BE9400120702D442689A4200D2026AD31A81F38A
:10BEA4001188BFF36F8F181E18BF01207047038BD2
:10BEB40013F0070306D10368002B18BF032008BF43
:10BEC40000207047022B05D1408BB0FA80F0400966
:10BED40080007047012B04D10368002B18BF052094
:10BEE400EDE70020704710B50C4600B111B96FF0B2
:10BEF400150010BD081D00F0ABF80028F9D1A368A7
:10BF0400032BF6D9F3E72DE9F0410D460746194610
:10BF1400281D90461E4600F0ACF8044638B133465E
:10BF2400424629463846A446BDE8F0416047BDE88C
:10BF3400F08110B4EFF31182202484F31288BFF34C
:10BF44006F8F416110BC0121F4F7B2BD38B50C46C6
:10BF5400054658B151B10B6843B14B6833B11C224B
:10BF6400002102F0DCFD00202C6138BD6FF01500CB
:10BF7400FBE7F8B504460E46FFF7B5FF051E3BDBAD
:10BF8400EFF31182202383F31288BFF36F8F4FF6F0
:10BF9400FF71638B278B8B4207F007072ED0062F88
:10BFA4002FD8DFE807F0182E082E180418006FF0B9
:10BFB4008505002303E0013363830225012382F313
:10BFC4001188BFF36F8FBBB100233A463146204638
:10BFD400FFF799FF10E000233360636823B9C4E9D5
:10BFE400006627B13D46E4E71E606660F9E702217A
:10BFF4002046F4F75DFD3D462846F8BD6FF00A057E
:10C00400D7E76FF00405D4E710B5EFF311822023CE
:10C0140083F31288BFF36F8F048B04F00704022CA0
:10C024000AD0012C0CBF6FF004006FF0850082F37E
:10C034001188BFF36F8F08E0438B013B9BB24383AE
:10C0440023B92146F4F734FD204610BD2046EEE71F
:10C05400034658B1426802F00302012A03D0032ABE
:10C0640004D1026812B10020986070476FF0150087
:10C0740070474268034602F00302032A4FF00002AD
:10C08400816014BF104600685A60704770470A46C2
:10C09400012100F05CBA0369D3F8A00370476FF084
:10C0A40085007047084608B5114618B101F071FDC6
:10C0B400002008BD6FF00100FBE7084608B51146F3
:10C0C40018B101F05DFD002008BD6FF00100FBE731
:10C0D40013B504460846216901F56771D1E8AF1F1D
:10C0E400022909D15BB168B100931346D0E9091262
:10C0F400FAF784FE02B010BD6FF00F00FAE76FF09C
:10C104004C00F7E76FF00100F4E72DE9F84315461A
:10C114001C46DDE908230F4616469846A9B3BDB36D
:10C12400B4B312F1010C43F10001BCF1020F71F13F
:10C13400000130D2D4F800C0BCF1000F09D001696D
:10C14400D1F8A0138C4504D96FF00B002160BDE831
:10C15400F883B3F1FF3F08BFB2F1FF3F0CBF4FF0CC
:10C1640001094FF000094A462146384601F01AFDFC
:10C1740040B9B8F1FF3F08BFB6F1FF3FF3D06FF00D
:10C184006800E4E728600020E1E76FF00100DEE7E3
:10C194006FF01500DBE76FF08500D8E701F057BDBD
:10C1A40038B50D46044600F148012846F3F7D0FFA0
:10C1B400034630B1284604F1C001F3F7C9FF28B99A
:10C1C40001235B4203F07803E01838BD0020FCE74C
:10C1D40002F52E7102F5327002F0FBB9D0F8E030AE
:10C1E400A0F52E70003B18BF012300EB8300D0F8AC
:10C1F400A40201F066BCC86828B1096983681B6899
:10C204000BB1002218477047FBF704BBD0E8EF3F9F
:10C21400C0E8E21F002AF9D1704710B543680469E9
:10C224001B68C4F8983304F5E87002F089F800211B
:10C2340004F56770FFF7EAFF084610BD030103EB3E
:10C244004003093323F0030303EBC00348430330E3
:10C25400083320F003001844400070472DE9F843E8
:10C2640006464FF001080569D0F8049005F5677794
:10C27400D7E8EF3F022B03D1C7E8E28F002AF7D1BA
:10C2840041D195F86C30002B40D195F8E430002B67
:10C294003CD12846D5F8981300F054F8044680BBE6
:10C2A40073683669D3E9050183681B693BB3224689
:10C2B4009847044628BB414606F53270FBF70AFD51
:10C2C400D6F8780305F5F476F6F7FEFA3046D9F891
:10C2D400001000F072F8044698B90146D0223046A6
:10C2E40002F01DFC21464FF4F272284602F017FCBE
:10C2F40021463846FFF78AFF2046BDE8F8836FF0F1
:10C3040057040221F5E76FF07704F5E76FF00F04A7
:10C31400F2E710B50846029B114652B993F86C2017
:10C324002AB90122184683F86C20F4F7C3FE0020D2
:10C3340010BD1A6F9468002CF9D05A6FA047F6E725
:10C3440001F085BC38B50D46044660B1F03001F00B
:10C35400F7FE0DB1002038BDC4F8BC51C4F8C0517B
:10C36400C4F8C451F6E76FF01500F4E70268D2F898
:10C37400C83013B1D2F8C4101847704770478369A6
:10C384000BB9C36B19707047012070478369012B87
:10C3940003D1C36B1878C0B270470420704738B516
:10C3A400C41DE4002046FCF787FB054618B122466D
:10C3B400002102F0B4FB284638BD38B504463822C3
:10C3C400002102F0ACFB1822002104F1A40002F0C9
:10C3D400A6FB1822002104F18C0002F0A0FBD4F883
:10C3E400C000FAF7BDFCD4F8BC00FAF7B9FCD4F8E5
:10C3F400803004F154050BB12846984738220021B7
:10C40400284602F08CFBFAF70FFC002038BD0378B5
:10C414005B075FBF03684288C3F34A2303EB121030
:10C424005DBF173020F0070080080020704700200F
:10C43400704700F0EBBC0346D3E8EF0F421CC3E89F
:10C44400E12F0029F8D170471FB50023CDE902017F
:10C454001A4619461846CDE90033F5F705FB05B031
:10C464005DF804FB0120F5F7BDB800207047436870
:10C47400DA7101224368196043685A71F5F7A4B868
:10C4840070B515460C4669B1D2E901369B1B994239
:10C494000AD813680A460146981902F01AFBAB68D9
:10C4A4002344AB60204670BD6FF01B00FBE770B502
:10C4B4000E4615461946044618B9BDE87040F5F70E
:10C4C40091B833B1C2F34A231030120D184402F06C
:10C4D40000FBC4E900562046BDE87040F5F724BAD5
:10C4E4002DE9F3415F1C4FEA8708064608F117005F
:10C4F40020F0070080080C461546F5F7EDF80023F8
:10C504008DF80470ADF805308DF8073068B1034636
:10C51400019AA8F1040143F8102F2A46294452F83D
:10C52400045B8A4243F8045FF9D100233146A20137
:10C5340002F4E07242EA482222F07F4222F47002BE
:10C5440022F03F0202B0BDE8F041FFF7B0BF07B5EB
:10C554000123019201AAFFF7C3FF03B05DF804FBB6
:10C5640007B5CDE9002302236A46FFF7B9FF03B0FC
:10C574005DF804FB1FB5CDE90123069B01AA0393D3
:10C584000323FFF7ADFF05B05DF804FBF8B50646DD
:10C594000D4614461F4604B9F8BD214628463A46BE
:10C5A400B047241A0544F6E710B542680446D2E9B8
:10C5B400002381680068FFF7E9FF002263681A60BE
:10C5C40010BD38B54B6805461A68CB680C469A42CC
:10C5D40002D10846FFF7E8FF6368D3E8EF2F511C48
:10C5E400C3E8E01F0028F8D1A36800209D5438BD9B
:10C5F4000A2838B504460D4602D10D20FFF7E1FFA5
:10C6040029462046FFF7DDFF002038BD2DE9F04321
:10C61400054689B008460E8891F800900C46D1F87A
:10C6240008801746F5F772FA011EC6F38216C9F39D
:10C63400C2091FDB4846F5F789F90346214651F83C
:10C64400102B6088C2F34A22002A01EB020408BFBF
:10C6540000210022C0F30B10CDE90507CDE9031436
:10C6640028464146CDE900220296F5F77BFA09B047
:10C67400BDE8F0830023E1E7436800201B685B68A2
:10C684001961704743681B681A68526853607047A1
:10C6940001212DE9F04143681B685A6811751D6832
:10C6A4002F68D5E90136D3E900481CB96B681C60D2
:10C6B400BDE8F081214630464246B847241A064474
:10C6C400F3E743681B681868F5F782BB70B54368E5
:10C6D4000C461D686B681869F4F760FF2146034631
:10C6E4000F222868BDE870401847FEE702F017BA29
:10C6F40002F0EFB901460068F5F7F8BC08B5F5F7A4
:10C7040051FDBDE80840F6F7CFB80A460121FFF70E
:10C714001EBF00210120F5F7E9BCD0F8943083F363
:10C724000B8870476FF08500704761B662B680F37E
:10C734001188BFF36F8F704708B572B6002383F377
:10C744001188BFF36F8F00F0D6F850B1BFF34F8F4D
:10C7540030BF00BF00BF00BF00BF00BF00BF00BFAD
:10C7640000BF62B6BFF36F8F08BD10B5044672B642
:10C77400002383F31188BFF36F8F00F0BCF850B12E
:10C78400BFF34F8F20BF00BF00BF00BF00BF00BF7B
:10C7940000BF00BF00BF84F31188BFF36F8F62B680
:10C7A40010BD40E800F313F4803FD8B208BF6FF027
:10C7B4001500704730B50C684B6885B00A894D89FF
:10C7C4000094013B24F01F04234402F01F0242EAB8
:10C7D400451223F01F0369468DF808200393F6F7EA
:10C7E40017F905B030BD08B5D1E9043198470020E8
:10C7F40008BD08B5F6F728FB002008BD70470023E4
:10C8040003824369C3607047C1698968F6F788BBCE
:10C81400EFF31182202383F31288BFF36F8F002379
:10C824000B60436833B9C0E9001182F31188BFF388
:10C834006F8F704719604160F7E7034610B5EFF357
:10C844001181202282F31288BFF36F8F006828B110
:10C854005C680268A0421A6008BF5A6081F31188BC
:10C86400BFF36F8F10BD027A013202727047836882
:10C874000B44036070478388026819448180D01890
:10C88400704730B484880568A3188380281930BCA5
:10C8940002F01FB910B5838802685C1C8480D154EF
:10C8A400D01810BD034600689A88401A11441860D5
:10C8B400998070470268531E036083880133838024
:10C8C40002F8011C704703468288521A828000686D
:10C8D400084418607047034600689A88521A014455
:10C8E4009A801960704710B5036801211C78FFF71E
:10C8F400EAFF204610BDF6F7AFBB4FF050230122EC
:10C9040070B50C460546C3F814260020F6F738FC2B
:10C9140028462346BDE87040002118472DE9F04120
:10C92400064601200D46F6F72BFC4FF47F03D3F89F
:10C9340030214FF05024072AD3F834311BD1023B65
:10C94400022B18D94FF0010800270520C4F81886D7
:10C95400C4F8147600F0ADFA4046C4F8148600F02A
:10C96400A8FAC4F81476C4F8187630462B46BDE805
:10C97400F041002118470023C4F81436F5E70123D9
:10C9840010B50621044600F8013BF8F77DF918B903
:10C99400A37963F03F03A37110BD38B50446807AD0
:10C9A400F6F794FA6169054649B1637ADB0704D462
:10C9B400C36920461B689B6898470023636121462E
:10C9C4002846BDE8384001F056BDFFF7C0BDFFF76B
:10C9D400C7BD034610B5D3E8EF0F40EA0102C3E830
:10C9E400E42F002CF7D110BD0023F4F7BDBF38B5F8
:10C9F40004460D46F6F746FD5F3005D1294620462C
:10CA0400BDE83840F6F71ABD38BDD0E8EF3F0B401B
:10CA1400C0E8E23F002AF8D17047072208B502F0C7
:10CA24008DF8B0FA80F0400908BDFFF790BD18B149
:10CA340011B10846F7F7CCBC6FF01500704713B579
:10CA4400044680B106216846F8F71EF948B99DF8F6
:10CA54000530694603F03F0320468DF80530FFF7A3
:10CA6400E6FF02B010BD6FF01500FAE7003818BFFA
:10CA74000120704770B506460D464FF0FF304FF069
:10CA8400FF3186B0F6F720FF0446B0B10C3095B103
:10CA94000121FFF7FFFE204606F1100203A9082337
:10CAA4000095F6F7FFFE0022214642F20A00F7F74E
:10CAB40069F806B070BD2946EBE76FF06800F8E747
:10CAC400183001F0C3BD00692830FAF725BF1346BA
:10CAD4000A460121FFF744BD08B50020F6F782FBA2
:10CAE400002008BD0C220369C9B202FB0133986F10
:10CAF40000F00700704770B50346C9B20069EFF350
:10CB04001186202484F31288BFF36F8F0C2505FB54
:10CB14000104A46F14F0C00401D0A24211D1012277
:10CB240005FB01008267002086F31188BFF36F8F35
:10CB340030B90C225B6802FB01335B689847002024
:10CB440070BD4FF0FF30EFE78022FFF7D4BFF8B598
:10CB5400069F05460469C9B2EFF3118C202080F3C7
:10CB64001288BFF36F8F0C2606FB0146B06F00F0EE
:10CB7400070EBEF1010F10D1B76700268CF31188A0
:10CB8400BFF36F8F3EB90C2041430C44C4E91C230E
:10CB94006B685B5898473046F8BD00F0C000874288
:10CBA4000CBF6FF077064FF0FF36E7E713B580242C
:10CBB4000094FFF7CCFF02B010BD10B41C24006930
:10CBC400CBB204FB0300002110BC1047032000F08B
:10CBD400C4B9022000F0C1B9032000F0CDB902208D
:10CBE40000F0CAB91046FAF797BE00F04EBAF9F74A
:10CBF400E3BC0020704708461146F7F76BB80022E3
:10CC040008B511461046FCF701FB002818BF6FF069
:10CC1400150008BDF7B54FF480630F46164600248F
:10CC2400A64203D816D0162003B0F0BD351BB5F5C7
:10CC3400806F28BF1D4600202A4601AB3919FCF736
:10CC440077FB20B9019BAB4201D11C44E8E76FF0AC
:10CC54001500E9E70020E7E7436800205B681B69EB
:10CC64000B607047436802EA01005B6821EA020135
:10CC740098600020D9607047436800205B68996021
:10CC84007047436800205B68D960704743685B68FD
:10CC94005A6821EA0200114098600020D960704768
:10CCA40030B50369586800B30024884219D1086874
:10CCB4008CB99C685860A14200D19860002008603B
:10CCC4002AB15A680A609A68596002B999600020CA
:10CCD4000FE02846E9E720609868814208BF9C601D
:10CCE400ECE705680446002DF3D1002AE9D16FF082
:10CCF400150030BDF9F79EBD10B500690F299FBF1F
:10CD040000EB810440F821202364002088BF6FF0E9
:10CD1400150010BD002070471020704730B54368DF
:10CD24001360057A446804EBC504A34202D36FF090
:10CD3400010030BD5C7908338C42F1D10020F8E762
:10CD440043681B68D3F88004C3F8800470474268C2
:10CD54001368D3F8100150B10020126A12780A70D7
:10CD6400C3F81001D3F8102101221A6070474FF064
:10CD7400FF30704702680346D2F8580140B95B6837
:10CD8400DB0706D4D2F82001003818BF0120704711
:10CD94000120704743681B68D3F80423D20517D5D4
:10CDA400D3F82021A2B1EFF31182202181F312885C
:10CDB400BFF36F8FD3F8201131B10021C3F82011D4
:10CDC400D3F820110121D96082F31188BFF36F8F4A
:10CDD400D3F85831704713B501AA0446FFF79EFFF4
:10CDE400002805DB019B226819791868F8F744FDCF
:10CDF40002B010BD002200F150039B009BB203F16E
:10CE0400502303F580331A601B68704708B5F8F7A0
:10CE140053FF08BD034670B40C46DA8800681979DC
:10CE24002243012405698C402B6812F0010F8668A7
:10CE340014BF2343A3432B60336870BC18470123FA
:10CE440003FA01F103691B68194203D022B1836814
:10CE54001B6903E0002AFAD08368DB6818470A4696
:10CE64000121FFF774BB08B5F9F738F9002008BDB4
:10CE740008B5FCF785F848B1002383F31188BFF3A4
:10CE84006F8F0423184602DF6FF0040008BDFCF71F
:10CE940011B94FF47F03D3F83021D3F834010228B9
:10CEA40008BF072A0CBF012000207047034600205A
:10CEB400184701F078B9024610B5116891B1B1FA7A
:10CEC40081F3C3F11F000123834021EA0303D2E865
:10CED400EF4F8C4204D1C2E8EC3FBCF1000FF6D115
:10CEE400EBD110BD6FF00B00FBE710B50368CB402E
:10CEF400DB0710D401238B40026843EA0201D0E827
:10CF0400EF4F944204D1C0E8EC1FBCF1000FF6D1FE
:10CF1400F2D1002010BD6FF01500FBE770B5D0F81A
:10CF240080300646002B0C46154613DBD1F88030C2
:10CF3400002B0FDB00210846F9F7E8F948B92B78F4
:10CF440043F00043C6F880302B7843F00043C4F824
:10CF5400803070BD6FF01500FBE703280BD8DFE8C5
:10CF640000F002040608F9F727BBF9F753BAF9F7FA
:10CF7400DBBAF9F791BA704703280BD8DFE800F061
:10CF84000402060800F02EB800F07FB800F062B882
:10CF940000F044B8704708B5F9F758FAF9F750FBB0
:10CFA400F9F7E0FABDE80840F9F794BA38B54FF05C
:10CFB40050240123C4F808336360002342F210753F
:10CFC400C4F80031D4F80031D4F80C24D4F80C346B
:10CFD400D20306D5DB0704D50120FFF76AFF013D24
:10CFE400F2D138BDFFF7E2BF38B54FF050244FF40B
:10CFF4008073C4F808330123E361002342F21075FF
:10D00400C4F82031D4F82031D4F85434DB0304D5E7
:10D014000120FFF74EFF013DF6D138BDFFF7E4BF15
:10D0240038B54FF050244FF40073C4F8083301238B
:10D034006362002342F21075C4F82431D4F8243119
:10D04400D4F85C34DB0304D50120FFF732FF013D43
:10D05400F6D138BDFFF7E4BF38B54FF050240223B2
:10D06400C4F808330123E360002342F21075C4F8C6
:10D074000431D4F80431D4F81834DB0304D5012086
:10D08400FFF717FF013DF6D138BDFFF7E5BFF7B550
:10D094001646DDE90847019001A81D46F9F70AFB89
:10D0A400019BB6F1000C18BF4FF0010C00EB83009C
:10D0B4000B1E18BF0123002D43EA4C030CBF4FF095
:10D0C400000C4FF00C0C002C43EA0C030CBF4FF087
:10D0D400000C4FF4706C002F43EA0C030CBF4FF0AC
:10D0E400000C4FF4403CD0F8002243EA0C0322EA3F
:10D0F400030301B109780EB13678760019430DB1F6
:10D104002D78AD0031430CB12478240229430FB1AA
:10D114003F783F040C433C43C0F8004203B0F0BDE9
:10D124001FB50DF10F03019300238DF80F101A465C
:10D1340019460093FFF7ABFF05B05DF804FB10B58B
:10D1440004460846F9F7C8FA04EB4004207DC0F30E
:10D15400401010BD10B504460846F9F7BDFA04EBBB
:10D164004004207DC0F3400010BD10B504460846BD
:10D17400F9F7B2FA04EB4004A08A400B10BD70B575
:10D18400044608461646F9F7A7FA083034F8103072
:10D194000D46DA0509D5C3F3432304EBC302314634
:10D1A400284654F8333052689847A3682BB1314667
:10D1B4002846E268BDE87040184770BD10B50446C3
:10D1C4000846F9F789FA04EB4000838ADA051DD58D
:10D1D400C3F3432123F4F853838204F1120204F1CC
:10D1E400720032F8023F13F4807F03D0C3F3432369
:10D1F40099420BD08242F4D1002204EBC1035A605D
:10D2040004F17800BDE81040FFF76FBE10BDF0B523
:10D214000446002001270546844695420AD1D4F8E5
:10D224007C3133B10023C4F87C31D4F87C3140F034
:10D234000040F0BDEBB29B0003F580769B0807FA33
:10D2440003F3194208D054F806E0BEF1000F03D0EE
:10D2540044F806C0A65918430135DEE738B504463C
:10D264000D46FFF76CFFA8B12046FFF773FF88B99E
:10D274002046FFF77AFF012322688340C2F808336F
:10D28400236803EB8000D0F8103523F00303C0F8C3
:10D29400103538BD2846BDE838400021FFF740BFAF
:10D2A4002DE9F0431746044685B00846F9F714FA09
:10D2B400D7F800800E460546B8F1000F1ED0204670
:10D2C400FFF748FF18B12046FFF739FF20BB0023C2
:10D2D4000DF10F02CDE900338DF80E308DF80F30CB
:10D2E400304643460DF10E01FFF7D1FE04EB450233
:10D2F400938A23F0020343F0010393827B689BB378
:10D304003146204693F80080D3F80490FFF722FFBB
:10D3140028B1B9F1000F1FD06FF0150027E004EB1E
:10D324004500838A23F4604323F020038382B9F108
:10D33400000F11D0B8F1030FEED87B6821685B6849
:10D3440093F800C04FEA8C031944B8F1000F11D1CF
:10D35400C1F81085C1F8108504EB4502938A23F0C7
:10D364001C0343EA88039382BB6843BB002005B0D7
:10D37400BDE8F083D1F8102522F00302C1F810258E
:10D3840022681344D3F8102522F44F3222F4407259
:10D39400C3F810253202D3F8101502F47C5242EA85
:10D3A40008420A43C3F8102504EB4C03A3F87C603D
:10D3B400838A43EA4C3343F020038382CCE731462B
:10D3C400D3E900782046FFF7F9FE002FCED063683A
:10D3D4009F4206D004F17800FFF76DFD002804DABF
:10D3E400C5E7A3689845F5D1002004EBC003C3E961
:10D3F400017804EB4505AB8AC0B243EA402343F409
:10D404008073AB82B2E72DE9F043054685B0084648
:10D4140016461F46F9F760F90C46804626B328469F
:10D42400FFF798FE18B92846FFF789FE18BB05EBED
:10D434004809B9F8143003F01C0313B17378012BB5
:10D4440019D001238DF80F3000232046CDE9006365
:10D45400721CB31C0DF10F01FFF719FEB9F814305B
:10D4640043F00303A9F81430002F3FD02146284687
:10D47400FFF770FE20B96FF0150005B0BDE8F0832A
:10D4840000223E782B684FEA860C03EB8603C3F830
:10D494001025C3F8102505EB4802938A23F4604352
:10D4A40023F020039382787800B32968BF7861441D
:10D4B400D1F81035000423F4991323F4F853C1F878
:10D4C4001035230200F4403003F47C530343380541
:10D4D400D1F8105500F4801003432B43C1F81035E4
:10D4E400938A43EA463343F0200393820020C4E73F
:10D4F400C0E90312704770B504461546FFF71FFED6
:10D5040048B10846F9F7E8F804EB40040020A38A80
:10D514005B0B2B7070BD6FF01500FBE790F88C006F
:10D52400003818BF01207047F9F7FCB82DE9F34122
:10D5340004461746FFF703FE0D462668F0B1204661
:10D54400FFF708FE8046C8B92046FFF70EFE8200AA
:10D5540002F5807346F80380F35823681344D3F824
:10D56400102542F00102C3F8102527B101232268D7
:10D574008340C2F8043302B0BDE8F081D6F8043326
:10D584002846002BA4BF4FF00043C6F80433F9F734
:10D59400A3F804EB4004A38AC3F38203042B11D041
:10D5A400052B11D001A80195F9F784F8019B0169B5
:10D5B400D94001F001010231284602B0BDE8F04132
:10D5C400FFF7AEBD0321F7E70221F5E7FFF746BEFB
:10D5D4002DE9F04389B0109E044689469046002107
:10D5E400202268461F46129D01F099FA1F2E97BF0C
:10D5F40001234FF0FF33B34003F1FF332361119B49
:10D60400C4E90098C4E902766361183445B10FCDCA
:10D614000FC495E80F0084E80F0009B0BDE8F0835B
:10D624006D46F4E773B50468651C31D08568A9427A
:10D634002ED264182CD05E18AE4288BF6B1A056ACD
:10D6440035B100930523A8470346184602B070BDC0
:10D654002146BFF35B8F184618B142EA0104A407C0
:10D664000AD103280EDC013910448242EDD011F8AE
:10D67400014F02F8014BF8E711F8014B013802F8A9
:10D68400014BE9E751F8044B043842F8044BE8E74E
:10D694006FF02103D9E773B50468651C31D0856840
:10D6A400A9422ED264182CD05E18AE4288BF6B1AE1
:10D6B400456A85B92146184618B141EA0204A4070F
:10D6C4000ED1032812DC013A0844814214D1BFF37D
:10D6D4005B8F184602E000930523A84702B070BD93
:10D6E40012F8014B013801F8014BE5E752F8044BFD
:10D6F400043841F8044BE4E712F8014F01F8014BF8
:10D70400E3E76FF02100E9E773B504681D46661C82
:10D714002BD08368994228D2641826D06E189E4272
:10D72400866A88BF5D1A2EB105230095B047284646
:10D7340002B070BD4FF0013021462B4650430BB16F
:10D744008C0707D1032B09DC0B4499420AD1BFF3A0
:10D754005B8FECE701F8012B013BF0E741F8040B88
:10D76400043BEFE701F8012BEFE76FF02100DFE75F
:10D774000020704710B4046B02460B4684B9C1689C
:10D784001F2998BF23FA01F4416861B1806883427C
:10D7940009D21069184051F82430184410BC70475D
:10D7A400234610BC18474FF0FF30F7E770B5436BC2
:10D7B40005460E46E3B90469621C09BF43680C4080
:10D7C4001C680C1B21462846FFF7D4FF864207D06D
:10D7D4002B6901331C44AB689C42F3D34FF0FF34F4
:10D7E4002868431C07D0AB68A34204D9204470BD09
:10D7F40098470446F4E70020F9E730B5059CC4E9EE
:10D804000002039A21811989E260049A61812185C9
:10D814006261D3E9002502EB0113C4E906128A1CF4
:10D82400236203EB42036A1C13446D422B40636280
:10D83400836953B90139E2698B4202EB031206DBB7
:10D84400002393736FF07F03D373002030BD013343
:10D85400D381F0E72DE9F04FB0F830A004465546E7
:10D86400002685B002EB030891460E9A00EBCA032A
:10D874001FFA88FB9A63A3F83CB008F1FF32C3692E
:10D884000F1D0192B0451ADC238D2586A3EB0B03F3
:10D894002385236A61895A8801390A4003EB4203CC
:10D8A400A3F804A0BFF35B8F0020226A53880133DE
:10D8B4005380638D0133638505B0BDE8F08FE06A62
:10D8C4002A0157F8041C03EB05150293036803921D
:10D8D400C91A83680837994228BF4FF0FF31FFF710
:10D8E40049FFDDE90232985000226A6057F8082C9B
:10D8F400AA60019A9642ACBF00220122B145D8BF6A
:10D9040042F00202AA810136ED89BBE7F0B550B3BB
:10D91400456A448E6B88A34230D0631C4386438996
:10D92400BFF35B8F013B1C4005EBC4056B689EB2E3
:10D9340009B1AD680D60D0F81CC09BB20CEB0311AB
:10D9440000EBC3039D8F078D2F44013D07859D8701
:10D954008D896F070ED5058ECD8100210686986BC3
:10D96400996302B11480F0BD9D8FC989013D0CEB10
:10D9740001119D878D89ED07F6D4ECE70020F2E7CD
:10D98400C36903EB011398687047C36909015958C7
:10D99400C06AFFF70BBF70B5BFF35B8F0D46016A1A
:10D9A4001646838E4A8804469A4212D05A1C8286AE
:10D9B4004289013A134001EB43018988298089B2E5
:10D9C400FFF7E3FF2A88E36903EB02139B683360E4
:10D9D40070BD0020FCE710B50268936912699200DB
:10D9E40017D543B9438E026A81694489013B1B1BE5
:10D9F40002EB4102938003689B69012B08D1838E5B
:10DA0400426A81694089013B1B1A02EBC10293807F
:10DA140010BD23B9026A138843F00103138003681D
:10DA24009B69012B01BF426A138843F001031380F1
:10DA3400EEE710B5BFF35B8F026804469369126981
:10DA440092001AD57BB9036A426A5B888169013BFB
:10DA540002EBC10292889B1A628D9BB29A4214D83F
:10DA64000023638510BD012BFAD1436A026A5B88E7
:10DA74008169013B02EB4102ECE763B9436A1B880D
:10DA8400DB4303F00103002BEAD06369002BE7D0EA
:10DA940020469847E4E7012BE2D1036AEFE7036AE3
:10DAA400828E598891420AD0418901390A4003EB98
:10DAB40042039A88C36903EB0213986870470020F5
:10DAC4007047BFF35B8FC36803B1184770474FF0CB
:10DAD400FF324FF0FF33F9F753BF10B1C36A01337C
:10DAE400C362704738B1C26A013AC2621AB9026BA2
:10DAF40002B110470262704770B50446056A05F129
:10DB040064063046FFF7E3FF636AA3F580637F2B67
:10DB14000BD801225909503503F01F039A4055F8D8
:10DB2400213023EA020345F82130D4E90F124A6078
:10DB3400E16B04F13C0311602046C4E90F33FFF7A5
:10DB4400D1FF3046BDE87040F9F7E6BE10B5436A30
:10DB54008CB00A932023044602460B9102A819466E
:10DB640000F002FB28230122CDE9003220463522B1
:10DB7400616A02ABF9F72CF900EAE0700CB010BD51
:10DB840030B1006A20B119B1D0F8803003B1184720
:10DB9400704730B1006A20B119B1D0F8843003B1B4
:10DBA4001847704730B1006A20B119B1D0F88830F5
:10DBB40003B11847002070472DE9F843074688460B
:10DBC400154699460668B74203D100242046BDE8AD
:10DBD400F8836A1CA6F13C0402D0636AAB42F5D018
:10DBE400B8F1000F10D020224146204600F0B6FFC5
:10DBF40050B9B9F1FF3F02D0A36A4B45E6D06B1C84
:10DC040002D1A36A0133E1D03668DCE770B505467A
:10DC14000C461E46CAB120232046194600F0A4FA39
:10DC24000123E362049B6662A362059B256263632E
:10DC3400069BA363079B63646A6804F13C03C4E91D
:10DC44000F526B60226C136070BD0A70E8E710B568
:10DC5400044690B1036A83B102784AB193F89C30C8
:10DC640033B1436AB3F5806F02D30121FFF76EFF2E
:10DC74002046BDE81040FFF73FBF10BD20B1036A46
:10DC840013B15B6803B11847704708B530B1036A34
:10DC94003BB1DB682BB19847002008BD6FF015003D
:10DCA400FBE76FF00500F8E77047F9F735BE4FF072
:10DCB400FF324FF0FF33F9F763BEF8B500F16407A4
:10DCC400A1F11006054638460C46FFF7F0FF304632
:10DCD400F9F734F980B154F8083C24F8083CD5F835
:10DCE400C43044F80C3C05F1C00344F8103CC5F8BA
:10DCF400C46054F80C3C1E603846FFF7D6FF002081
:10DD0400F8BD38B50D4600F164042046FFF7CFFF97
:10DD140055F8083C204603F5803345F8083CBDE837
:10DD24003840FFF7C2BF2DE9F043282A89B088465E
:10DD3400109D52D1D5F8B800202301688468A8EB5F
:10DD44000101A14228BF4FF0FF316A46FFF76AFC88
:10DD540005F16406D8F820903046FFF7A8FF4B463B
:10DD64004FF0FF3269462846FFF726FF044640B3CA
:10DD7400076B003F18BF0127D8F82430DB0722D5F2
:10DD840014B14FF0FF33A36217B12046FFF7A5FE8D
:10DD94003046FFF78AFF1CB1A36B0BB120469847AE
:10DDA400AB6F1BB14A46694628469847AFB1304627
:10DDB400FFF77DFF2046FFF795FE3046FFF775FF1E
:10DDC4000BE00746D8E764B93046FFF76EFF6B6F88
:10DDD4001BB14A46694628469847002009B0BDE869
:10DDE400F083C4F82890E8E7F0B504468E680D4641
:10DDF400B6B23146D0F8B00085B0FFF7C1FDD4F813
:10DE0400AC3007469A6942B90095CDE90250012326
:10DE1400D4F8B00002A9FFF71DFDD4F8AC309B691B
:10DE2400012B08D13A463146D4F8B00005B0BDE81C
:10DE3400F040F8F7B1BF05B0F0BD70B500F164066D
:10DE4400A1F1100504463046FFF731FF2846F9F7E3
:10DE540075F838B120462946FFF7C6FFD4F8B0005C
:10DE6400FFF7E7FD3046BDE87040FFF71EBF2DE920
:10DE7400FF4103689E6A06F164084046FFF717FFF6
:10DE8400D6F8AC309B69DBB9D6F8B0000DF10A02C4
:10DE940003A9FFF73BFD0446D6F8AC309B69012B80
:10DEA40007D1D6F8B00003AA0DF10A01FFF773FDFC
:10DEB40004463CB94046FFF7F8FE04B0BDE8F081E3
:10DEC4000024E9E7BDF80A3000216268A360304607
:10DED4004FF0FF33FFF770FE0546FFF7FEFDA36822
:10DEE400404603F58033A360FFF7DFFE75B1AB6AEC
:10DEF400696C013308BF2368284608BFAB622368F6
:10DF0400A28900916F6B04F11001B8474046FFF7F6
:10DF1400CEFE2846FFF7E6FD2046F9F70FF838B1A4
:10DF240030462146FFF760FFD6F8B000FFF781FDC9
:10DF34004046FFF7BAFEA0E72DE9F041A3F1100631
:10DF440053F8085C002388B00693ADF81E300446ED
:10DF54001023CDE904120E9FD0F8B800ADF81C7060
:10DF64000168D0F808C0711A0DEB0302614528BF9F
:10DF74004FF0FF3104F16408FFF78DFB4046FFF7D3
:10DF840096FED4F8AC30ADB29B69CBB9D4F8A020DE
:10DF9400D4F8AC30D4F8B4009B69C3B9CDE90262BB
:10DFA4000096012202A9FFF755FCD4F8B400FFF74C
:10DFB40040FD4046FFF779FE384608B0BDE8F081E1
:10DFC4002946D4F8B400FFF7DBFC0246E0E7012B56
:10DFD400EBD12946F8F7E0FEE7E710B548B149B1BF
:10DFE40043688B4206D382680468D21A5B1A436082
:10DFF400A01810BD0020FCE72DE9F3470546D0F832
:10E00400AC000E46174618B9002002B0BDE8F087F0
:10E01400036A002BF8D09B68002BF5D09847430780
:10E02400F2D543F69823002F18BF1F4605F1640864
:10E0340005F1C0094046FFF73AFED5F8C0404C450B
:10E0440032D08CB3D4E90023536022681A60C4E947
:10E054000044D5F8AC3021899B69ADF8061013B99A
:10E06400D5F8A0303360D5F8AC309B69012B04D1CE
:10E07400D5F8B400FFF784FC30604046FFF715FE86
:10E08400002C4BD1002FBFD0D5E92B321821128997
:10E094001B6B01FB0233D5F8C820AABB2120002149
:10E0A40000F0AAFB013FC5E7D5F8AC30D3F818A0BF
:10E0B400BAF1000F1CD13146D5F8B4000DF10602B7
:10E0C400FFF724FC04460028D7D1D5F8B4301B8DC3
:10E0D4000BB90024D1E7D5F8A010D5F8BC00FFF7A0
:10E0E4007CFFD5F8A03004463360ADF806A0C4E741
:10E0F400BAF1010FEDD13246D5F8B4000DF10601A5
:10E10400FFF749FC0446B8E71969284690476FF4BD
:10E11400FB639842C2D000288CD075E7BDF8063066
:10E1240004F1100003F58033A3603368103B3360BF
:10E134006BE720B119B112B1C0E901220160704747
:10E1440038B5044618B938BD3C38FFF780FD20685F
:10E154008442F9D10025D4F8AC00C4E92C55FFF76A
:10E164008DFDC4F8AC50EEE7F8B50446A1B1994270
:10E174000E4628BF1E46751C013D05D012F8017BD2
:10E1840000F8017B002FF7D1994207D9891B4A195E
:10E19400002100F0C4FC711B0846F8BD00230C44A8
:10E1A40004F8013CF7E708B1F4F7D8BF704710B59D
:10E1B400436904463BB90020E2684042537843F087
:10E1C4000103537010BD98470028F4D00028B8BF4D
:10E1D4004042FF28A8BFFF20E3681870ECE740B175
:10E1E400C368587810F001001EBF1878B0FA80F0A8
:10E1F40040097047EFF31183202383F31288BFF3A0
:10E204006F8FFEE710B400F10C04C0E9034410BCA6
:10E21400FDF723BB38B50446EFF31185202383F3C0
:10E224001288BFF36F8FF1F7FDFF04F10C0000F0CB
:10E23400D4FA30B1294604F11400BDE8384000F0A6
:10E24400B2BA85F31188BFF36F8F38BD10B5426938
:10E254006AB1836842EA0301890708D10169A2FB14
:10E26400011424B95B182CBF0121002102D36FF0E3
:10E27400150005E0C1609B1A02698A4201D800209A
:10E2840010BDC26801311A604269C3609B1AF3E78A
:10E2940010B5C0E904320023816083610446FFF7AE
:10E2A400D5FF08B9C4E9004410BD2DE9F041054685
:10E2B4000F46EFF31188202383F31288BFF36F8F87
:10E2C400C668FEB90468A0421CD0DCB1D4E90032AF
:10E2D40013605A60237CC4E9006623F002032374AC
:10E2E400A66004F1180000F0FAFA2046C4F8AC6005
:10E2F400676100F0FEF9414605F10800BDE8F04110
:10E3040000F051BA3E60AB69EF60013BAB6188F34A
:10E314001188BFF36F8FBDE8F081202408B5EFF3B7
:10E32400118384F31288BFF36F8FFEF705FAF6E7C3
:10E3340090F90E308B4201D0F9F7E6BE0020704709
:10E3440003460020C3E90033C3E902007047D0E963
:10E35400003213605A600023027CC0E9003322F0CB
:10E3640002020274836070472DE9F8439046044624
:10E374000D469DF82020EFF31187202181F31288A8
:10E38400BFF36F8F02B14568A66804F10809B1456F
:10E3940016D0AEB100243046FFF7D9FF06F11800BD
:10E3A40000F09DFA3046C6F8AC40C6F8148000F080
:10E3B400A0F94846394600F0F6F92046BDE8F8834E
:10E3C400A3B10820FAF788FB002832D00122C0F854
:10E3D40004800260016801F003015DB922680A4308
:10E3E4000260626820606AB960600BE04046C8F869
:10E3F4000030EFE72A68032A10D80160616839B950
:10E40400C4E90000002087F31188BFF36F8FD5E7BC
:10E414000A6802F0030202430A60E5E722F00302FD
:10E424000A4302602A6802F0030240EA02032B60F6
:10E43400E8E76FF00B00E6E710B5044630B1026878
:10E44400930703D0446809B100F0EEFA204610BDEA
:10E454000023C0E9003300F10803C0E90233704728
:10E46400012307B5009300230A461946FFF77CFFF2
:10E4740003B05DF804FB002307B50A460093194670
:10E48400FFF772FF03B05DF804FB3AB18A4205D38B
:10E49400C0E90212C0E90000002070476FF01500C7
:10E4A4007047012302688B4022EA0303036022FAC7
:10E4B40001F000F001007047704710B503210446D5
:10E4C4000C30FFF7EEFF30B104F1100000F007FA52
:10E4D400B0FA80F0400910BD20B10022BC301146D2
:10E4E40000F0C3B9704770B5C3680446C3F340066F
:10E4F4009B0716D4856802210C30FFF7D2FF80B148
:10E50400D5F8B4206AB194421DD122689EB9D5F8D9
:10E51400B830C5F8B4209C4201D1C5F8B820002316
:10E524002360E36813F01F001EBF43F00203E3609F
:10E5340040F0020070BD3260D5F8B820944208BFA4
:10E54400C5F8B860EBE716461268DBE773B5044616
:10E55400EFF31185202383F31288BFF36F8F002319
:10E564000193D0E90423B3F1004F08BF012A05D079
:10E5740085F31188BFF36F8F02B070BDA0F1100650
:10E5840003210438FFF78DFF0028F1D0A36930463A
:10E5940001A90193F9F7CAFAEAE738B504460D462A
:10E5A4001022002100F0BBFA656038BD13B501905C
:10E5B4000846EFF31184202383F31288BFF36F8F8F
:10E5C40001A9F9F7B3FA84F31188BFF36F8F02B08E
:10E5D40010BD10B5FFF7EAFF041E08DDEFF311804C
:10E5E400202383F31288BFF36F8FF9F7F9FD2046D8
:10E5F40010BD70B50D46EFF31186202383F3128806
:10E60400BFF36F8FF9F7E4FA044686F31188BFF37A
:10E614006F8F38B14FF0FF324FF0FF3305F1100028
:10E62400F9F7AEF9204670BD08B5D022002100F0FC
:10E6340076FA08BD38B530220D460021044600F0B4
:10E644006EFA4FF480736560E36038BD38B50446F4
:10E65400EFF31185202383F31288BFF36F8FFFF745
:10E664002CFF2046FFF73FFF85F31188BFF36F8F20
:10E6740038BDEFF30580003818BF012070477430AF
:10E684007047D0E9003213605A600023C0E90033B8
:10E69400704708B5FFF7F5FF037C23F0020303740A
:10E6A4000023836008BD38B504460D46F9F788FC9D
:10E6B400237C43F002032374D5B1A5602B689D42EB
:10E6C40009D16B68C4E900531C606C6010E06A688F
:10E6D4009A42F6D01B68002BF3D093F90E1094F9EC
:10E6E4000E209142F3DD5A68C4E9003214605C6084
:10E6F40038BD10B5EFF31184202383F31288BFF3E0
:10E704006F8FF9F71DFC84F31188BFF36F8F10BD71
:10E7140008B5EFF31181202282F31288BFF36F8FC3
:10E7240083680BB1FFF7B5FF81F31188BFF36F8FD7
:10E7340008BD08B5037C014613F0280F0CD183688B
:10E744000BB1FFF7A6FF0B7C084623F004030B7400
:10E75400BDE80840F9F7F4BB08BD10B5EFF3118428
:10E76400202383F31288BFF36F8F1838FFF7E1FF7C
:10E7740084F31188BFF36F8F10BD08B50346EFF320
:10E784001181202282F31288BFF36F8F00688342C5
:10E7940007D008B1FFF77DFF81F31188BFF36F8FB6
:10E7A40008BD0020F8E70846F9F742BC38B505462D
:10E7B40004680020AC4200D138BD002CFCD02046B7
:10E7C400FFF767FF04F1180000F089F82046F9F715
:10E7D400B7FB2C680120A542EDE710B5EFF31184D7
:10E7E400202383F31288BFF36F8FFFF7DFFF84F3D7
:10E7F4001188BFF36F8F10BD38B50C460546F9F785
:10E804008BFDB4F1FF3F08BFB5F1FF3F1FBF47F6D3
:10E81400FF7300224FF47A71E0FB013216BFD80B6C
:10E824004FF0FF3040EA424038BD38B50446EFF3BC
:10E834001185202383F31288BFF36F8F037C5B075A
:10E844000ED5183000F04BF8237C204623F0040347
:10E854002374F9F775FB2846BDE83840F9F7E8BB9F
:10E8640085F31188BFF36F8F38BD38B5EFF3118589
:10E87400202383F31288BFF36F8F0468A04213D060
:10E88400A4B1C4F8AC1062612046FFF702FF04F1A2
:10E89400180000F024F82046F9F752FB012085F314
:10E8A4001188BFF36F8F38BD0020F8E72046F6E7E4
:10E8B40008B50246F9F7C4FE70B1D0E904319B1AD9
:10E8C40061EBE272B3F1004F72F1000104DA002A45
:10E8D400ACBF1846002008BD6FF00040FBE70246BD
:10E8E40038B5EFF31185202383F31288BFF36F8FBC
:10E8F4000368D3B1F9F7A4FE04461046F9F7B2FE53
:10E9040000224FF000438442C0E9042305D00020D4
:10E9140085F31188BFF36F8F38BDF9F799FEFFF7C0
:10E92400C7FF0021F7F72AFBF1E7D0E90413B3F19D
:10E93400004F08BF012904D100204FF00041C2E973
:10E9440004016FF01500E3E708B5F9F793FF08BD7C
:10E95400F9F790BFB3F1FF3F08BFB2F1FF3F70B5C5
:10E9640006461D46144614D01A4316D0002B08DB65
:10E97400F9F780FF041941EB0501C6E9004130466F
:10E9840070BD6FF001031C1B4FF0FF3363EB0501F7
:10E99400F3E74FF0FF342146EFE70024FBE7B3F140
:10E9A400FF3F08BFB2F1FF3FF8B5074616461C46C5
:10E9B40010D054EA020311D0F9F75CFFB0420A46C2
:10E9C400A14103460AD2F31A64EB0204C7E90034F6
:10E9D4003846F8BD4FF0FF331C46F7E70023FBE74A
:10E9E4000023C0E9081200F11802C0E90622C0E9B8
:10E9F4000033036343637047043270B504460ED298
:10EA0400EFF31185202686F31288BFF36F8F41F050
:10EA14000401984785F31188BFF36F8F08B900206C
:10EA240070BD40F8044BFBE720B1011F50F8040C03
:10EA3400FFF7F0BB7047704700207047704710B570
:10EA4400044608B1FAF71EFA2046BDE81040FAF76A
:10EA540009BA10B50446406A10B1A16AFFF7EFFF86
:10EA64000020C4E9090010BD38B50446FFF7F1FFE2
:10EA7400237F012B0FD0023B012B0FD8236A012BDC
:10EA840014BF6FF0960500252C220021204600F0CB
:10EA940046F8284638BD236A002BF1E76FF0960547
:10EAA400F2E70020704770470020704713B500203C
:10EAB40001AB1446FAF73CFC30B9019BA34218BFE2
:10EAC4006FF0930002B010BD6FF09200FAE70020DF
:10EAD40070470A44431E914200D1704710B511F8A3
:10EAE400014B914203F8014FF9D110BD884210B592
:10EAF40001EB020402D98442234607D8431EA142F3
:10EB040007D011F8012B03F8012FF8E702448242E1
:10EB140000D110BD13F8011D02F8011DF7E70244EE
:10EB24000346934200D1704703F8011BF9E70446FA
:10EB340008B5FCF7E7FC2046F4F77EF901390244F6
:10EB440010B5904201D1002005E0037811F8014F7F
:10EB5400A34201D0181B10BD0130F2E710B56AB111
:10EB64000139841810F8012B11F8013F9A4203D19E
:10EB7400A04201D0002AF5D1D01A10BD1046FCE7FE
:10EB84000139034610B532B111F8014F013A03F8C7
:10EB9400014B002CF7D11A440021934200D110BD3F
:10EBA40003F8011BF9E70246014410B58A421346F3
:10EBB40003D01C780132002CF8D1181A10BDF0B51E
:10EBC400C3F13707044603F01F031046FFB2082BB6
:10EBD400E6B232D0102B3DD06508A40845EAC175D1
:10EBE40044EA81748A082D1942EB5102290941EA49
:10EBF40002716D1842EB1212290A41EA02616D1882
:10EC040042EB1222290C41EA02416D1842EB1242F6
:10EC1400AD1842F10002EC0844EA4274D10804EB56
:10EC24008402A6EB4205EDB2092D0CD90134A5F1FD
:10EC34000A0541F10001EDB212E0E40806F007050F
:10EC440044EA4174C908303554EA010200F8015B12
:10EC5400BDD1F0BD240906F00F0544EA0174090989
:10EC6400092D84BFED19EDB2EDE7D1E904329342E9
:0CEC74001EBF5A1C0A6118707047000097
:10EC80001D32000000000000150E00000000000012
:10EC90000000000040ED00008D7600000000000044
:10ECA000B1760000000000000000000078ED0000D8
:10ECB000000000005CED000093CE000000000000AA
:10ECC0000000000094ED000000000000B0ED000026
:10ECD00000000000CCED0000255300000000000003
:10ECE000255E000000000000A514000000000000E8
:10ECF000752E00000000000000000000E8ED00009C
:10ED0000F160000000000000ED8A0000000000003B
:10ED10000000000004EE00000000000020EE0000F3
:10ED20006BCE00000000000075CE00000000000067
:10ED3000D133000000000000891E00000000000028
:10ED40000C0B0100B0F40000B0F00000A4030020A0
:10ED5000E01800206D50000000000000650B01006D
:10ED6000E8F400006CF00000AA03002084190020E1
:10ED70004155000000000000710B0100FCF4000090
:10ED80006CF00000AC0300209019002041550000F9
:10ED900000000000460B01000000000064F00000CD
:10EDA000A603002000000000F7CB000000000000D8
:10EDB000550B010000000000E0F40000A803002053
:10EDC0000000000003CC000000000000910C0100D6
:10EDD00010F50000CCF00000B0030020241A002041
:10EDE000D95A000000000000590C0100A0020020C8
:10EDF00090F00000AE0300209C1900208556000012
:10EE000000000000D90A01002C01002090F200004F
:10EE1000A0030020480500201FC2000000000000E1
:10EE2000D20A010000000000A4F00000A2030020AC
:0CEE300064020020000000000000000050
:10EE3C000000000017C700000000000017C700000A
:10EE4C000000000017C700000000000017C70000FA
:10EE5C000000000017C700009BCF0000B1CE0000DF
:10EE6C000000000017C700000000000017C70000DA
:10EE7C00CCED000099CD00000000000017C7000089
:10EE8C000000000017C700000000000017C70000BA
:10EE9C000000000017C70000B4010020F9CC0000EE
:10EEAC000000000017C700000000000017C700009A
:10EEBC000000000017C700000000000017C700008A
:10EECC000000000017C700000000000017C700007A
:10EEDC000000000017C7000000000000B55E000035
:10EEEC000000000017C700000000000017C700005A
:10EEFC000000000017C700000000000017C700004A
:10EF0C000000000017C700000000000017C7000039
:10EF1C000000000017C700000000000017C7000029
:10EF2C000000000017C700000000000017C7000019
:10EF3C000000000017C700000000000017C7000009
:10EF4C000000000017C700000000000017C70000F9
:10EF5C000000000017C700000000000017C70000E9
:10EF6C000000000017C700000000000017C70000D9
:10EF7C000000000017C700000000000017C70000C9
:10EF8C00896A0000B1CE00000000000017C7000025
:10EF9C000000000017C700000000000017C70000A9
:10EFAC000000000017C700000000000017C7000099
:10EFBC000000000017C700000000000017C7000089
:10EFCC000000000017C700000000000017C7000079
:10EFDC000000000017C700000000000017C7000069
:10EFEC000000000017C700000000000017C7000059
:10EFFC000000000017C700000000000017C7000049
:10F00C000000000017C700000000000017C7000038
:10F01C000000000017C700000000000017C7000028
:10F02C000000000017C700000000000017C7000018
:10F03C000000000017C700000000000017C7000008
:10F04C000000000017C700000000000017C70000F8
:08F05C000000000017C70000CE
:08F06400FBCB000000000000DE
:10F06C00755300005DCC000069CC00007DCC000025
:10F07C0087CC000091CC00007D550000A5CC000091
:04F08C000000000080
:10F09000B5570000FDCC000019CD00001DCD0000CB
:04F0A00021570000F4
:0CF0A400154F0000914F0000B14C00001F
:10F0B000CD5000004DCB0000B1CB0000000000009F
:0CF0C000E9CA0000000000000000000091
:0CF0CC0053CD0000215A000045CD00008B
:10F0D80056F7000003000000A90701000300000024
:10F0E800FEFF00000300000005000100030000000F
:10F0F8000006010003000000E90A01000300000007
:10F10800F70A010003000000EC07010003000000FB
:10F11800500701000300000085F80000030000000C
:10F12800380B010003000000F60C0100030000008A
:10F1380026F900000300000046F900000300000063
:10F148004AF900000300000043FA00000300000031
:10F15800640C01000300000017FF0000030000001A
:10F168009EFF000003000000A6FF0000030000004F
:10F17800E30E010003000000DAF7000003000000BE
:10F18800B5FF00000300000096F80000030000002F
:08F198009B0C010003000000C4
:10F1A00050F300005C01002032FA00000100000072
:10F1B000040000000F000000010000000800000033
:10F1C000200000006000000070000000100000003F
:10F1D0000C0000000E000000500000007400000051
:10F1E000A8000000FFFFFFFFFFFFFFFFFFFFFFFF83
:04F1F000FFFFFFFF1F
:10F200000000000000000000A0000000F00000006E
:10F21000000000006D6C000006000000E704010023
:10F22000EC040100F0040100F4040100F804010002
:10F23000FC040100000501000405010008050100AF
:10F240000C0501001005010014050100180501005E
:10F250001C0501002005010024050100280501000E
:10F260002C05010000020000000200000000000068
:10F270000338FDD8704700002419000084030020E3
:10F28000010100009D030020090D000048F7000067
:10F290006D0E000061C20000E910000000000000D7
:10F2A00035110000251200009BC000000FC10000B6
:10F2B000A3C00000D5C00000BFC00000A9C000006E
:10F2C000000000000000000091C3000083C30000A4
:10F2D0008DC3000081C3000000000000000000009A
:10F2E000000000000000000071C30000A009002021
:10F2F0000001000069C4000013C400000200000007
:10F3000011C6000000000000000000000000000026
:10F310000000000012FA00001AFA000000000000CD
:10F32000000000000000000022FA000026FA0000A1
:10F330002AFA00002EFA000040F300001413002007
:10F34000591E00002C1300204E2100200100000057
:10F35000D1C60000C7C6000095C6000089C60000DF
:10F36000000000007DC6000000000000000000005A
:10F37000EFC600009C010020940100208C010020B9
:10F380000000000084010020E11F0000B11E000009
:10F39000051F0000791F0000000000200000000091
:10F3A0000600010002000000ACF3000000000000B5
:10F3B0008AFF000006000000E0FF0F0000000020B0
:10F3C00092FF000021000000E0FF0620A4010020C1
:10F3D000012F00000000000001C8000021C900004A
:10F3E000FFC8000000000000D0F30000F8F30000A8
:10F3F0004700000000000000C05B0020D0F30000C8
:10F400000CF400002E00000000000000A05F0020AF
:10F41000D0F3000020F40000020100000000000012
:10F4200074600020300501004E05010069050100EF
:10F4300079050100860501008F0501009605010090
:10F440009D050100A4050100AC0501008605010031
:10F45000B4050100C6050100DB050100EE05010051
:10F460000E030000454200000F040000114200009E
:10F470003E010000D9340000FF01000019350000F2
:10F480003E010000F934000010010000AD3300001F
:10F49000D0F30000A0F400004700000000000000CE
:10F4A0009061002029500000F94F0000000000008A
:10F4B0007D510000FD500000170B0100F3CB000050
:10F4C000EFCB00001D0B0100D7CB0000E3CB000009
:10F4D000230B0100D1CB0000DDCB00002D0B010080
:10F4E00019CC000000000000FFFF0000002884503D
:10F4F000B40100200000000001000000FFFFFFFF3A
:10F5000000258450B401002000000000000000002D
:10F5100000800050010000000000000034F50000F1
:10F520000000D6010000000000000000D4210020EF
:10F53000D32100200080005040F5000001000000B1
:10F5400048F5000004000000140000001300000251
:10F55000160600011506000378ED00001C000100EE
:10F5600078ED00001D00010078ED00001E00010094
:10F5700078ED00001F0001000800000003000000FB
:10F580000800000003000000270D01003A0D0100F3
:10F590004D0D0100600D0100730D0100860D01008D
:10F5A000990D0100AC0D01008F0E01009D0E0100B0
:10F5B000B10E0100C00E0100CC0E010080EC000075
:10F5C00088EC0000E0EC0000E8EC000038ED000002
:10F5D00040ED0000E60E0100000100000000000008
:10F5E00023EB0000FF8FFFFFFF8FFFFFFE8FFFFF6A
:10F5F000FE8FFFFFFD8FFFFFFC8FFFFFFC8FFFFFE4
:10F60000FB8FFFFF4661696C20746F206163717529
:10F61000697265206D757465780A00004661696CD1
:10F6200020746F20696E63726561736520504D2090
:10F63000636F756E7465720A000000006D75746505
:10F64000785F667265652063616C6C6564207769BC
:10F650007468204E554C4C20706172616D65746504
:10F660007200000043616E277420696E69746961DD
:10F670006C697A65206D757465782C2077617320CC
:10F680004E554C4C0D0A0000466174616C20657249
:10F69000726F7200436F756C64206E6F74206C6FB4
:10F6A000636B20706F7765722073617665206D756E
:10F6B000746578004C45447320696E6974206661F6
:10F6C000696C65642028657272202564290A0042ED
:10F6D0004C4520696E6974206661696C65642028F8
:10F6E000657272202564290A00426C7565746F6F1B
:10F6F000746820696E697469616C697A65640A006E
:10F700004164766572746973696E67206661696CBD
:10F71000656420746F20737461727420286572723E
:10F72000202564290A004164766572746973696EE4
:10F7300067207375636365737366756C6C7920738A
:10F740007461727465640A004E6F726469635F422B
:10F750006561636F6E004C6573736F6E325F4578E1
:10F7600065726369736531006865617020636F72EB
:10F7700072757074696F6E20286E6F7420696E20C8
:10F780007573653F2920617420257000686561707C
:10F7900020636F7272757074696F6E20286275666F
:10F7A000666572206F766572666C6F773F2920619F
:10F7B00074202570006865617020636F72727570C7
:10F7C00074696F6E2028646F75626C65206672655F
:10F7D000653F29206174202570006F735F68656143
:10F7E000700028756E7369676E65642920636861AF
:10F7F00072202A207573656420666F72202525703B
:10F8000020617267756D656E742E204974277320B0
:10F810007265636F6D6D656E64656420746F2063DF
:10F8200061737420697420746F20766F6964202A74
:10F830002062656361757365206974206D6179204C
:10F840006361757365206D69736265686176696F60
:10F850007220696E206365727461696E20636F6ED9
:10F8600066696775726174696F6E732E2053747266
:10F87000696E673A2225732220617267756D656E25
:10F88000743A25640063627072696E74665F7061B9
:10F89000636B616765007379735F6765746F70741C
:10F8A00000496E76616C696420696E7374616E6381
:10F8B0006500496E76616C6964206261636B656E98
:10F8C0006420636F6E66696775726174696F6E003C
:10F8D000496E76616C696420696E7374616E6365EC
:10F8E0002C20656E64706F696E74206F7220636F78
:10F8F0006E66696775726174696F6E00496E7661D4
:10F900006C696420656E64706F696E7400456E6426
:10F91000706F696E74206E6F74207265676973749E
:10F92000657265640A006970635F73657276696306
:10F9300065006D626F785F777120232564006C6FBE
:10F940006767696E67006C6F67006C6F675F6D67F4
:10F950006D74004D657373616765202822257322DD
:10F96000292064726F7070656420626563617573CD
:10F970006520697420657863656564732073697AAE
:10F9800065206C696D69746174696F6E20282575D6
:10F9900029004D6573736167652064726F707065CF
:10F9A000642062656361757365206974206578639E
:10F9B000656564732073697A65206C696D6974612B
:10F9C00074696F6E2028257529001B5B306D00253A
:10F9D0007320005B2530386C755D20005B2530326C
:10F9E000753A253032753A253032752E253033750B
:10F9F0002C253033755D20003C25733E2000257397
:10FA00002F0025733A20002530327820007C002515
:10FA100063001B5B313B33316D001B5B313B333388
:10FA20006D006572720077726E00696E66006462C6
:10FA300067006C6F675F6261636B656E645F7561C1
:10FA40007274006C6F675F75617274002A2A2A20D5
:10FA5000426F6F74696E67206E524620436F6E6E00
:10FA60006563742053444B2076332E342E302D3969
:10FA70003935353330353536303762202A2A2A0A6F
:10FA8000002A2A2A205573696E67205A65706879A2
:10FA900072204F532076342E342E302D626638304B
:10FAA0003165346533643139202A2A2A0A006D759C
:10FAB0007465785F696E69742063616C6C6564203D
:10FAC00077697468204E554C4C20706172616D6589
:10FAD00074657200436F756C64206E6F7420616C86
:10FAE0006C6F63617465206D7574657820626566FE
:10FAF0006F726520696E697469616C697A696E6795
:10FB00000072302F61313A2020307825303878204B
:10FB10002072312F61323A20203078253038782019
:10FB20002072322F61333A20203078253038780027
:10FB300072332F61343A20203078253038782072A3
:10FB400031322F69703A2020307825303878207291
:10FB500031342F6C723A20203078253038780020EC
:10FB6000787073723A2020307825303878004661FA
:10FB7000756C74696E6720696E73747275637469ED
:10FB80006F6E206164647265737320287231352F43
:10FB90007063293A2030782530387800556E6861D6
:10FBA0006E646C6564204952516E3A202564002AC7
:10FBB0002A2A2A2A205553414745204641554C546C
:10FBC000202A2A2A2A2A0020204469766973696F2C
:10FBD0006E206279207A65726F002020556E616C0C
:10FBE00069676E6564206D656D6F7279206163630E
:10FBF000657373002020537461636B206F766572A8
:10FC0000666C6F772028636F6E74657874206172FC
:10FC10006561206E6F742076616C69642900202014
:10FC20004E6F20636F70726F636573736F722069BC
:10FC30006E737472756374696F6E73002020496C03
:10FC40006C6567616C206C6F6164206F662045583D
:10FC5000435F52455455524E20696E746F20504395
:10FC6000002020496C6C6567616C20757365206F9E
:10FC700066207468652045505352002020417474FA
:10FC8000656D707420746F20657865637574652088
:10FC9000756E646566696E656420696E73747275ED
:10FCA0006374696F6E002A2A2A2A2A204D50552033
:10FCB0004641554C54202A2A2A2A2A0020205374CF
:10FCC00061636B696E67206572726F722028636F63
:10FCD0006E746578742061726561206D69676874FF
:10FCE000206265206E6F742076616C696429002043
:10FCF00020556E737461636B696E67206572726FF5
:10FD00007200202044617461204163636573732035
:10FD100056696F6C6174696F6E0020204D4D4641CD
:10FD20005220416464726573733A203078257800FC
:10FD30002020496E737472756374696F6E2041631D
:10FD4000636573732056696F6C6174696F6E002010
:10FD500020466C6F6174696E672D706F696E7420D8
:10FD60006C617A7920737461746520707265736553
:10FD700072766174696F6E206572726F72002A2AE2
:10FD80002A2A2A20425553204641554C54202A2ADB
:10FD90002A2A2A002020537461636B696E672065EC
:10FDA00072726F72002020507265636973652064FF
:10FDB00061746120627573206572726F7200202019
:10FDC0004246415220416464726573733A20307830
:10FDD0002578002020496D70726563697365206421
:10FDE00061746120627573206572726F72002020E9
:10FDF000496E737472756374696F6E2062757320D7
:10FE00006572726F72005265736572766564204523
:10FE10007863657074696F6E20280053707572691D
:10FE20006F757320696E74657272757074202849DD
:10FE300052512000535053454C20696E2074687213
:10FE4000656164206D6F646520646F6573206E6FFB
:10FE50007420696E64696361746520505350002A90
:10FE60002A2A2A2A2048415244204641554C5420EF
:10FE70002A2A2A2A2A002020427573206661756C7E
:10FE800074206F6E20766563746F72207461626C8B
:10FE90006520726561640020204465627567206595
:10FEA00076656E740020204661756C7420657363FE
:10FEB000616C6174696F6E20287365652062656C82
:10FEC0006F772900415243485F45584345505420BD
:10FED0007769746820726561736F6E2025780A00F7
:10FEE0002A2A2A2A2A204465627567206D6F6E6966
:10FEF000746F7220657863657074696F6E202A2A4A
:10FF00002A2A2A002A2A2A2A2A2025732025642917
:10FF1000202A2A2A2A2A006D7075004661696C65BC
:10FF20006420746F20616C6C6F63617465206E6512
:10FF300077204D505520726567696F6E2025750AD0
:10FF400000506172746974696F6E2025753A206380
:10FF50006F686572656E636520636865636B2066B4
:10FF600061696C65642E00496E76616C6964207508
:10FF70006E6465726C79696E6720726567696F6E11
:10FF800020696E64657820257500464C4153485FB2
:10FF900030005352414D5F300065786974006E65E2
:10FFA000745F627566006E65745F6275665F736923
:10FFB0006D706C6500736F63007075626C696300CF
:10FFC00072616E646F6D007075626C69632D696437
:10FFD0000072616E646F6D2D696400253032583A8D
:10FFE000253032583A253032583A253032583A25A1
:10FFF0003032583A2530325820282573290062744F
:020000021000EC
:100000005F6275660062745F64617461004861726A
:100010006477617265206572726F722C20686172FC
:10002000647761726520636F64653A2025640062BD
:10003000745F74785F70726F636573736F7200437F
:100040006F756C64206E6F74207375626D697420B7
:1000500072785F776F726B3A20256400556E686125
:100060006E646C6564206576656E7420307825302A
:100070003278206C656E2025753A20257300546F08
:100080006F20736D616C6C20282575206279746512
:100090007329206576656E742030782530327800BB
:1000A000556E68616E646C65642076656E646F720F
:1000B0002D7370656369666963206576656E74206B
:1000C000307825303278206C656E2025753A2025F1
:1000D00073004E6F20636F6D6D616E642073656E8B
:1000E0007420666F7220636D6420636F6D706C6541
:1000F000746520307825303478004F70436F646524
:100100002030782530347820636F6D706C657465AD
:100110006420696E7374656164206F662065787011
:1001200065637465642030782530347800496E76D4
:10013000616C696420484349206576656E7420735C
:10014000697A65202825752900496E76616C696495
:10015000204C45206D657461206576656E74207352
:10016000697A65202825752900574553545F544FF7
:10017000504449522F7A65706879722F7375627393
:1001800079732F626C7565746F6F74682F686F7305
:10019000742F6863695F636F72652E6300657674A0
:1001A0005F666C6167732026202831554C203C3CEB
:1001B000202830292900415353455254494F4E209D
:1001C0004641494C205B25735D20402025733A252C
:1001D000640A00496E76616C6964206275662074F9
:1001E0007970652025750062745F6863695F657664
:1001F000745F6765745F666C616773286864722DED
:100200003E657674292026202831554C203C3C2020
:100210002831292900556E6B6E6F776E20627566E6
:10022000207479706520257500756E6B6E6F776E22
:10023000005B305D00484349207472616E73706FDB
:1002400072743A20257300495043004964656E7406
:1002500069747925733A202573004964656E746961
:1002600074795B25645D3A202573004843493A2040
:1002700076657273696F6E2025732028307825307B
:10028000327829207265766973696F6E203078251F
:100290003034782C206D616E75666163747572659B
:1002A0007220307825303478004C4D503A207665F5
:1002B0007273696F6E20257320283078253032786C
:1002C0002920737562766572203078253034780085
:1002D000556E61626C6520746F2073656E64207466
:1002E0006F206472697665722028657272202564B9
:1002F0002900657272203D3D20300009436F6E7405
:10030000726F6C6C657220756E726573706F6E7350
:100310006976652C20636F6D6D616E64206F70630C
:100320006F6465203078253034782074696D656F8E
:1003300075742077697468206572722025640A00DC
:100340006F70636F64652030782530347820737463
:100350006174757320307825303278202573004E13
:100360006F6E2D4C452063617061626C6520636F18
:100370006E74726F6C6C657220646574656374650D
:1003800064210056656E646F722048434920657889
:1003900074656E73696F6E73206E6F742061766121
:1003A000696C61626C6500485720506C6174666FBF
:1003B000726D3A2025732028307825303478290052
:1003C00048572056617269616E743A20257320285F
:1003D00030782530347829004669726D776172650E
:1003E0003A20257320283078253032782920566528
:1003F0007273696F6E2025752E2575204275696CA4
:1004000064202575004661696C656420746F2072F4
:1004100065616420737570706F72746564207665B1
:100420006E646F7220636F6D6D616E647300466100
:10043000696C656420746F207265616420737570E7
:10044000706F727465642076656E646F7220666585
:1004500061747572657300484349206472697665FA
:1004600072206973206E6F74207265616479004236
:1004700054205258205751004843492064726976ED
:100480006572206F70656E206661696C65642028F6
:1004900025642900556E657870656374656420482D
:1004A0004F53545F4E554D5F434F4D504C4554454F
:1004B000445F5041434B4554532C20737461747511
:1004C000732030782530327820257300556E636CA8
:1004D00065617265642070656E64696E672073651E
:1004E0006E745F636D6400312E306200312E310016
:1004F000312E3200322E3000322E3100332E3000B9
:10050000342E3000342E3100342E3200352E30009F
:10051000352E3100352E3200352E3300352E340085
:10052000362E3000362E3100362E3200362E330075
:100530005374616E6461726420426C7565746F6F90
:10054000746820636F6E74726F6C6C6572005665B0
:100550006E646F7220737065636966696320636F90
:100560006E74726F6C6C6572004669726D77617241
:1005700065206C6F616465720052657363756520F8
:10058000696D616765007265736572766564006E9A
:100590005246353178006E5246353278006E5246FA
:1005A000353378006E524635344878006E52463501
:1005B000344C7800496E74656C20436F72706F72B2
:1005C0006174696F6E004E6F726469632053656D6C
:1005D00069636F6E647563746F72004E5850205378
:1005E000656D69636F6E647563746F7273004573D4
:1005F000707265737369662053797374656D7300E7
:1006000062745F6863695F636F726500636D642025
:10061000646973616C6C6F776564004F6E6C7920F0
:1006200072616E646F6D20737461746963206964B4
:10063000656E746974792061646472657373207384
:100640007570706F7274656400496E76616C696470
:1006500020696E70757420706172616D6574657269
:1006600073004661696C656420746F207265616413
:10067000207075626C6963206164647265737300D5
:1006800052656164205374617469632041646472CB
:10069000657373657320636F6D6D616E64206E6F3B
:1006A0007420617661696C61626C65004661696C99
:1006B000656420746F20726561642073746174696D
:1006C0006320616464726573736573004E6F207399
:1006D0007461746963206164647265737365732007
:1006E00073746F72656420696E20636F6E74726FCD
:1006F0006C6C65720043616E2774207365742062B0
:100700006F7468204944454E544954592026204E60
:1007100052504100556E61626C6520746F207365A4
:1007200074206964656E74697479206164647265AB
:10073000737300556E61626C6520746F207365740D
:100740002072616E646F6D20616464726573730002
:1007500062745F696400546F6F206269672061642E
:10076000766572746973696E6720646174610046AE
:1007700061696C656420746F2073746172742061A8
:10078000647665727469736572004661696C65644C
:1007900020746F2073746F70206164766572746961
:1007A00073696E673A2025640062745F6164760045
:1007B0007073615F63727970746F5F696E697428BA
:1007C00029206661696C6564202564007073615F2F
:1007D00067656E65726174655F72616E646F6D28C6
:1007E00029206661696C65642025640062745F6815
:1007F0006F73745F63727970746F004661696C65C2
:100800006420746F2073656E6420286572722025E1
:100810006429004E6F7420656E6F7567682064618F
:100820007461202825752920666F72206576656EB3
:1008300074206865616465722028257A75290045F1
:1008400076656E74207061796C6F6164206C656E82
:10085000677468206973206E6F7420636F727265AD
:1008600063742028257520213D2025752900436FBC
:10087000756C646E277420616C6C6F6361746520A5
:1008800061206275666665722061667465722077A4
:10089000616974696E67203130207365636F6E64BF
:1008A000732E004E6F7420656E6F756768207370CD
:1008B00061636520696E2062756666657220257ABF
:1008C000752F257A75004E6F7420656E6F75676899
:1008D0002064617461202825752920666F7220418B
:1008E000434C206865616465722028257A7529006B
:1008F0004E6F20617661696C61626C652041434C8A
:100900002062756666657273210041434C207061F8
:10091000796C6F6164206C656E6774682069732000
:100920006E6F7420636F7272656374202825752062
:10093000213D20257529004E6F7420656E6F756707
:10094000682064617461202825752920666F7220F3
:1009500049534F206865616465722028257A75299E
:10096000004E6F20617661696C61626C652049534D
:100970004F20627566666572732028257A75292175
:100980000049534F207061796C6F6164206C656E13
:10099000677468206973206E6F7420636F7272656C
:1009A00063742028257520213D20256C752900556C
:1009B0006E6B6E6F776E20484349207479706520A6
:1009C000257500484349207472616E73706F7274AC
:1009D000207365747570206661696C656420776941
:1009E00074683A2025640A00495043207365727682
:1009F00069636520696E7374616E636520696E69F1
:100A00007469616C697A6174696F6E206661696C82
:100A100065643A2025640A005265676973746572DB
:100A2000696E6720656E64706F696E7420666169B7
:100A30006C6564207769746820256400456E647075
:100A40006F696E742062696E64696E6720666169A1
:100A50006C6564207769746820256400446572655C
:100A6000676973746572696E672048434920656ED3
:100A700064706F696E74206661696C656420776963
:100A800074683A20256400436C6F73696E6720496F
:100A900050432073657276696365206661696C6591
:100AA0006420776974683A202564004843492074BB
:100AB00072616E73706F72742074656172646F77A7
:100AC0006E206661696C656420776974683A2025D8
:100AD000640062745F6863695F69706330006E729E
:100AE000665F62745F6863690062745F6863695F10
:100AF0006472697665720062745F6863695F6E72C2
:100B00006635335F737570706F727400636C6F63FA
:100B10006B4035303030006866636C6B006C666328
:100B20006C6B006866636C6B3139326D00686663AC
:100B30006C6B617564696F00636C6F636B5F636F8F
:100B40006E74726F6C00656E74726F70795F627430
:100B50005F6863690063727970746F403530383450
:100B600034303030006770696F403834323830309C
:100B7000006770696F403834323530300074785F08
:100B80006D61736B20746F6F2062696720286F72CC
:100B9000204950435F434F4E465F4E554D20746F82
:100BA0006F20736D616C6C290072785F6D61736B7F
:100BB00020746F6F2062696720286F72204950434C
:100BC0005F434F4E465F4E554D20746F6F20736DDF
:100BD000616C6C2900456E61626C696E67206368A8
:100BE000616E6E656C20776974686F757420612022
:100BF000726567697374657265642063616C6C62A9
:100C000061636B0A0053656E64696E67206461748A
:100C100061206E6F7420737570706F7274656400FC
:100C20005258206576656E74206F6E20696C6C6515
:100C300067616C206368616E6E656C005258206558
:100C400076656E74206F6E2064697361626C656492
:100C5000206368616E6E656C006D626F7840326112
:100C6000303030006D626F785F6E7266785F6970E9
:100C700063004661696C656420746F20616C6C6F01
:100C80006361746520505049204368616E6E656CE5
:100C90000075617274403830303000756172745F75
:100CA0006E7266785F7561727465004C45442069A8
:100CB0006E646578206F7574206F66207468652097
:100CC00072616E67650043616E6E6F742077726942
:100CD0007465204C4544206770696F0043616E6EF7
:100CE0006F7420636F6E666967757265204C45444A
:100CF000206770696F00646B5F627574746F6E73E8
:100D00005F616E645F6C65647300756E72656769C0
:100D1000737465726564202573206275730A0067B9
:100D2000656E65726963006D6574616C3A20656D0E
:100D3000657267656E63793A20006D6574616C3A1F
:100D400020616C6572743A2020202020006D65744B
:100D5000616C3A20637269746963616C3A202000A7
:100D60006D6574616C3A206572726F723A20202052
:100D70002020006D6574616C3A207761726E696E37
:100D8000673A202020006D6574616C3A206E6F74A4
:100D90006963653A20202020006D6574616C3A20FB
:100DA000696E666F3A202020202020006D657461F6
:100DB0006C3A2064656275673A2020202020002567
:100DC000733A2066726565696E67206E6F6E2D6579
:100DD0006D707479207669727471756575650D0A28
:100DE00000756E657870656374656420627566660B
:100DF00065722068656C6420636F756E7465720D32
:100E00000A0072785F76710074785F7671004E53D5
:100E10000048616C74696E672073797374656D0046
:100E2000556E6B6E6F776E206572726F72003E3E0C
:100E30003E205A455048595220464154414C204585
:100E400052524F522025643A202573206F6E204362
:100E50005055202564004661756C74206475726974
:100E60006E6720696E746572727570742068616E49
:100E7000646C696E670A0043757272656E742074E3
:100E800068726561643A2025702028257329004323
:100E9000505520657863657074696F6E00556E6893
:100EA000616E646C656420696E74657272757074CD
:100EB00000537461636B206F766572666C6F7700A8
:100EC0004B65726E656C206F6F7073004B65726E50
:100ED000656C2070616E69630069646C65006D61AA
:100EE000696E006F7300737973776F726B7100288E
:100EF0006E756C6C29002A666C6F61742A00206D17
:100F0000657373616765732064726F7070656420C8
:100F10002D2D2D0D0A1B5B306D001B5B313B3331DA
:100F20006D2D2D2D200021200B0A00000000000057
:100F300000FFFFFFFFFFFF00000000000030313224
:100F400033343536373839616263646566000104CD
:100F50000002000000020000000000000005000088
:100F6000000000000000000000000000000500017B
:100F70000203040506070B002030303030303030DB
:0C0F800030303030303030000100000014
:100F8C000000000000000000000000000000000055
:100F9C000000000000000000000000000000000045
:100FAC000000000000000000000000000000000035
:100FBC000000000000000000000000000000000025
:100FCC000000000000000000000000000000000015
:100FDC000000000000000000000000000000000005
:100FEC0000000000000000000000000000000000F5
:100FFC0000000000000000000000000000000000E5
:10100C0000000000000000000000000000000000D4
:10101C0000000000000000000000000000000000C4
:10102C0000000000000000000000000000000000B4
:10103C0000000000000000000000000000000000A4
:10104C000000000000000000ED4100000000000066
:10105C000000000000000000000000000000000084
:10106C000000000000000000000000000000000074
:10107C000000000000000000000000000000000064
:10108C000000000000000000000000000000000054
:10109C000000000000000000000000000000000044
:1010AC000000000020EE00009FB9000000000000CE
:1010BC000000072000000100E8ED00000000000027
:1010CC00E8ED00000100000002000000000000003C
:1010DC00000000000002000033C4000038F30000E0
:1010EC0000000000680400203A00000054040020B6
:1010FC003A0000002C0400203A00000018040020E4
:10110C003A000000400400203A0000007C0400205B
:10111C003A000000040400203A0000009004002073
:10112C003A00000000000000F7C7000000000000BB
:10113C000000000000D00050000000000000000083
:10114C000000000000000000000000000000000093
:10115C000000000000000000000000000000000083
:10116C000000000000000000000000000000000073
:10117C000000000000000000000000000000000063
:10118C000000000000000000000000000000000053
:10119C000000000000000000000000000000000043
:1011AC000000000000000000000000000000000033
:1011BC000000000000000000000000000000000023
:1011CC000000000000000000C14200000000000010
:1011DC0000000000000000001938000000000000B2
:1011EC0000000000000000000000000000000000F3
:1011FC00DE0A010000000000CBCA00000000000065
:10120C00FD4C00000000000020EE00008C020020CD
:10121C008C020020000000000100000004EE000021
:10122C00FFFF0000FFFF00000090D003FF00000054
:10123C00FF0000001F0D010000000000C96A000043
:10124C000000000000000000000000000000000092
:10125C000000000000000000000000000000000082
:10126C0090020000E4020020E402002041EA0000A9
:10127C003DEA000000000000FD900000500300203B
:10128C004803002040030020000000003803002029
:10129C0065960000B1950000E59500002D960000C4
:1012AC002803002030030020441F00203A00003A9D
:1012BC00481F00203A00003A4C1F00203A00003A28
:1012CC00501F00203A00003A541F00203A00003A08
:1012DC00581F00203A00003A35030000CB000000F4
:1012EC0051000000701F0020200300202403002068
:1012FC00780300200C0300200403002000030020CE
:10130C00FC020020172F2F61636164656D792E6ECE
:0E131C006F7264696373656D692E636F6D0493
:10132A0000000000000000000000000000000000B3
:06133A00000000000000AD
:10134000000000000000000000000000000000009D
:10135000000000000000000000000000000000008D
:10136000000000000000000000000000000000007D
:08137000000000000000000075
:041378000000000071
:10137C000000000078430020441000000000000032
:04138C00000000005D
:1013900004040020040400200000000000000000FD
:1013A0000E000000180400201804002000000000B7
:1013B000000000000E0000002C0400202C0400207F
:1013C00000000000000000000E00000040040020AB
:1013D0004004002000000000000000000E0000009B
:1013E000540400205404002000000000000000000D
:1013F0000E000000680400206804002000000000C7
:10140000000000000E0000007C0400207C0400208E
:1014100000000000000000000E000000900400200A
:101420009004002000000000000000000E000000FA
:10143000A4040020A404002000000000010000001B
:101440000000000000000000BC040020BC040020DC
:10145000030003000000000000000000FCF3000097
:101460002C6000200000000000000000E0040020CC
:10147000E004002001000100000000000000000066
:1014800090F40000D861002000000000000000007F
:1014900004050020040500200A000A0004000000E2
:1014A00015330000E8F30000885E00200000000013
:1014B0000000000028050020280500200100010090
:1014C000000000000000000010F40000786100201F
:0414D00015E015E02E
:04000003000026597A
:00000001FF
